# Blender 3.6.4
# www.blender.org
mtllib C2_TheMightyCoops.mtl
o Door.006
v 2.170072 1.262997 -1.170950
v -2.191077 1.262997 -1.170954
v 2.170070 1.262989 1.161904
v -2.191078 1.262989 1.161900
v -0.743060 1.165771 -1.286429
v -0.743060 0.836928 -1.757498
v -0.743059 0.577091 -2.129717
v -0.743060 1.286724 -1.370863
v -0.743060 0.957882 -1.841932
v -0.743059 0.698044 -2.214152
v -0.257394 1.280880 -1.165698
v -0.257394 1.255866 -1.158061
v -0.157452 1.276269 -1.172304
v -0.743060 1.280892 -1.165639
v -0.743060 1.255728 -1.157956
v -1.228727 1.280880 -1.165699
v -1.328669 1.276269 -1.172305
v -1.228727 1.255866 -1.158062
v -1.329361 1.186480 -1.300886
v -1.228825 1.165954 -1.286557
v -0.257295 1.165954 -1.286556
v -0.156759 1.186480 -1.300885
v -1.329360 0.846951 -1.787263
v -1.228825 0.829164 -1.769012
v -0.257295 0.829164 -1.769011
v -0.156759 0.846951 -1.787262
v -1.231643 0.543991 -2.221255
v -1.153251 0.540078 -2.183128
v -0.332868 0.540078 -2.183127
v -0.254475 0.543991 -2.221254
v -0.743059 0.375521 -2.462589
v -0.743059 0.391072 -2.396580
v -0.257394 1.360375 -1.221192
v -0.157452 1.355764 -1.227798
v -0.257394 1.376167 -1.242041
v -0.743060 1.376314 -1.242134
v -0.743060 1.360427 -1.221160
v -1.228727 1.360375 -1.221192
v -1.228726 1.376167 -1.242042
v -1.328669 1.355764 -1.227799
v -1.228825 1.286541 -1.370736
v -1.329361 1.266015 -1.356407
v -0.156759 1.266015 -1.356407
v -0.257295 1.286541 -1.370735
v -1.228825 0.949750 -1.853190
v -1.329360 0.926487 -1.842784
v -0.156759 0.926486 -1.842783
v -0.257295 0.949750 -1.853190
v -1.153251 0.660665 -2.267307
v -1.231643 0.623526 -2.276777
v -0.254475 0.623527 -2.276776
v -0.332868 0.660665 -2.267306
v -0.743059 0.511659 -2.480759
v -0.743059 0.455056 -2.518111
v -0.743060 1.013559 -1.504473
v -0.743059 0.695024 -1.960777
v -0.743060 1.134512 -1.588908
v -0.743059 0.815977 -2.045212
v -0.170996 1.280281 -1.166611
v -0.257518 1.262619 -1.154282
v -0.170996 1.258627 -1.160001
v -1.228603 1.262619 -1.154283
v -1.315125 1.280281 -1.166612
v -1.315125 1.258627 -1.160002
v -0.257518 1.377387 -1.234398
v -0.170995 1.359725 -1.222069
v -0.170995 1.373394 -1.240118
v -1.315125 1.359725 -1.222070
v -1.228603 1.377387 -1.234399
v -1.315125 1.373394 -1.240118
v -0.464158 1.280891 -1.165646
v -0.743060 1.262566 -1.154212
v -0.464158 1.255745 -1.157969
v -1.021962 1.280891 -1.165646
v -1.021962 1.255745 -1.157969
v -1.315459 1.168795 -1.288540
v -1.228813 1.237780 -1.183703
v -1.329274 1.258291 -1.198021
v -0.170662 1.168795 -1.288539
v -0.156846 1.258291 -1.198020
v -0.257307 1.237780 -1.183703
v -1.315458 0.829645 -1.774375
v -1.228825 1.012749 -1.506025
v -1.329360 1.032932 -1.520844
v -0.170661 0.829645 -1.774374
v -0.156759 1.032932 -1.520843
v -0.257295 1.012749 -1.506024
v -1.220732 0.528656 -2.205543
v -1.219378 0.671682 -1.994606
v -1.317146 0.683627 -2.021225
v -0.265387 0.528656 -2.205542
v -0.168973 0.683627 -2.021224
v -0.266741 0.671682 -1.994605
v -0.743059 0.362931 -2.442945
v -0.987270 0.432719 -2.336920
v -1.023995 0.426768 -2.389178
v -0.462123 0.426768 -2.389178
v -0.498848 0.432719 -2.336920
v -0.464158 1.376296 -1.242122
v -0.743060 1.377471 -1.234425
v -0.464158 1.360421 -1.221164
v -1.021962 1.376296 -1.242123
v -1.021962 1.360421 -1.221164
v -1.315459 1.283700 -1.368753
v -1.329274 1.337821 -1.253540
v -1.228813 1.358331 -1.267857
v -0.170661 1.283700 -1.368752
v -0.257307 1.358331 -1.267857
v -0.156846 1.337821 -1.253539
v -1.315458 0.944550 -1.854587
v -1.329360 1.112467 -1.576365
v -1.228825 1.133335 -1.590204
v -0.170661 0.944550 -1.854586
v -0.257295 1.133335 -1.590203
v -0.156759 1.112467 -1.576365
v -1.220731 0.643562 -2.285756
v -1.317146 0.763163 -2.076746
v -1.219378 0.792268 -2.078784
v -0.265387 0.643562 -2.285755
v -0.266741 0.792268 -2.078784
v -0.168973 0.763163 -2.076746
v -0.743059 0.477836 -2.523159
v -1.023995 0.506303 -2.444700
v -0.987270 0.553306 -2.421099
v -0.498848 0.553306 -2.421099
v -0.462123 0.506303 -2.444700
v -0.156933 1.316020 -1.200046
v -0.257320 1.320652 -1.193411
v -1.228801 1.320652 -1.193411
v -1.329188 1.316020 -1.200047
v -0.743060 1.320691 -1.193355
v -0.743060 1.237602 -1.183578
v -0.464146 1.165794 -1.286445
v -0.156092 1.226247 -1.328646
v -1.021974 1.165794 -1.286445
v -1.330028 1.226247 -1.328646
v -1.021974 0.833977 -1.761775
v -1.330028 0.886701 -1.815050
v -0.464145 0.833977 -1.761775
v -0.156091 0.886701 -1.815049
v -0.986936 0.567200 -2.143935
v -1.232200 0.583622 -2.249212
v -0.499182 0.567200 -2.143934
v -0.253919 0.583622 -2.249211
v -0.743059 0.466925 -2.287579
v -0.743059 0.414996 -2.490769
v -0.743060 1.358510 -1.267981
v -0.464146 1.286701 -1.370847
v -1.021974 1.286701 -1.370848
v -1.021974 0.954884 -1.846178
v -0.464145 0.954884 -1.846177
v -0.986936 0.688107 -2.228337
v -0.499182 0.688107 -2.228337
v -0.743059 0.587832 -2.371982
v -1.329924 1.298056 -1.225780
v -0.156197 1.298056 -1.225779
v -1.330028 1.072697 -1.548608
v -0.156091 1.072697 -1.548607
v -1.317799 0.723335 -2.049072
v -0.168320 0.723335 -2.049072
v -1.024315 0.466297 -2.417281
v -0.461803 0.466297 -2.417280
v -1.021974 1.134117 -1.589425
v -1.021973 1.358488 -1.267965
v -0.464145 1.134117 -1.589424
v -1.017594 0.807651 -2.057090
v -0.468525 0.807651 -2.057090
v -0.923452 0.598400 -2.356819
v -0.562666 0.598400 -2.356819
v -0.464147 1.358488 -1.267965
v -0.923452 0.477516 -2.272432
v -1.017594 0.686743 -1.972688
v -1.021972 1.320686 -1.193363
v -0.464147 1.237625 -1.183593
v -0.562666 0.477516 -2.272432
v -0.468525 0.686743 -1.972687
v -0.464146 1.013210 -1.505022
v -1.021973 1.237625 -1.183594
v -1.021974 1.013210 -1.505022
v -0.177613 1.263665 -1.155663
v -1.308508 1.263665 -1.155664
v -0.177613 1.375730 -1.233892
v -1.308508 1.375730 -1.233893
v -0.464174 1.262572 -1.154221
v -1.021947 1.262572 -1.154221
v -1.315417 1.240611 -1.185681
v -0.170703 1.240611 -1.185680
v -1.315458 1.015294 -1.508430
v -0.170661 1.015294 -1.508430
v -1.303617 0.667136 -2.007171
v -0.182502 0.667136 -2.007170
v -1.018764 0.412870 -2.371408
v -0.467354 0.412870 -2.371408
v -0.464174 1.377460 -1.234421
v -1.021947 1.377460 -1.234422
v -1.315417 1.355499 -1.265882
v -0.170703 1.355499 -1.265881
v -1.315458 1.130200 -1.588643
v -0.170661 1.130200 -1.588642
v -1.303617 0.782041 -2.087383
v -0.182502 0.782041 -2.087382
v -1.018764 0.527775 -2.451621
v -0.467354 0.527775 -2.451620
v -0.170745 1.320014 -1.194324
v -1.315375 1.320014 -1.194324
v -0.464149 1.320686 -1.193362
v 2.724429 3.621809 -1.676650
v 2.726134 3.617821 -1.625747
v 2.756133 3.593320 -1.617953
v 2.430418 3.934544 -1.761474
v 2.731027 3.684551 -1.680410
v 2.763280 3.656127 -1.621801
v 2.735045 3.695253 -1.630574
v 2.438388 3.998995 -1.765938
v 2.476192 3.978593 -1.706354
v 2.404842 3.992754 -1.720458
v 1.990370 3.790139 -1.821115
v 1.954458 3.833559 -1.775799
v 2.035433 3.821755 -1.762454
v 1.574650 4.137077 -1.917981
v 1.983888 3.724382 -1.816043
v 1.945591 3.752076 -1.769089
v 2.026336 3.740625 -1.755913
v 1.568337 4.069494 -1.911948
v 1.609697 4.034141 -1.846560
v 1.524711 4.045508 -1.859298
v 1.056660 3.825657 -1.940107
v 1.007837 3.850941 -1.885997
v 1.104849 3.845207 -1.878920
v 0.535410 4.144308 -2.001812
v 1.060902 3.893884 -1.946300
v 1.013557 3.935504 -1.894252
v 1.111126 3.929617 -1.887103
v 0.537610 4.213431 -2.008545
v 0.589685 4.197932 -1.946662
v 0.487377 4.202675 -1.952452
v -0.010501 3.934156 -1.999578
v -0.061017 3.973052 -1.941972
v 0.039992 3.973052 -1.941972
v -0.558870 4.213419 -2.008531
v -0.010501 3.864893 -1.992847
v -0.060753 3.887258 -1.933010
v 0.039728 3.887258 -1.933010
v -0.556669 4.144296 -2.001798
v -0.505778 4.116759 -1.943164
v -0.607435 4.112206 -1.937511
v -1.077661 3.825658 -1.940108
v -1.125851 3.845207 -1.878922
v -1.028862 3.850940 -1.885997
v -1.589339 4.069494 -1.911950
v -1.081903 3.893885 -1.946302
v -1.132127 3.929617 -1.887105
v -1.034581 3.935503 -1.894252
v -1.595651 4.137077 -1.917984
v -1.554839 4.129547 -1.867596
v -1.639761 4.117716 -1.854569
v -2.011372 3.790139 -1.821118
v -2.056435 3.821755 -1.762457
v -1.975460 3.833560 -1.775803
v -2.459390 3.998997 -1.765942
v -2.004890 3.724382 -1.816047
v -2.047338 3.740626 -1.755916
v -1.966593 3.752077 -1.769092
v -2.451421 3.934544 -1.761478
v -2.414529 3.912836 -1.714465
v -2.485981 3.899048 -1.700537
v -2.745431 3.621809 -1.676654
v -2.747137 3.617822 -1.625751
v -2.777136 3.593321 -1.617958
v -2.752029 3.684551 -1.680414
v -2.756048 3.695254 -1.630578
v -2.784284 3.656127 -1.621805
v -2.820287 3.687745 -1.131263
v -2.792701 3.727931 -1.138108
v -2.854813 3.713072 -0.574738
v -2.808763 3.623099 -1.127022
v -2.778149 3.648169 -1.132743
v -2.840625 3.647226 -0.572032
v -2.852316 3.655473 -0.004519
v -2.809942 3.672760 -0.575046
v -2.821625 3.681153 -0.004519
v -2.566442 3.971644 -0.609061
v -2.493107 3.986793 -0.614409
v -2.526270 3.939517 -1.193353
v -2.580459 3.982219 -0.004517
v -2.506917 3.997551 -0.004517
v -2.566443 3.971640 0.600026
v -2.493108 3.986788 0.605374
v -2.526272 3.939508 1.184317
v -2.809943 3.672756 0.566008
v -2.840626 3.647223 0.562995
v -2.778151 3.648160 1.123706
v -2.808764 3.623091 1.117984
v -2.747139 3.617810 1.616714
v -2.745434 3.621797 1.667617
v -2.777138 3.593309 1.608920
v -2.485983 3.899035 1.691501
v -2.451423 3.934531 1.752443
v -2.414531 3.912824 1.705430
v -2.047341 3.740613 1.746880
v -2.453607 3.954043 1.194475
v -2.060467 3.773828 1.213721
v -1.979334 3.785599 1.222813
v -2.081447 3.801811 0.611853
v -1.999497 3.813941 0.616527
v -2.089988 3.811561 -0.004518
v -2.007744 3.823837 -0.004518
v -2.081446 3.801816 -0.620889
v -1.999496 3.813946 -0.625562
v -2.060466 3.773837 -1.222757
v -1.979332 3.785608 -1.231849
v -2.453605 3.954052 -1.203510
v -1.660617 4.081261 -1.299488
v -1.573024 4.092762 -1.308485
v -1.691532 4.119753 -0.665587
v -1.630698 4.034141 -1.846563
v -1.545713 4.045508 -1.859301
v -1.602783 4.131780 -0.670402
v -1.702595 4.132592 -0.004516
v -1.613486 4.144823 -0.004516
v -1.691533 4.119749 0.656555
v -1.602784 4.131775 0.661370
v -1.660620 4.081252 1.290455
v -1.573027 4.092753 1.299452
v -1.630701 4.034128 1.837530
v -1.589343 4.069480 1.902918
v -1.545716 4.045495 1.850268
v -1.966596 3.752064 1.760056
v -2.004893 3.724370 1.807011
v -2.011374 3.790126 1.812083
v -1.975463 3.833547 1.766768
v -2.056437 3.821743 1.753422
v -1.595655 4.137064 1.908951
v -2.459393 3.998983 1.756908
v -2.497198 3.978581 1.697324
v -2.425847 3.992742 1.711427
v -2.752032 3.684539 1.671377
v -2.784286 3.656116 1.612768
v -2.756051 3.695242 1.621541
v -2.792703 3.727924 1.129071
v -2.820289 3.687737 1.122225
v -2.827934 3.754051 0.569449
v -2.547565 4.022908 1.192219
v -2.475271 4.038002 1.202681
v -2.593491 4.057477 0.605451
v -2.520761 4.073316 0.611040
v -2.609019 4.068655 -0.004517
v -2.536154 4.084727 -0.004517
v -2.593490 4.057481 -0.614485
v -2.840621 3.762909 -0.004518
v -2.867266 3.721673 -0.004519
v -2.827932 3.754055 -0.578486
v -2.854814 3.713068 0.565701
v -2.520760 4.073320 -0.620073
v -2.547564 4.022916 -1.201253
v -2.475269 4.038010 -1.211716
v -2.497195 3.978593 -1.706358
v -2.425845 3.992754 -1.720462
v -2.077284 3.858539 -1.230782
v -1.995879 3.870775 -1.240155
v -2.103000 3.888839 -0.626233
v -2.020778 3.901515 -0.631109
v -2.112947 3.899275 -0.004517
v -2.030417 3.912105 -0.004517
v -2.103001 3.888835 0.617199
v -2.020779 3.901511 0.622074
v -2.077286 3.858531 1.221748
v -1.995880 3.870767 1.231119
v -1.679478 4.170418 1.302365
v -1.592034 4.182595 1.311829
v -1.716307 4.212460 0.664935
v -1.639764 4.117703 1.845536
v -1.554842 4.129534 1.858563
v -1.132131 3.929604 1.878072
v -1.034584 3.935490 1.885219
v -1.081906 3.893871 1.937269
v -1.137735 3.968419 1.308509
v -1.040769 3.975187 1.314116
v -1.152581 4.002726 0.662435
v -1.054430 4.009825 0.665407
v -1.158710 4.014754 -0.004516
v -1.627648 4.225252 0.670070
v -1.639940 4.239209 -0.004516
v -1.728966 4.226184 -0.004516
v -1.627647 4.225256 -0.679102
v -1.716306 4.212465 -0.673967
v -1.592032 4.182605 -1.320861
v -1.152580 4.002731 -0.671467
v -1.054429 4.009830 -0.674439
v -1.137733 3.968428 -1.317541
v -1.040767 3.975196 -1.323149
v -0.627686 4.256884 -1.381451
v -0.522713 4.261781 -1.385680
v -0.642784 4.304166 -0.712403
v -0.610920 4.197922 -1.946651
v -0.508613 4.202664 -1.952440
v -0.535264 4.309396 -0.714754
v -0.647996 4.319856 -0.004515
v -0.539572 4.325233 -0.004515
v -0.642786 4.304161 0.703373
v -1.060053 4.021959 -0.004516
v -0.535265 4.309391 0.705724
v -0.627689 4.256875 1.372420
v -0.522716 4.261771 1.376651
v -0.610923 4.197907 1.937620
v -0.508616 4.202651 1.943410
v -0.558873 4.213406 1.999501
v -0.010504 3.934142 1.990546
v -0.556672 4.144283 1.992768
v -0.607439 4.112191 1.928480
v -0.505781 4.116745 1.934134
v -1.077664 3.825644 1.931075
v -0.010504 3.864879 1.983815
v 0.039725 3.887245 1.923978
v -0.060756 3.887245 1.923978
v 0.535407 4.144294 1.992783
v 0.484540 4.116756 1.934147
v 0.586198 4.112202 1.928494
v 1.056657 3.825644 1.931077
v 0.537607 4.213417 1.999517
v 0.487375 4.202662 1.943423
v 0.589682 4.197918 1.937634
v 1.060899 3.893871 1.937270
v 1.111123 3.929604 1.878073
v 1.013554 3.935491 1.885222
v 1.574647 4.137064 1.908953
v 1.533835 4.129533 1.858566
v 1.618756 4.117703 1.845539
v 1.990367 3.790126 1.812086
v 1.568335 4.069480 1.902920
v 1.524708 4.045495 1.850270
v 1.609694 4.034128 1.837532
v 1.983885 3.724370 1.807014
v 2.026334 3.740613 1.746884
v 1.945588 3.752064 1.760059
v 2.430417 3.934531 1.752446
v 2.393524 3.912824 1.705432
v 2.464977 3.899035 1.691505
v 2.724426 3.621797 1.667620
v 2.438385 3.998983 1.756911
v 2.404840 3.992742 1.711431
v 2.476191 3.978580 1.697327
v 2.731024 3.684539 1.671381
v 2.735043 3.695242 1.621545
v 2.763278 3.656116 1.612772
v 2.799283 3.687737 1.122229
v 2.756131 3.593308 1.608924
v 2.726131 3.617810 1.616717
v 2.787758 3.623091 1.117988
v 2.757144 3.648160 1.123709
v 2.819620 3.647223 0.562999
v 2.831312 3.655472 -0.004515
v 2.788937 3.672755 0.566013
v 2.833808 3.713068 0.565705
v 2.806928 3.754050 0.569454
v 2.846262 3.721673 -0.004515
v 2.819616 3.762909 -0.004514
v 2.833809 3.713072 -0.574734
v 2.806929 3.754054 -0.578482
v 2.799284 3.687745 -1.131258
v 2.819621 3.647226 -0.572028
v 2.787760 3.623099 -1.127017
v 2.788939 3.672760 -0.575042
v 2.757145 3.648167 -1.132739
v 2.800620 3.681152 -0.004515
v 2.545438 3.971643 -0.609056
v 2.505267 3.939516 -1.193349
v 2.472103 3.986792 -0.614405
v 2.559454 3.982219 -0.004514
v 2.485912 3.997551 -0.004514
v 2.545437 3.971639 0.600030
v 2.472102 3.986788 0.605378
v 2.505265 3.939508 1.184321
v 2.432600 3.954043 1.194478
v 2.039461 3.773828 1.213724
v 1.958328 3.785599 1.222816
v 2.060441 3.801811 0.611856
v 1.978491 3.813941 0.616529
v 2.068984 3.811561 -0.004515
v 1.986739 3.823837 -0.004515
v 2.060442 3.801816 -0.620886
v 1.978492 3.813946 -0.625559
v 2.039463 3.773836 -1.222754
v 1.958329 3.785608 -1.231846
v 2.432601 3.954051 -1.203506
v 2.393527 3.912836 -1.714461
v 2.464979 3.899047 -1.700533
v 1.639615 4.081260 -1.299485
v 1.552022 4.092762 -1.308482
v 1.670528 4.119753 -0.665585
v 1.581779 4.131780 -0.670400
v 1.681589 4.132591 -0.004514
v 1.592482 4.144823 -0.004514
v 1.670527 4.119749 0.656557
v 1.581778 4.131775 0.661372
v 1.639613 4.081252 1.290457
v 1.552020 4.092753 1.299454
v 1.104401 3.879322 1.297823
v 1.008464 3.885899 1.303312
v 1.104846 3.845193 1.869890
v 1.115557 3.910562 0.655172
v 1.018716 3.917418 0.658046
v 1.120581 3.921669 -0.004515
v 1.023326 3.928635 -0.004515
v 1.115558 3.910566 -0.664203
v 1.018717 3.917423 -0.667076
v 1.104403 3.879331 -1.306853
v 1.008466 3.885907 -1.312343
v 0.598974 4.164722 -1.367318
v 0.495356 4.169300 -1.371269
v 0.611518 4.207757 -0.702248
v 0.586201 4.112216 -1.937522
v 0.484543 4.116769 -1.943176
v 0.505800 4.212602 -0.704402
v 0.616028 4.222327 -0.004514
v 0.509530 4.227280 -0.004514
v 0.611516 4.207752 0.693220
v 0.505799 4.212598 0.695374
v 0.598972 4.164712 1.358289
v 0.495354 4.169290 1.362240
v 0.040060 3.921428 1.333975
v -0.061090 3.921428 1.333975
v 0.040608 3.954245 0.673914
v -0.061637 3.954245 0.673914
v 0.040837 3.966082 -0.004516
v -0.061865 3.966082 -0.004516
v 0.040609 3.954250 -0.682945
v -0.061636 3.954250 -0.682945
v 0.040062 3.921438 -1.343007
v -0.061088 3.921438 -1.343007
v -0.516596 4.169290 -1.371261
v -0.620213 4.164712 -1.367309
v -0.527045 4.212592 -0.704398
v -0.632763 4.207746 -0.702244
v -0.530778 4.227269 -0.004515
v -0.637276 4.222315 -0.004515
v -0.527047 4.212586 0.695368
v -0.632764 4.207741 0.693213
v -0.516598 4.169279 1.362230
v -0.620215 4.164702 1.358278
v -1.029493 3.885896 1.303309
v -1.125407 3.879322 1.297821
v -1.028864 3.850926 1.876963
v -1.039744 3.917417 0.658044
v -1.136562 3.910563 0.655171
v -1.044353 3.928634 -0.004517
v -1.141585 3.921670 -0.004517
v -1.039743 3.917421 -0.667077
v -1.136562 3.910567 -0.664204
v -1.029491 3.885906 -1.312343
v -1.125405 3.879331 -1.306855
v -1.125854 3.845194 1.869888
v 1.007834 3.850927 1.876966
v 2.771698 3.727931 -1.138103
v 2.526561 4.022916 -1.201249
v 2.572486 4.057481 -0.614481
v 2.454267 4.038009 -1.211712
v 2.499756 4.073320 -0.620070
v 2.056282 3.858539 -1.230779
v 1.974876 3.870775 -1.240151
v 2.081996 3.888840 -0.626230
v 2.091942 3.899275 -0.004514
v 1.999775 3.901514 -0.631106
v 2.009413 3.912104 -0.004514
v 1.695302 4.212464 -0.673965
v 1.606644 4.225255 -0.679099
v 1.658473 4.170427 -1.311395
v 1.707961 4.226183 -0.004514
v 1.618935 4.239209 -0.004514
v 1.695301 4.212459 0.664937
v 1.606643 4.225252 0.670072
v 1.658471 4.170418 1.302367
v 1.999774 3.901511 0.622077
v 2.081996 3.888835 0.617202
v 1.974874 3.870766 1.231122
v 2.056280 3.858531 1.221750
v 1.954455 3.833547 1.766770
v 2.035431 3.821743 1.753425
v 2.454265 4.038001 1.202685
v 2.526559 4.022907 1.192222
v 2.499755 4.073316 0.611043
v 2.572485 4.057477 0.605454
v 2.515149 4.084726 -0.004513
v 2.588014 4.068655 -0.004513
v 2.771697 3.727923 1.129075
v 1.571028 4.182596 1.311831
v 1.116729 3.968419 1.308510
v 1.019740 3.975188 1.314119
v 1.131576 4.002726 0.662437
v 1.033402 4.009826 0.665409
v 1.137706 4.014753 -0.004515
v 1.039026 4.021961 -0.004515
v 1.131577 4.002731 -0.671465
v 1.033403 4.009831 -0.674438
v 1.116731 3.968428 -1.317539
v 1.019742 3.975198 -1.323149
v 1.571030 4.182605 -1.320859
v 1.533837 4.129546 -1.867593
v 1.618760 4.117716 -1.854566
v 0.606444 4.256896 -1.381459
v 0.621535 4.304178 -0.712408
v 0.501471 4.261791 -1.385689
v 0.514014 4.309408 -0.714758
v 0.040596 4.012436 -1.355050
v -0.061622 4.012436 -1.355050
v 0.041313 4.048688 -0.691207
v 0.041592 4.061572 -0.004515
v -0.062341 4.048688 -0.691207
v -0.062621 4.061572 -0.004515
v -0.062342 4.048683 0.682176
v 0.041312 4.048683 0.682176
v -0.061624 4.012426 1.346019
v 0.040594 4.012426 1.346019
v -0.061020 3.973038 1.932941
v 0.039989 3.973038 1.932941
v 0.501469 4.261782 1.376660
v 0.606442 4.256886 1.372431
v 0.514013 4.309402 0.705730
v 0.621534 4.304173 0.703380
v 0.518320 4.325246 -0.004514
v 0.626743 4.319868 -0.004514
v -1.679476 4.170428 -1.311397
v -0.137116 1.385124 -1.029178
v -0.137312 1.413773 -1.007068
v -0.137333 1.376810 -1.086957
v -0.138369 1.373932 -1.146716
v -0.137639 1.410415 -1.087422
v -0.138631 1.514821 -1.097746
v -0.138699 1.408213 -1.150500
v -0.139729 1.512758 -1.162201
v -0.141145 1.407210 -1.181095
v -0.140804 1.372932 -1.177193
v -0.145399 1.406873 -1.190793
v -0.142207 1.511756 -1.193159
v -0.146499 1.511416 -1.202971
v -0.144513 1.732295 -1.219166
v -0.141969 1.733303 -1.187425
v -0.148888 1.731906 -1.229217
v -0.147588 2.011447 -1.253025
v -0.152066 2.010707 -1.263349
v -0.144963 2.012599 -1.220290
v -0.164261 2.277598 -1.285435
v -0.161601 2.279192 -1.251809
v -0.168744 2.275965 -1.295945
v -0.264522 2.519835 -1.313578
v -0.268427 2.516915 -1.324185
v -0.262074 2.522110 -1.279247
v -0.508209 2.724050 -1.332986
v -0.506413 2.727099 -1.298264
v -0.510488 2.719780 -1.343590
v -0.834557 2.805409 -1.331918
v -0.833685 2.808815 -1.297275
v -0.834567 2.800544 -1.342514
v -1.139961 2.700185 -1.305549
v -1.137921 2.696132 -1.316130
v -1.341888 2.482840 -1.269295
v -1.139974 2.703125 -1.271512
v -1.342612 2.485001 -1.236138
v -1.137646 2.705634 -1.200407
v -1.340500 2.487255 -1.167126
v -1.134107 2.707959 -1.107264
v -0.831562 2.811521 -1.224700
v -0.828794 2.813906 -1.129583
v -0.504653 2.729624 -1.225509
v -0.502913 2.731915 -1.130159
v -0.260599 2.524306 -1.207453
v -0.259633 2.526495 -1.113404
v -0.160279 2.281205 -1.181628
v -0.159658 2.283468 -1.089718
v -0.143720 2.014565 -1.152077
v -0.143202 2.016982 -1.062756
v -0.140804 1.735325 -1.121330
v -0.140360 1.737899 -1.034774
v -0.138257 1.517458 -1.013323
v -1.336911 2.489594 -1.076775
v -1.401455 2.246366 -1.050692
v -1.388107 1.988351 -1.027530
v -1.404474 2.241868 -1.137991
v -1.389140 1.969489 -1.108541
v -1.406322 2.240590 -1.205433
v -1.391210 1.973881 -1.176233
v -1.405307 2.239787 -1.238007
v -1.401488 2.238527 -1.248439
v -1.390566 1.978277 -1.209634
v -1.386829 1.978543 -1.220108
v -1.363221 1.704177 -1.181098
v -1.359594 1.705708 -1.191569
v -1.342968 1.489052 -1.160041
v -1.363409 1.692955 -1.146745
v -1.344114 1.484566 -1.130331
v -1.358197 1.652270 -1.070473
v -1.341945 1.466702 -1.073015
v -1.341078 1.482267 -1.012273
v -1.362424 1.722948 -1.004766
v -1.341097 1.517400 -0.987786
v -1.323789 1.426817 -0.980788
v -1.331612 1.420943 -0.985136
v -1.328095 1.398995 -0.985088
v -1.334213 1.422350 -0.992395
v -1.326166 1.412992 -0.981825
v -1.320634 1.399826 -0.981577
v -1.317316 1.381224 -0.980557
v -1.325750 1.380733 -0.984479
v -1.315372 1.359471 -0.978904
v -1.169030 1.363589 -0.984018
v -1.160544 1.363686 -0.988581
v -1.170504 1.385434 -0.985753
v -1.162044 1.385392 -0.990264
v -1.167266 1.448403 -0.989513
v -1.162629 1.403752 -0.990987
v -1.162606 1.425830 -0.991217
v -1.161677 1.446789 -1.005244
v -1.181956 1.727318 -1.012116
v -1.202831 1.978399 -1.034567
v -1.182347 1.706276 -1.084440
v -1.184544 1.697297 -1.155250
v -1.204349 1.959506 -1.116212
v -1.163724 1.472141 -1.080290
v -1.167330 1.490062 -1.138097
v -1.161253 1.448890 -1.023647
v -1.157485 1.391604 -1.078215
v -1.159475 1.392358 -1.130701
v -1.156749 1.387677 -1.026116
v -1.155131 1.361022 -1.076165
v -1.154885 1.362679 -1.024481
v -1.156860 1.359329 -1.127798
v -1.159651 1.358409 -1.154392
v -1.163891 1.358021 -1.163274
v -1.162354 1.392098 -1.157731
v -1.166624 1.391799 -1.166694
v -1.170737 1.494443 -1.167879
v -1.175119 1.494796 -1.177279
v -1.188894 1.708495 -1.189744
v -1.193499 1.709851 -1.199924
v -1.212251 1.968771 -1.217950
v -1.216943 1.969509 -1.228144
v -1.208205 1.964067 -1.184443
v -1.224259 2.193392 -1.243068
v -1.220502 2.192953 -1.210431
v -1.228987 2.194331 -1.253338
v -1.178087 2.380954 -1.266896
v -1.182363 2.383097 -1.277512
v -1.174594 2.380450 -1.233726
v -1.034495 2.537643 -1.292307
v -1.031801 2.536310 -1.258268
v -1.037394 2.541218 -1.303411
v -0.821171 2.610916 -1.309864
v -0.821821 2.615208 -1.321311
v -0.819932 2.609186 -1.275237
v -0.595385 2.553056 -1.310656
v -0.593615 2.556802 -1.322121
v -0.424702 2.405491 -1.297010
v -0.595745 2.551627 -1.275982
v -0.426248 2.404806 -1.262751
v -0.594575 2.552465 -1.204339
v -0.425935 2.405948 -1.191870
v -0.592604 2.554533 -1.110696
v -0.817652 2.609919 -1.203693
v -0.814832 2.611985 -1.110176
v -1.028559 2.537188 -1.187767
v -1.025043 2.539265 -1.095566
v -1.170991 2.381698 -1.164784
v -1.167341 2.383900 -1.074552
v -1.216859 2.193740 -1.142653
v -1.213579 2.198156 -1.054885
v -0.424643 2.408085 -1.099198
v -0.353114 2.223120 -1.081755
v -0.337748 1.997041 -1.059047
v -0.354083 2.220848 -1.172820
v -0.354015 2.219343 -1.242431
v -0.338563 1.994596 -1.147928
v -0.338366 1.992780 -1.215838
v -0.331818 1.731747 -1.119232
v -0.331501 1.729734 -1.185153
v -0.326539 1.513729 -1.096104
v -0.331176 1.734349 -1.032923
v -0.326058 1.516387 -1.011880
v -0.323736 1.412799 -1.005705
v -0.323257 1.384170 -1.027784
v -0.324105 1.409423 -1.085878
v -0.323612 1.407215 -1.148826
v -0.323355 1.375849 -1.085438
v -0.322809 1.372968 -1.145077
v -0.320637 1.371986 -1.175530
v -0.316479 1.371691 -1.185250
v -0.321444 1.406231 -1.179395
v -0.317278 1.405937 -1.189153
v -0.323954 1.510675 -1.191350
v -0.326110 1.511659 -1.160419
v -0.319763 1.510383 -1.201225
v -0.329366 1.728804 -1.216861
v -0.325122 1.728576 -1.226992
v -0.336249 1.992115 -1.248526
v -0.331942 1.992276 -1.259013
v -0.351977 2.219245 -1.275990
v -0.347724 2.220338 -1.286850
v -0.421161 2.407929 -1.308253
v -0.338569 2.223087 -1.292144
v -0.311362 2.231504 -1.296239
v -0.322705 1.993095 -1.263945
v -0.413436 2.413484 -1.314044
v -0.390398 2.430181 -1.319404
v -0.589487 2.565100 -1.328192
v -0.576992 2.589895 -1.334254
v -0.822629 2.624655 -1.327371
v -0.824647 2.652835 -1.333412
v -1.042806 2.549155 -1.309002
v -1.190652 2.388041 -1.282454
v -1.058372 2.572866 -1.313815
v -1.214701 2.402921 -1.285599
v -1.088177 2.618728 -1.318570
v -1.261233 2.431788 -1.287337
v -1.117705 2.664421 -1.321328
v -0.828417 2.707517 -1.340646
v -0.832132 2.762242 -1.346057
v -0.552533 2.638042 -1.341541
v -0.527823 2.686265 -1.347027
v -0.345417 2.462461 -1.325147
v -0.300017 2.494558 -1.328797
v -0.258511 2.247925 -1.299826
v -0.205503 2.264400 -1.301656
v -0.242130 2.001259 -1.269397
v -0.295294 1.995834 -1.267246
v -0.188908 2.006735 -1.269830
v -0.237064 1.729997 -1.236077
v -0.289170 1.729038 -1.234579
v -0.184942 1.731008 -1.235906
v -0.233172 1.510650 -1.209875
v -0.284401 1.510370 -1.208540
v -0.181934 1.510982 -1.209582
v -0.231374 1.406155 -1.197659
v -0.282193 1.405904 -1.196365
v -0.180547 1.406458 -1.197343
v -0.230796 1.371894 -1.193709
v -0.180102 1.372188 -1.193386
v -0.281483 1.371653 -1.192429
v -0.307643 1.371595 -1.189724
v -0.308420 1.405841 -1.193645
v -0.310838 1.510292 -1.205775
v -0.316053 1.728607 -1.231678
v -0.153920 1.372407 -1.191171
v -0.145046 1.372596 -1.186855
v -0.154297 1.406681 -1.195124
v -0.155471 1.511219 -1.207349
v -0.158018 1.731595 -1.233684
v -0.161400 2.009624 -1.267852
v -0.178065 2.272967 -1.300337
v -0.276457 2.511190 -1.328368
v -0.514938 2.711230 -1.347517
v -0.834035 2.790756 -1.346466
v -1.132920 2.688043 -1.320435
v -1.330752 2.475143 -1.284555
v -1.338534 2.480216 -1.279822
v -1.307311 2.460435 -1.287066
v -1.392771 2.236141 -1.253375
v -1.366602 2.229393 -1.256806
v -1.378223 1.977953 -1.225076
v -1.352434 1.976532 -1.228889
v -1.351153 1.705789 -1.196428
v -1.325926 1.706364 -1.200208
v -1.330843 1.489773 -1.174438
v -1.339212 1.489641 -1.169714
v -1.305905 1.490497 -1.178043
v -1.321545 1.387228 -1.164257
v -1.296718 1.387879 -1.167765
v -1.318554 1.353595 -1.160970
v -1.329887 1.387120 -1.159602
v -1.326887 1.353495 -1.156337
v -1.333719 1.387200 -1.150381
v -1.330732 1.353673 -1.147198
v -1.335405 1.387338 -1.123381
v -1.332508 1.354469 -1.120631
v -1.334968 1.386547 -1.071255
v -1.332349 1.356111 -1.069336
v -1.332826 1.382678 -1.019630
v -1.336416 1.423908 -1.019368
v -1.330728 1.357794 -1.018098
v -1.329891 1.380713 -0.993240
v -1.328020 1.358718 -0.991704
v -1.331995 1.401696 -0.993317
v -1.323853 1.359123 -0.982882
v -1.293768 1.354222 -1.164445
v -1.245695 1.355562 -1.167329
v -1.197597 1.356952 -1.168650
v -1.248573 1.389264 -1.170697
v -1.200398 1.390700 -1.172063
v -1.257524 1.492026 -1.181129
v -1.209103 1.493606 -1.182628
v -1.276971 1.707601 -1.203552
v -1.227973 1.708887 -1.205277
v -1.302369 1.973890 -1.232173
v -1.252270 1.971281 -1.233782
v -1.315818 2.216402 -1.259222
v -1.265051 2.203406 -1.259892
v -1.238238 2.196558 -1.257839
v -1.226049 1.969901 -1.232369
v -1.202362 1.709542 -1.204000
v -1.183833 1.494426 -1.181292
v -1.175274 1.391451 -1.170684
v -1.172519 1.357680 -1.167256
v -1.156651 1.363490 -0.997737
v -1.158245 1.385585 -0.999360
v 2.108919 1.345296 -1.076919
v 2.153409 1.714557 -1.103454
v 1.433742 1.371530 -1.110725
v 0.724065 1.388980 -1.136347
v 1.471057 1.750581 -1.146007
v 1.512728 2.137431 -1.183818
v 0.745763 1.774851 -1.178050
v -0.010502 1.783462 -1.190318
v 0.769959 2.169414 -1.222448
v -0.010502 2.180806 -1.237228
v 0.796296 2.572304 -1.267783
v -0.010502 2.586841 -1.285088
v 1.557967 2.531649 -1.222586
v 0.825005 2.983341 -1.312675
v -0.010502 3.001454 -1.332486
v 1.606837 2.932876 -1.261025
v 0.857452 3.402626 -1.357212
v -0.010502 3.424949 -1.379687
v 0.896735 3.830925 -1.405073
v 1.661019 3.340916 -1.298991
v 2.375720 3.252215 -1.221433
v 1.724617 3.756155 -1.339258
v 2.445077 3.649042 -1.251584
v 2.314671 2.860002 -1.192221
v 2.257507 2.472534 -1.162381
v 2.203458 2.090496 -1.132391
v -0.010502 3.858696 -1.431211
v -0.917740 3.830925 -1.405074
v -1.745622 3.756155 -1.339260
v -0.878457 3.402626 -1.357213
v -1.682023 3.340916 -1.298993
v -0.846010 2.983341 -1.312676
v -1.627842 2.932876 -1.261028
v -0.831524 2.780020 -1.290735
v -0.669698 2.761437 -1.294205
v -0.831524 2.780020 -1.290735
v -0.987440 2.749112 -1.280594
v -1.127609 2.678335 -1.266061
v -1.242095 2.580051 -1.249059
v -1.262825 2.551971 -1.244893
v -1.578972 2.531648 -1.222588
v -1.324018 2.467621 -1.232101
v -1.369225 2.350953 -1.216582
v -1.385710 2.229373 -1.202410
v -1.383984 2.145559 -1.193434
v -1.533733 2.137431 -1.183820
v -1.383020 2.100037 -1.188569
v -1.350302 1.756558 -1.153709
v -1.492062 1.750581 -1.146010
v -1.315400 1.375837 -1.116877
v -1.454747 1.371530 -1.110727
v -2.129924 1.345296 -1.076923
v -2.174414 1.714557 -1.103458
v -2.224463 2.090496 -1.132394
v -2.278512 2.472533 -1.162385
v -2.335675 2.860001 -1.192224
v -2.396724 3.252215 -1.221437
v -2.466082 3.649042 -1.251588
v -0.515737 2.701192 -1.291622
v -0.382076 2.611152 -1.284476
v -0.356441 2.584239 -1.281850
v -0.279658 2.503133 -1.273400
v -0.215533 2.388045 -1.260676
v -0.182161 2.265642 -1.246640
v -0.173534 2.180363 -1.236626
v -0.168891 2.134025 -1.231183
v -0.162846 1.783167 -1.189878
v -0.158349 1.394937 -1.145841
v -0.010503 1.395147 -1.146194
v 2.108919 1.345296 -1.076919
v 2.153409 1.714557 -1.103454
v 2.109129 1.353924 -0.721412
v 2.151351 1.723985 -0.738676
v 2.109770 1.358588 -0.363492
v 2.151250 1.729294 -0.372039
v 2.110052 1.360058 -0.004523
v 2.151364 1.730996 -0.004522
v 2.109770 1.358585 0.354445
v 2.151250 1.729291 0.362995
v 2.109128 1.353919 0.712366
v 2.151350 1.723980 0.729632
v 2.108918 1.345289 1.067873
v 2.153408 1.714549 1.094411
v 1.433740 1.371522 1.101678
v 1.471055 1.750573 1.136963
v 0.724064 1.388972 1.127298
v 0.745761 1.774843 1.169004
v -0.010504 1.395139 1.137145
v -0.010504 1.783453 1.181271
v -0.745072 1.388972 1.127297
v -0.766769 1.774843 1.169003
v -1.454748 1.371522 1.101676
v -1.492064 1.750573 1.136961
v -2.129925 1.345289 1.067870
v -2.174416 1.714549 1.094407
v -2.130136 1.353919 0.712362
v -2.172358 1.723980 0.729629
v -2.130777 1.358585 0.354442
v -2.172257 1.729291 0.362992
v -2.131059 1.360058 -0.004526
v -2.172370 1.730996 -0.004525
v -2.130776 1.358588 -0.363495
v -2.172256 1.729294 -0.372042
v -2.130135 1.353924 -0.721415
v -2.172357 1.723985 -0.738680
v -2.129924 1.345296 -1.076923
v -2.174414 1.714557 -1.103458
v -2.224463 2.090496 -1.132394
v -2.278512 2.472533 -1.162385
v -2.220525 2.100351 -0.757526
v -2.220005 2.106163 -0.381387
v -2.273970 2.482852 -0.777287
v -2.273826 2.489288 -0.391264
v -2.333178 2.871591 -0.797551
v -2.335675 2.860001 -1.192224
v -2.334934 2.879161 -0.401587
v -2.400904 3.266821 -0.818698
v -2.396724 3.252215 -1.221437
v -2.407046 3.276524 -0.412744
v -2.483476 3.669362 -0.842597
v -2.466082 3.649042 -1.251588
v -2.497307 3.682576 -0.425903
v -2.502242 3.687026 -0.004518
v -2.497307 3.682572 0.416866
v -2.409503 3.279827 -0.004520
v -2.407046 3.276521 0.403704
v -2.335914 2.881730 -0.004521
v -2.334934 2.879158 0.392545
v -2.274105 2.491438 -0.004523
v -2.273827 2.489286 0.382219
v -2.220070 2.108064 -0.004524
v -2.220006 2.106160 0.372339
v -2.220525 2.100346 0.748479
v -2.224464 2.090488 1.123347
v -2.273971 2.482846 0.768242
v -2.278514 2.472525 1.153340
v -2.333179 2.871585 0.788508
v -2.335677 2.859993 1.183181
v -2.400905 3.266815 0.809659
v -2.396726 3.252206 1.212397
v -2.483478 3.669356 0.833561
v -2.466084 3.649034 1.242551
v -1.745624 3.756145 1.330225
v -0.917742 3.830915 1.396041
v -1.682025 3.340906 1.289955
v -0.878459 3.402616 1.348177
v -1.627844 2.932867 1.251987
v -0.846012 2.983332 1.303637
v -1.578974 2.531639 1.213545
v -0.817303 2.572295 1.258742
v -1.533735 2.137423 1.174774
v -0.790966 2.169405 1.213405
v -0.010504 2.180797 1.228184
v 0.769957 2.169405 1.213406
v -0.010504 2.586831 1.276047
v 0.796294 2.572295 1.258743
v -0.010504 3.001444 1.323448
v 0.825003 2.983332 1.303638
v -0.010504 3.424939 1.370653
v 0.857450 3.402616 1.348178
v -0.010504 3.858685 1.422179
v 0.896733 3.830915 1.396042
v 1.724615 3.756145 1.330227
v 2.445075 3.649034 1.242554
v 1.661017 3.340906 1.289958
v 2.375718 3.252206 1.212400
v 1.606835 2.932867 1.251990
v 2.314669 2.859993 1.183185
v 1.557965 2.531639 1.213547
v 2.257506 2.472525 1.153343
v 1.512726 2.137423 1.174776
v 2.203456 2.090488 1.123350
v 2.199518 2.100346 0.748482
v 2.198998 2.106160 0.372342
v 2.252964 2.482847 0.768245
v 2.252820 2.489286 0.382222
v 2.312171 2.871585 0.788512
v 2.313927 2.879159 0.392548
v 2.379898 3.266815 0.809662
v 2.386040 3.276520 0.403708
v 2.462470 3.669356 0.833565
v 2.476300 3.682572 0.416870
v 2.481235 3.687026 -0.004515
v 2.476301 3.682576 -0.425899
v 2.388496 3.279827 -0.004516
v 2.386040 3.276523 -0.412740
v 2.314907 2.881731 -0.004518
v 2.313928 2.879162 -0.401584
v 2.253098 2.491438 -0.004519
v 2.252820 2.489289 -0.391261
v 2.199063 2.108064 -0.004521
v 2.198999 2.106163 -0.381384
v 2.199519 2.100351 -0.757523
v 2.203458 2.090496 -1.132391
v 2.252964 2.482852 -0.777284
v 2.257507 2.472534 -1.162381
v 2.312172 2.871591 -0.797547
v 2.314671 2.860002 -1.192221
v 2.379899 3.266821 -0.818695
v 2.375720 3.252215 -1.221433
v 2.462471 3.669362 -0.842594
v 2.445077 3.649042 -1.251584
v 2.172364 1.097637 -0.777853
v 2.173436 1.100447 -0.586688
v 2.183474 1.213317 -0.782927
v 2.170657 1.094107 -0.957904
v 2.166035 1.090856 -1.091072
v 2.181994 1.209532 -0.964188
v 2.187545 1.296366 -0.969124
v 2.177738 1.206046 -1.098255
v 2.184212 1.292570 -1.103687
v 2.155795 1.205224 -1.158112
v 2.143745 1.090057 -1.150505
v 2.051235 1.208801 -1.175871
v 2.163827 1.291522 -1.163307
v 2.060221 1.295630 -1.180634
v 2.158157 1.326647 -1.160846
v 2.168055 1.331303 -1.106871
v 2.063690 1.334023 -1.171852
v 1.823608 1.344362 -1.186251
v 1.993944 1.347842 -1.076736
v 1.760260 1.358415 -1.088962
v 1.993859 1.352766 -0.945510
v 2.169740 1.335624 -0.972232
v 1.993569 1.356939 -0.767610
v 2.170487 1.339800 -0.789479
v 1.993431 1.360132 -0.578812
v 2.171123 1.343085 -0.595401
v 1.993424 1.362371 -0.387820
v 2.171684 1.345381 -0.398954
v 1.993456 1.363691 -0.196243
v 2.172064 1.346731 -0.201831
v 1.993473 1.364126 -0.004523
v 2.172198 1.347176 -0.004523
v 1.993456 1.363690 0.187197
v 2.172063 1.346730 0.192785
v 1.993423 1.362368 0.378773
v 2.171684 1.345378 0.389907
v 1.993431 1.360127 0.569766
v 2.171122 1.343081 0.586354
v 1.993567 1.356934 0.758563
v 2.170487 1.339794 0.780432
v 1.993857 1.352759 0.936463
v 1.993942 1.347834 1.067690
v 2.169739 1.335617 0.963186
v 2.168054 1.331295 1.097824
v 2.187543 1.296360 0.960077
v 2.188731 1.300356 0.777891
v 2.181992 1.209525 0.955140
v 2.184210 1.292562 1.094640
v 2.163826 1.291514 1.154259
v 2.177737 1.206038 1.089207
v 2.166034 1.090848 1.082024
v 2.155794 1.205216 1.149065
v 2.051233 1.208793 1.166823
v 2.143744 1.090048 1.141456
v 2.039021 1.093139 1.158746
v 1.798735 1.100657 1.172264
v 1.468919 1.109764 1.187780
v 1.810689 1.217407 1.181425
v 1.819788 1.305190 1.186614
v 1.479828 1.227844 1.198377
v 1.488156 1.316661 1.204563
v 1.122058 1.237151 1.214257
v 1.129009 1.326883 1.221422
v 0.750764 1.244017 1.226399
v 1.112910 1.117873 1.202319
v 0.744202 1.123856 1.213463
v 0.368086 1.127559 1.220763
v -0.010504 1.128928 1.223648
v 0.371466 1.248271 1.234342
v 0.374035 1.339099 1.242712
v -0.010504 1.249846 1.237478
v -0.010504 1.340830 1.246027
v -0.392474 1.248271 1.234342
v -0.395043 1.339099 1.242712
v -0.771773 1.244017 1.226398
v -0.389095 1.127559 1.220763
v -0.765210 1.123856 1.213462
v -1.133918 1.117873 1.202318
v -1.489928 1.109764 1.187778
v -1.143065 1.237151 1.214255
v -1.150017 1.326883 1.221421
v -1.500837 1.227844 1.198375
v -1.509164 1.316661 1.204561
v -1.831698 1.217407 1.181422
v -1.840796 1.305190 1.186611
v -2.072242 1.208793 1.166821
v -1.819744 1.100657 1.172261
v -2.060030 1.093139 1.158743
v -2.164752 1.090048 1.141453
v -2.187042 1.090848 1.082020
v -2.176802 1.205216 1.149062
v -2.198745 1.206038 1.089204
v -2.184834 1.291513 1.154257
v -2.205218 1.292562 1.094637
v -2.081228 1.295621 1.171584
v -2.179164 1.326639 1.151796
v -2.084697 1.334015 1.162801
v -2.189062 1.331295 1.097821
v -2.014950 1.347834 1.067687
v -2.190747 1.335617 0.963183
v -2.208551 1.296360 0.960074
v -2.014865 1.352760 0.936460
v -2.191494 1.339794 0.780430
v -2.014575 1.356933 0.758560
v -2.209738 1.300356 0.777887
v -2.192130 1.343081 0.586351
v -2.210539 1.303545 0.584450
v -2.014438 1.360127 0.569763
v -2.192690 1.345378 0.389904
v -2.211212 1.305771 0.388641
v -2.014431 1.362368 0.378770
v -2.193071 1.346730 0.192782
v -2.211656 1.307081 0.192152
v -2.014463 1.363690 0.187194
v -2.193204 1.347176 -0.004526
v -2.211810 1.307513 -0.004527
v -2.014480 1.364126 -0.004526
v -2.193070 1.346731 -0.201834
v -2.211655 1.307082 -0.201205
v -2.014462 1.363691 -0.196246
v -2.192690 1.345381 -0.398957
v -2.211212 1.305774 -0.397694
v -2.014430 1.362371 -0.387822
v -2.192129 1.343085 -0.595404
v -2.210538 1.303549 -0.593503
v -2.014437 1.360132 -0.578815
v -2.191494 1.339800 -0.789482
v -2.209737 1.300361 -0.786940
v -2.014574 1.356939 -0.767613
v -2.190746 1.335624 -0.972236
v -2.208550 1.296366 -0.969127
v -2.014864 1.352766 -0.945513
v -2.189060 1.331303 -1.106874
v -2.179163 1.326647 -1.160849
v -2.014949 1.347842 -1.076740
v -2.205216 1.292570 -1.103690
v -2.184833 1.291522 -1.163309
v -2.198743 1.206046 -1.098258
v -2.202999 1.209532 -0.964191
v -2.176800 1.205224 -1.158115
v -2.187040 1.090856 -1.091075
v -2.164751 1.090057 -1.150508
v -2.191663 1.094107 -0.957907
v -2.193369 1.097637 -0.777856
v -2.194442 1.100447 -0.586691
v -2.204480 1.213317 -0.782930
v -2.205402 1.216347 -0.590498
v -2.206147 1.218455 -0.395694
v -2.195253 1.102399 -0.393157
v -2.206625 1.219692 -0.200206
v -2.195768 1.103540 -0.198938
v -2.206790 1.220099 -0.004527
v -2.195944 1.103914 -0.004527
v -2.206626 1.219691 0.191152
v -2.195769 1.103538 0.189884
v -2.206147 1.218453 0.386640
v -2.195253 1.102397 0.384103
v -2.205403 1.216343 0.581444
v -2.194443 1.100443 0.577637
v -2.204481 1.213311 0.773877
v -2.193370 1.097632 0.768801
v -2.203001 1.209525 0.955137
v -2.191664 1.094100 0.948853
v -2.060028 1.093147 -1.167798
v -1.819742 1.100666 -1.181315
v -2.072239 1.208801 -1.175874
v -1.831696 1.217415 -1.190475
v -2.081226 1.295630 -1.180637
v -1.840794 1.305199 -1.195664
v -2.084695 1.334023 -1.171855
v -1.844613 1.344362 -1.186254
v -1.781265 1.358415 -1.088965
v -1.512615 1.356356 -1.204318
v -1.459157 1.369966 -1.104483
v -1.509163 1.316669 -1.213613
v -1.152744 1.366986 -1.221371
v -1.150015 1.326892 -1.230472
v -1.110433 1.379981 -1.118870
v -0.778685 1.374847 -1.234432
v -0.776755 1.334434 -1.243349
v -0.749600 1.387481 -1.130029
v -0.396058 1.379712 -1.242940
v -0.395042 1.339108 -1.251762
v -0.381390 1.392089 -1.137239
v -0.010503 1.381498 -1.246256
v -0.010503 1.340839 -1.255077
v -0.010503 1.393705 -1.139905
v 0.375053 1.379712 -1.242940
v 0.374037 1.339108 -1.251762
v 0.360385 1.392089 -1.137238
v 0.757680 1.374847 -1.234431
v 0.755750 1.334434 -1.243348
v 0.728595 1.387481 -1.130028
v 1.131739 1.366986 -1.221370
v 1.129010 1.326892 -1.230471
v 1.089428 1.379981 -1.118868
v 1.491610 1.356356 -1.204315
v 1.488158 1.316669 -1.213611
v 1.438152 1.369965 -1.104480
v 1.819789 1.305199 -1.195661
v 1.479830 1.227853 -1.207425
v 1.468921 1.109773 -1.196830
v 1.810691 1.217415 -1.190472
v 1.122059 1.237160 -1.223306
v 1.112911 1.117881 -1.211369
v 0.750766 1.244026 -1.235448
v 0.744203 1.123865 -1.222514
v 0.371467 1.248279 -1.243392
v 0.368088 1.127568 -1.229814
v -0.010503 1.249855 -1.246529
v -0.010503 1.128937 -1.232699
v -0.392473 1.248279 -1.243392
v -0.389093 1.127568 -1.229815
v -0.771771 1.244026 -1.235450
v -0.765208 1.123865 -1.222515
v -1.143064 1.237160 -1.223307
v -1.133916 1.117881 -1.211371
v -1.500835 1.227853 -1.207427
v -1.489926 1.109773 -1.196832
v 1.798737 1.100666 -1.181313
v 2.039023 1.093147 -1.167795
v -1.781266 1.358407 1.079913
v -1.844615 1.344354 1.177201
v -1.459159 1.369957 1.095431
v -1.512617 1.356348 1.195266
v -1.110435 1.379973 1.109819
v -1.152745 1.366978 1.212320
v -0.749601 1.387473 1.120979
v -0.778687 1.374839 1.225381
v -0.381391 1.392081 1.128189
v -0.396060 1.379703 1.233890
v -0.010504 1.393697 1.130855
v -0.010504 1.381490 1.237207
v 0.360383 1.392081 1.128189
v 0.375051 1.379703 1.233891
v 0.728594 1.387473 1.120980
v 0.757678 1.374839 1.225382
v 1.089427 1.379973 1.109820
v 1.131737 1.366978 1.212322
v 1.438151 1.369957 1.095433
v 1.491608 1.356348 1.195268
v 1.760258 1.358407 1.079915
v 1.823606 1.344353 1.177204
v 2.063689 1.334015 1.162805
v 2.158156 1.326639 1.151799
v 2.060219 1.295621 1.171587
v 0.755748 1.334425 1.234299
v -0.776757 1.334425 1.234298
v 2.170656 1.094100 0.948856
v 2.172363 1.097631 0.768804
v 2.173435 1.100443 0.577640
v 2.183473 1.213311 0.773880
v 2.184395 1.216343 0.581447
v 2.189531 1.303545 0.584453
v 2.185140 1.218453 0.386643
v 2.174246 1.102397 0.384106
v 2.190205 1.305771 0.388644
v 2.185619 1.219691 0.191155
v 2.190649 1.307080 0.192155
v 2.174761 1.103538 0.189887
v 2.185784 1.220099 -0.004524
v 2.174937 1.103914 -0.004524
v 2.190804 1.307513 -0.004524
v 2.185619 1.219692 -0.200202
v 2.190649 1.307082 -0.201202
v 2.174762 1.103540 -0.198935
v 2.185140 1.218455 -0.395691
v 2.190206 1.305774 -0.397691
v 2.174246 1.102399 -0.393154
v 2.184396 1.216347 -0.590495
v 2.189532 1.303549 -0.593500
v 2.188732 1.300361 -0.786937
v -0.045039 2.844278 -1.375648
v -0.001511 2.835205 -1.375575
v -0.044417 2.847270 -1.389628
v -0.045222 2.843310 -1.348408
v -0.130597 2.868619 -1.375688
v -0.219751 2.903318 -1.375700
v -0.129771 2.871792 -1.389752
v -0.130801 2.867571 -1.348408
v -0.130449 2.868577 -1.321127
v -0.219427 2.902179 -1.348407
v -0.218564 2.902983 -1.321115
v -0.280154 2.941647 -1.349761
v -0.365322 2.988016 -1.359238
v -0.281646 2.942936 -1.377056
v -0.278234 2.941972 -1.322466
v -0.362789 2.987984 -1.331942
v -0.276728 2.944210 -1.308373
v -0.275326 2.948572 -1.303601
v -0.361114 2.989609 -1.317848
v -0.217441 2.905884 -1.307028
v -0.215879 2.911206 -1.302259
v -0.129548 2.871728 -1.307063
v -0.044417 2.847270 -1.307187
v -0.127949 2.877422 -1.302318
v -0.043001 2.852736 -1.302560
v -0.124530 2.889490 -1.300054
v -0.039496 2.864616 -1.300419
v -0.114452 2.925207 -1.298778
v -0.212760 2.922460 -1.299984
v -0.203673 2.955718 -1.298706
v -0.272868 2.957880 -1.301329
v -0.265952 2.985466 -1.300057
v -0.358073 3.000375 -1.310804
v -0.353117 3.022235 -1.309533
v -0.359914 2.993018 -1.313076
v -0.514547 3.052625 -1.335343
v -0.516206 3.046147 -1.337615
v -0.509991 3.071853 -1.334072
v -0.675711 3.099288 -1.377151
v -0.677438 3.092962 -1.379422
v -0.670730 3.118003 -1.375879
v -0.770103 3.125943 -1.434402
v -0.764876 3.144588 -1.433131
v -0.819459 3.139881 -1.493892
v -0.771878 3.119630 -1.436674
v -0.821241 3.133571 -1.496163
v -0.772733 3.116629 -1.441446
v -0.822089 3.130567 -1.500936
v -0.773243 3.114959 -1.455540
v -0.678341 3.089974 -1.384194
v -0.679097 3.088373 -1.398288
v -0.517228 3.043130 -1.342387
v -0.518521 3.041645 -1.356481
v -0.520372 3.041564 -1.383777
v -0.679841 3.087992 -1.425584
v -0.521933 3.042609 -1.411072
v -0.367535 2.989325 -1.386533
v -0.680284 3.088708 -1.452880
v -0.522339 3.044573 -1.425167
v -0.680119 3.090477 -1.466974
v -0.521776 3.047720 -1.429939
v -0.368224 2.991618 -1.400628
v -0.367663 2.995207 -1.405400
v -0.281839 2.945653 -1.391150
v -0.280896 2.950145 -1.395922
v -0.219219 2.906386 -1.389787
v -0.217816 2.911754 -1.394556
v -0.214693 2.923006 -1.396831
v -0.128191 2.877491 -1.394497
v -0.043000 2.852736 -1.394255
v -0.124772 2.889559 -1.396761
v -0.114662 2.925267 -1.398037
v -0.039496 2.864616 -1.396396
v -0.029138 2.900447 -1.397579
v 0.002931 2.853367 -1.395461
v 0.013672 2.888577 -1.396386
v 0.015544 2.850370 -1.393683
v -0.000767 2.842428 -1.393686
v 0.010624 2.841459 -1.392896
v -0.001545 2.837739 -1.389379
v 0.012210 2.838815 -1.389195
v 0.013347 2.836914 -1.375533
v 0.020244 2.848524 -1.389377
v 0.022540 2.847166 -1.375575
v 0.032802 2.883192 -1.389616
v 0.027056 2.884936 -1.394239
v 0.035857 2.882118 -1.375644
v 0.053267 2.952525 -1.389705
v 0.047211 2.954235 -1.394422
v 0.072091 3.022321 -1.389616
v 0.056589 2.951586 -1.375672
v 0.075256 3.021638 -1.375644
v 0.057663 2.951283 -1.348407
v 0.076278 3.021434 -1.348407
v 0.056589 2.951586 -1.321142
v 0.036834 2.881757 -1.348407
v 0.035857 2.882117 -1.321171
v 0.023259 2.846695 -1.348407
v 0.013725 2.836282 -1.348408
v 0.022540 2.847166 -1.321240
v 0.013347 2.836914 -1.321282
v 0.020244 2.848524 -1.307438
v 0.032802 2.883191 -1.307199
v 0.015544 2.850369 -1.303132
v 0.012210 2.838815 -1.307620
v 0.010624 2.841459 -1.303919
v -0.001545 2.837739 -1.307436
v -0.001511 2.835205 -1.321240
v -0.000767 2.842427 -1.303129
v 0.002931 2.853367 -1.301354
v 0.013672 2.888577 -1.300429
v 0.027056 2.884935 -1.302576
v -0.029138 2.900447 -1.299236
v 0.033598 2.958078 -1.300134
v -0.009344 2.970204 -1.298852
v 0.047211 2.954234 -1.302392
v 0.052969 3.027737 -1.300429
v 0.010273 3.040012 -1.299235
v 0.066281 3.023839 -1.302575
v 0.062231 3.063365 -1.301353
v 0.074549 3.059321 -1.303131
v 0.064802 3.074622 -1.303128
v 0.020187 3.075968 -1.300418
v 0.023414 3.087927 -1.302559
v -0.065520 3.099309 -1.300053
v -0.062141 3.111389 -1.302317
v -0.159518 3.117799 -1.299983
v -0.075539 3.063576 -1.298777
v -0.168578 3.084533 -1.298705
v -0.094984 2.994388 -1.298361
v -0.186121 3.020124 -1.298289
v -0.252685 3.038921 -1.299642
v -0.343691 3.064620 -1.309119
v -0.239444 3.092384 -1.300056
v -0.334301 3.107015 -1.309533
v -0.232608 3.119991 -1.301328
v -0.230294 3.129340 -1.303600
v -0.329456 3.128906 -1.310804
v -0.327815 3.136319 -1.313075
v -0.488147 3.165655 -1.335343
v -0.492622 3.146405 -1.334072
v -0.486631 3.172174 -1.337614
v -0.646580 3.209243 -1.377150
v -0.651533 3.190520 -1.375879
v -0.644903 3.215583 -1.379421
v -0.739417 3.235459 -1.434402
v -0.744641 3.216813 -1.433131
v -0.737648 3.241773 -1.436673
v -0.788550 3.249334 -1.493892
v -0.786768 3.255644 -1.496163
v -0.793813 3.230698 -1.492620
v -0.830400 3.261152 -1.542242
v -0.835663 3.242516 -1.540971
v -0.828618 3.267462 -1.544514
v -0.872250 3.272970 -1.576779
v -0.870468 3.279280 -1.579050
v -0.877512 3.254334 -1.575507
v -0.919268 3.286248 -1.598077
v -0.924531 3.267612 -1.596805
v -0.917486 3.292559 -1.600348
v -0.997295 3.308290 -1.609021
v -0.995512 3.314603 -1.611296
v -1.002558 3.289649 -1.607744
v -1.120665 3.343121 -1.613118
v -1.125965 3.324496 -1.611844
v -1.118865 3.349413 -1.615381
v -1.237021 3.375827 -1.614055
v -1.242554 3.357371 -1.612874
v -1.235108 3.381928 -1.616196
v -1.294727 3.391742 -1.614987
v -1.292380 3.397254 -1.616765
v -1.311829 3.396267 -1.616764
v -1.300884 3.373730 -1.614060
v -1.319110 3.378801 -1.616204
v -1.311407 3.337892 -1.613765
v -1.329966 3.343132 -1.616019
v -1.321184 3.301843 -1.614061
v -1.252852 3.321357 -1.612491
v -1.262913 3.285275 -1.612874
v -1.136172 3.288407 -1.611428
v -1.012751 3.253555 -1.607328
v -1.146349 3.252311 -1.611844
v -1.022943 3.217461 -1.607744
v -1.151574 3.233665 -1.613118
v -1.153331 3.227360 -1.615381
v -1.028208 3.198820 -1.609022
v -1.267851 3.266651 -1.614056
v -1.269411 3.260450 -1.616197
v -1.325358 3.283270 -1.614987
v -1.342301 3.288359 -1.616765
v -1.326241 3.277345 -1.616766
v -1.340693 3.282601 -1.617556
v -1.327647 3.275236 -1.621076
v -1.270385 3.257704 -1.620826
v -1.343997 3.282434 -1.621259
v -1.328987 3.274340 -1.634882
v -1.346399 3.282339 -1.634925
v -1.271113 3.256282 -1.634809
v -1.329471 3.274074 -1.662051
v -1.271371 3.255831 -1.662051
v -1.347200 3.282310 -1.662051
v -1.328987 3.274341 -1.689220
v -1.271113 3.256282 -1.689293
v -1.346399 3.282339 -1.689178
v -1.327647 3.275236 -1.703027
v -1.343997 3.282434 -1.702842
v -1.326241 3.277345 -1.707336
v -1.270385 3.257704 -1.703276
v -1.269411 3.260450 -1.707905
v -1.154193 3.224397 -1.702823
v -1.154696 3.222761 -1.688757
v -1.153331 3.227361 -1.707569
v -1.030837 3.189507 -1.698827
v -1.031311 3.187831 -1.684739
v -1.029990 3.192507 -1.703596
v -0.952807 3.167480 -1.687899
v -0.951959 3.170482 -1.692671
v -0.905788 3.154203 -1.666602
v -0.953281 3.165800 -1.673805
v -0.906263 3.152523 -1.652508
v -0.953436 3.165252 -1.646510
v -1.031465 3.187286 -1.657446
v -0.906417 3.151975 -1.625212
v -0.953281 3.165799 -1.619215
v -1.031311 3.187831 -1.630154
v -0.906263 3.152523 -1.597917
v -0.952807 3.167480 -1.605121
v -0.951959 3.170482 -1.600349
v -1.030837 3.189507 -1.616065
v -0.905788 3.154203 -1.583823
v -0.904940 3.157207 -1.579050
v -0.863938 3.142385 -1.549286
v -0.863090 3.145389 -1.544514
v -0.864413 3.140705 -1.563381
v -0.822563 3.128887 -1.515030
v -0.864568 3.140157 -1.590676
v -0.864413 3.140705 -1.617972
v -0.822718 3.128339 -1.542326
v -0.822563 3.128887 -1.569621
v -0.773471 3.114432 -1.482836
v -0.773391 3.115000 -1.510132
v -0.772955 3.116693 -1.524226
v -0.772120 3.119699 -1.528998
v -0.822089 3.130568 -1.583716
v -0.821241 3.133571 -1.588488
v -0.863938 3.142385 -1.632066
v -0.863090 3.145389 -1.636839
v -0.904940 3.157207 -1.671375
v -0.861308 3.151699 -1.639110
v -0.856046 3.170334 -1.640381
v -0.819459 3.139881 -1.590759
v -0.903158 3.163517 -1.673646
v -0.897896 3.182152 -1.674917
v -0.950177 3.176794 -1.694942
v -0.944914 3.195429 -1.696214
v -1.028207 3.198821 -1.705871
v -1.022943 3.217461 -1.707148
v -1.151575 3.233665 -1.709833
v -1.267851 3.266652 -1.710047
v -1.146349 3.252312 -1.711107
v -1.262913 3.285275 -1.711228
v -1.136172 3.288408 -1.711522
v -1.252852 3.321357 -1.711611
v -1.125965 3.324496 -1.711107
v -1.012751 3.253555 -1.707564
v -1.002559 3.289649 -1.707148
v -0.934722 3.231521 -1.696629
v -0.887704 3.218244 -1.675331
v -0.924531 3.267612 -1.696214
v -0.877512 3.254334 -1.674917
v -0.919268 3.286248 -1.694942
v -0.997295 3.308290 -1.705870
v -0.917486 3.292560 -1.692670
v -0.872250 3.272971 -1.673646
v -0.870468 3.279281 -1.671374
v -0.830400 3.261153 -1.639109
v -0.835663 3.242517 -1.640381
v -0.828618 3.267463 -1.636838
v -0.788550 3.249334 -1.590759
v -0.793813 3.230699 -1.592030
v -0.786768 3.255645 -1.588488
v -0.739441 3.235466 -1.531269
v -0.744704 3.216831 -1.532540
v -0.737659 3.241776 -1.528998
v -0.646775 3.209299 -1.474017
v -0.644993 3.215609 -1.471746
v -0.652038 3.190662 -1.475289
v -0.488707 3.165814 -1.432210
v -0.494072 3.146814 -1.433481
v -0.486890 3.172247 -1.429939
v -0.330235 3.129127 -1.407671
v -0.336318 3.107585 -1.408942
v -0.328175 3.136421 -1.405400
v -0.233168 3.120150 -1.398193
v -0.240893 3.092793 -1.399465
v -0.230552 3.129413 -1.395921
v -0.159713 3.117855 -1.396830
v -0.156540 3.129092 -1.394555
v -0.169082 3.084676 -1.398108
v -0.065544 3.099317 -1.396761
v -0.075602 3.063593 -1.398037
v -0.062153 3.111393 -1.394496
v 0.020187 3.075969 -1.396396
v 0.010273 3.040012 -1.397578
v 0.023415 3.087927 -1.394254
v 0.062231 3.063365 -1.395461
v 0.064802 3.074622 -1.393685
v 0.074549 3.059321 -1.393682
v 0.052969 3.027737 -1.396385
v 0.066281 3.023839 -1.394238
v 0.033598 2.958079 -1.396680
v -0.009344 2.970205 -1.397962
v -0.095121 2.994428 -1.398454
v -0.187221 3.020435 -1.398525
v -0.205351 2.956192 -1.398108
v -0.255849 3.039814 -1.399880
v -0.270779 2.986828 -1.399465
v -0.348093 3.065863 -1.409357
v -0.359831 3.024132 -1.408943
v -0.504458 3.110019 -1.433896
v -0.662228 3.154571 -1.475703
v -0.514818 3.073215 -1.433482
v -0.672409 3.118477 -1.475289
v -0.520102 3.054194 -1.432211
v -0.677643 3.099834 -1.474018
v -0.365803 3.002558 -1.407671
v -0.278423 2.959450 -1.398193
v -0.679375 3.093509 -1.471747
v -0.770344 3.126011 -1.531270
v -0.765085 3.144648 -1.532541
v -0.814196 3.158516 -1.592030
v -0.754895 3.180739 -1.532955
v -0.804004 3.194608 -1.592445
v -0.845854 3.206426 -1.640795
v 0.075017 3.069489 -1.392895
v 0.079520 3.058436 -1.389377
v 0.077752 3.070913 -1.389195
v 0.082188 3.058393 -1.375574
v 0.079715 3.071939 -1.375532
v 0.083046 3.058417 -1.348407
v 0.080368 3.072280 -1.348407
v 0.082188 3.058393 -1.321240
v 0.075256 3.021638 -1.321170
v 0.079715 3.071939 -1.321281
v 0.079520 3.058436 -1.307437
v 0.077752 3.070913 -1.307619
v 0.072091 3.022320 -1.307198
v 0.053267 2.952524 -1.307109
v 0.075017 3.069489 -1.303919
v 0.066591 3.079025 -1.307435
v 0.025067 3.093327 -1.307186
v 0.067946 3.081167 -1.321239
v 0.026101 3.096202 -1.321166
v 0.068417 3.081836 -1.348407
v 0.026451 3.097123 -1.348407
v 0.067946 3.081167 -1.375574
v 0.026102 3.096202 -1.375647
v 0.066591 3.079025 -1.389379
v 0.025067 3.093327 -1.389627
v -0.060531 3.117080 -1.389751
v -0.155032 3.134430 -1.389786
v -0.059614 3.120226 -1.375687
v -0.154191 3.137410 -1.375699
v -0.059315 3.121247 -1.348407
v -0.059613 3.120225 -1.321126
v -0.153915 3.138381 -1.348407
v -0.154179 3.137407 -1.321115
v -0.228380 3.137088 -1.349760
v -0.228611 3.136287 -1.377056
v -0.326461 3.142467 -1.359237
v -0.228576 3.136277 -1.322465
v -0.326597 3.141822 -1.331942
v -0.229193 3.133788 -1.308372
v -0.154992 3.134418 -1.307027
v -0.327034 3.139847 -1.317847
v -0.485910 3.175276 -1.342387
v -0.485507 3.177012 -1.356481
v -0.644105 3.218600 -1.384194
v -0.643658 3.220289 -1.398288
v -0.736806 3.244778 -1.441446
v -0.736335 3.246460 -1.455540
v -0.785920 3.258647 -1.500935
v -0.785446 3.260328 -1.515030
v -0.827770 3.270465 -1.549286
v -0.827295 3.272146 -1.563380
v -0.869620 3.282283 -1.583822
v -0.869145 3.283964 -1.597916
v -0.916638 3.295562 -1.605121
v -0.916163 3.297242 -1.619214
v -0.994665 3.317603 -1.616065
v -0.994191 3.319279 -1.630153
v -1.118049 3.352389 -1.620127
v -1.117622 3.354047 -1.634194
v -1.234501 3.384778 -1.620826
v -1.234377 3.386371 -1.634808
v -1.292476 3.399787 -1.621075
v -1.293149 3.401252 -1.634881
v -1.310175 3.402205 -1.621259
v -1.312172 3.403543 -1.634924
v -1.307447 3.400334 -1.617555
v -1.318426 3.398368 -1.621074
v -1.327009 3.381083 -1.620831
v -1.321794 3.399655 -1.634881
v -1.331264 3.382383 -1.634810
v -1.322863 3.400082 -1.662050
v -1.312841 3.403986 -1.662051
v -1.321794 3.399654 -1.689220
v -1.332632 3.382809 -1.662051
v -1.331264 3.382383 -1.689291
v -1.344277 3.347174 -1.662051
v -1.342801 3.346757 -1.634782
v -1.342801 3.346757 -1.689320
v -1.352991 3.310712 -1.662051
v -1.351603 3.310359 -1.634810
v -1.351603 3.310359 -1.689291
v -1.353701 3.290880 -1.662051
v -1.352566 3.290685 -1.634881
v -1.352566 3.290685 -1.689220
v -1.349023 3.290020 -1.703028
v -1.347297 3.309241 -1.703271
v -1.342301 3.288359 -1.707337
v -1.339370 3.307055 -1.707898
v -1.340693 3.282601 -1.706546
v -1.325358 3.283271 -1.709115
v -1.321184 3.301843 -1.710041
v -1.311407 3.337892 -1.710337
v -1.329966 3.343132 -1.708083
v -1.300884 3.373730 -1.710041
v -1.242554 3.357372 -1.711227
v -1.319110 3.378801 -1.707898
v -1.294727 3.391743 -1.709114
v -1.311829 3.396268 -1.707337
v -1.292380 3.397255 -1.707336
v -1.237021 3.375827 -1.710046
v -1.235107 3.381929 -1.707905
v -1.120665 3.343122 -1.709832
v -1.118865 3.349413 -1.707569
v -0.995512 3.314603 -1.703596
v -1.118049 3.352389 -1.702823
v -1.234501 3.384778 -1.703275
v -1.117622 3.354047 -1.688756
v -0.994665 3.317604 -1.698827
v -0.994191 3.319279 -1.684738
v -0.916638 3.295562 -1.687898
v -0.916163 3.297243 -1.673804
v -0.869620 3.282284 -1.666602
v -0.869145 3.283964 -1.652508
v -0.827770 3.270466 -1.632066
v -0.827295 3.272146 -1.617972
v -0.785920 3.258648 -1.583715
v -0.785446 3.260328 -1.569621
v -0.736811 3.244780 -1.524225
v -0.736336 3.246460 -1.510131
v -0.644145 3.218612 -1.466973
v -0.643670 3.220293 -1.452879
v -0.486025 3.175309 -1.425166
v -0.485541 3.177022 -1.411072
v -0.327194 3.139893 -1.400627
v -0.326646 3.141836 -1.386533
v -0.229308 3.133821 -1.391149
v -0.485379 3.177579 -1.383776
v -0.643514 3.220840 -1.425584
v -0.736182 3.247008 -1.482836
v -0.785291 3.260876 -1.542325
v -0.827141 3.272695 -1.590676
v -0.868991 3.284513 -1.625212
v -0.916009 3.297790 -1.646509
v -0.994038 3.319825 -1.657446
v -1.117486 3.354586 -1.661475
v -1.234361 3.386890 -1.662050
v -1.234377 3.386371 -1.689293
v -1.293422 3.401732 -1.662050
v -1.293149 3.401252 -1.689219
v -1.312172 3.403543 -1.689177
v -1.292476 3.399788 -1.703026
v -1.310176 3.402205 -1.702842
v -1.307447 3.400334 -1.706546
v -1.318426 3.398369 -1.703027
v -1.327009 3.381083 -1.703270
v -1.338244 3.345470 -1.703361
v -1.349023 3.290020 -1.621074
v -1.347297 3.309241 -1.620831
v -1.339370 3.307055 -1.616204
v -1.338244 3.345470 -1.620740
v -0.156450 3.129066 -1.302258
v -0.060526 3.117078 -1.307062
v -0.861308 3.151699 -1.542243
v -0.856046 3.170334 -1.540971
v -0.903158 3.163517 -1.576779
v -0.897896 3.182152 -1.575508
v -0.950177 3.176793 -1.598077
v -0.944914 3.195429 -1.596805
v -0.934722 3.231521 -1.596391
v -0.887704 3.218243 -1.575093
v -0.845854 3.206425 -1.540557
v -0.804004 3.194607 -1.492206
v -0.814196 3.158516 -1.492621
v -0.754758 3.180700 -1.432717
v -0.661127 3.154260 -1.375465
v -0.501294 3.109125 -1.333658
v -1.029990 3.192507 -1.611296
v -1.154193 3.224397 -1.620128
v -1.154696 3.222761 -1.634194
v -1.154862 3.222230 -1.661476
v -0.045039 2.844277 -1.321167
v -0.001460 2.834388 -1.348408
v -0.023895 2.940059 -1.421287
v -0.025402 2.940581 -1.454961
v -0.030000 2.924179 -1.421097
v -0.014451 2.971648 -1.421363
v -0.023408 2.939882 -1.355807
v -0.023895 2.940058 -1.290326
v -0.013915 2.971496 -1.355807
v -0.029643 2.923956 -1.355807
v -0.030000 2.924179 -1.290516
v -0.034097 2.919256 -1.355807
v -0.034283 2.919551 -1.290630
v -0.034283 2.919551 -1.420983
v -0.040971 2.918387 -1.355807
v -0.040998 2.918772 -1.290516
v -0.059603 2.922086 -1.355807
v -0.040997 2.918772 -1.421097
v -0.059517 2.922544 -1.421287
v -0.041024 2.919958 -1.454326
v -0.059227 2.923950 -1.454961
v -0.040692 2.922115 -1.464741
v -0.034844 2.920440 -1.453853
v -0.035623 2.921673 -1.462807
v -0.031129 2.924823 -1.454326
v -0.033383 2.925709 -1.464741
v -0.028164 2.941421 -1.466143
v -0.039037 2.927078 -1.469031
v -0.034179 2.943067 -1.471254
v -0.057007 2.931844 -1.471254
v -0.058584 2.926465 -1.466143
v -0.052316 2.948098 -1.474023
v -0.092225 2.941673 -1.471962
v -0.093779 2.936171 -1.466610
v -0.127384 2.951717 -1.471254
v -0.087607 2.958027 -1.474916
v -0.122880 2.968024 -1.474023
v -0.078642 2.989774 -1.475873
v -0.113962 2.999748 -1.474916
v -0.069677 3.021522 -1.474916
v -0.043323 2.979801 -1.474916
v -0.034405 3.011525 -1.474023
v -0.025128 2.974663 -1.471962
v -0.019006 2.972934 -1.466610
v -0.016316 3.006326 -1.471254
v -0.010328 3.004582 -1.466143
v -0.012093 3.022494 -1.469030
v -0.029901 3.027832 -1.471253
v -0.010907 3.027589 -1.464741
v -0.006558 3.020703 -1.464741
v -0.006356 3.025315 -1.462806
v -0.004173 3.020279 -1.454325
v -0.007534 3.003854 -1.454961
v -0.005047 3.025959 -1.453852
v -0.002874 3.020237 -1.421097
v -0.004104 3.026422 -1.420983
v -0.005977 3.003510 -1.421287
v -0.002454 3.020240 -1.355806
v -0.005470 3.003405 -1.355807
v -0.003791 3.026576 -1.355807
v -0.002874 3.020236 -1.290516
v -0.005977 3.003510 -1.290326
v -0.004104 3.026422 -1.290630
v -0.004174 3.020278 -1.257288
v -0.005047 3.025958 -1.257761
v -0.006558 3.020703 -1.246872
v -0.007535 3.003853 -1.256652
v -0.010328 3.004581 -1.245471
v -0.016092 2.972110 -1.256413
v -0.019006 2.972933 -1.245003
v -0.025402 2.940580 -1.256652
v -0.014451 2.971647 -1.290250
v -0.028164 2.941420 -1.245471
v -0.031129 2.924822 -1.257288
v -0.033383 2.925708 -1.246873
v -0.034844 2.920439 -1.257761
v -0.035623 2.921672 -1.248807
v -0.041024 2.919957 -1.257288
v -0.040692 2.922115 -1.246873
v -0.059227 2.923949 -1.256652
v -0.058584 2.926464 -1.245471
v -0.059517 2.922544 -1.290326
v -0.094519 2.933550 -1.256414
v -0.093779 2.936170 -1.245004
v -0.129620 2.943828 -1.256653
v -0.094936 2.932076 -1.290251
v -0.130109 2.942478 -1.290326
v -0.095072 2.931594 -1.355807
v -0.130274 2.942043 -1.355807
v -0.094936 2.932076 -1.421363
v -0.130108 2.942479 -1.421288
v -0.094519 2.933551 -1.455200
v -0.129620 2.943828 -1.454961
v -0.128853 2.946308 -1.466143
v -0.147222 2.949947 -1.454326
v -0.147866 2.948950 -1.421097
v -0.152238 2.953590 -1.453853
v -0.146377 2.951960 -1.464741
v -0.150928 2.954234 -1.462807
v -0.145192 2.957054 -1.469031
v -0.150727 2.958845 -1.464741
v -0.140969 2.973223 -1.471254
v -0.146957 2.974966 -1.466143
v -0.132156 3.004886 -1.471962
v -0.138278 3.006615 -1.466610
v -0.123105 3.036482 -1.471254
v -0.104969 3.031451 -1.474023
v -0.129121 3.038128 -1.466143
v -0.118247 3.052471 -1.469030
v -0.123901 3.053840 -1.464741
v -0.116593 3.057434 -1.464741
v -0.100278 3.047705 -1.471253
v -0.098701 3.053084 -1.466143
v -0.065059 3.037875 -1.471962
v -0.063505 3.043378 -1.466610
v -0.028431 3.033241 -1.466143
v -0.062766 3.045997 -1.455200
v -0.062349 3.047472 -1.421363
v -0.027665 3.035720 -1.454961
v -0.098058 3.055598 -1.454961
v -0.097768 3.057004 -1.421287
v -0.116260 3.059591 -1.454325
v -0.122440 3.059109 -1.453852
v -0.116287 3.060776 -1.421097
v -0.123001 3.059997 -1.420983
v -0.116314 3.061161 -1.355807
v -0.123188 3.060292 -1.355806
v -0.116287 3.060776 -1.290516
v -0.097681 3.057462 -1.355807
v -0.097768 3.057003 -1.290326
v -0.062213 3.047954 -1.355806
v -0.062349 3.047472 -1.290250
v -0.027011 3.037505 -1.355806
v -0.027176 3.037070 -1.421287
v -0.027176 3.037069 -1.290326
v -0.009195 3.030912 -1.355807
v -0.009419 3.030598 -1.421097
v -0.009419 3.030598 -1.290516
v -0.010062 3.029601 -1.257288
v -0.027665 3.035719 -1.256652
v -0.010908 3.027589 -1.246872
v -0.028432 3.033240 -1.245471
v -0.006356 3.025314 -1.248806
v -0.012093 3.022494 -1.242583
v -0.016316 3.006325 -1.240360
v -0.029901 3.027831 -1.240360
v -0.034405 3.011524 -1.237590
v -0.065059 3.037874 -1.239651
v -0.069677 3.021521 -1.236698
v -0.063505 3.043377 -1.245003
v -0.100278 3.047704 -1.240360
v -0.104969 3.031450 -1.237590
v -0.098701 3.053083 -1.245471
v -0.118247 3.052470 -1.242583
v -0.116593 3.057433 -1.246872
v -0.123902 3.053839 -1.246872
v -0.123106 3.036481 -1.240360
v -0.129121 3.038127 -1.245471
v -0.132156 3.004885 -1.239652
v -0.113962 2.999748 -1.236698
v -0.138278 3.006614 -1.245003
v -0.140969 2.973222 -1.240360
v -0.122880 2.968023 -1.237590
v -0.146957 2.974966 -1.245471
v -0.145192 2.957054 -1.242583
v -0.150727 2.958844 -1.246873
v -0.146377 2.951959 -1.246873
v -0.127384 2.951716 -1.240360
v -0.128853 2.946307 -1.245471
v -0.092226 2.941672 -1.239652
v -0.087607 2.958026 -1.236698
v -0.057007 2.931843 -1.240360
v -0.052316 2.948097 -1.237590
v -0.039037 2.927077 -1.242583
v -0.034179 2.943066 -1.240360
v -0.025128 2.974662 -1.239652
v -0.043323 2.979800 -1.236698
v -0.078642 2.989774 -1.235740
v -0.150929 2.954233 -1.248807
v -0.147223 2.949946 -1.257288
v -0.152238 2.953589 -1.257761
v -0.147866 2.948949 -1.290516
v -0.153180 2.953126 -1.290630
v -0.148089 2.948637 -1.355807
v -0.153494 2.952972 -1.355807
v -0.153180 2.953126 -1.420983
v -0.154831 2.959308 -1.355807
v -0.151815 2.976143 -1.355807
v -0.154410 2.959311 -1.421097
v -0.154410 2.959311 -1.290516
v -0.151308 2.976038 -1.290326
v -0.153111 2.959269 -1.257288
v -0.149750 2.975695 -1.256652
v -0.141193 3.007437 -1.256413
v -0.131883 3.038967 -1.256652
v -0.142834 3.007901 -1.290250
v -0.133390 3.039489 -1.290326
v -0.143369 3.008052 -1.355807
v -0.133877 3.039666 -1.355806
v -0.142834 3.007901 -1.421363
v -0.151308 2.976038 -1.421287
v -0.133390 3.039490 -1.421287
v -0.141193 3.007438 -1.455200
v -0.131883 3.038968 -1.454961
v -0.149750 2.975695 -1.454961
v -0.153111 2.959270 -1.454326
v -0.126156 3.054725 -1.454325
v -0.127285 3.055369 -1.421097
v -0.127641 3.055591 -1.355807
v -0.127285 3.055369 -1.290516
v -0.123001 3.059996 -1.290630
v -0.126156 3.054725 -1.257288
v -0.122440 3.059108 -1.257761
v -0.121661 3.057875 -1.248806
v -0.116261 3.059590 -1.257288
v -0.098058 3.055598 -1.256652
v -0.062766 3.045997 -1.256413
v -0.010062 3.029602 -1.454325
v -0.121661 3.057876 -1.462806
v -0.016092 2.972111 -1.455200
v -1.012106 1.231520 -1.491113
v -1.011695 1.223888 -1.488489
v -1.071506 1.230225 -1.493066
v -0.894800 1.232000 -1.490372
v -1.012269 1.243499 -1.498607
v -1.012106 1.254663 -1.507269
v -1.072020 1.242064 -1.500662
v -0.894820 1.244047 -1.497823
v -0.894800 1.255193 -1.506562
v -0.743060 1.244124 -1.497711
v -0.743060 1.232064 -1.490268
v -0.743060 1.255268 -1.506466
v -0.591299 1.244047 -1.497823
v -0.591320 1.255193 -1.506562
v -0.591320 1.232000 -1.490372
v -0.473850 1.243499 -1.498606
v -0.474014 1.254663 -1.507268
v -0.474014 1.231520 -1.491113
v -0.414100 1.242064 -1.500662
v -0.391733 1.239540 -1.504278
v -0.414614 1.253276 -1.509157
v -0.414614 1.230225 -1.493066
v -0.392732 1.227841 -1.496534
v -0.415980 1.222978 -1.490123
v -0.474425 1.223888 -1.488488
v -0.417007 1.218652 -1.491272
v -0.395721 1.221071 -1.493094
v -0.399820 1.218226 -1.492937
v -0.386744 1.216751 -1.499024
v -0.382039 1.223272 -1.503019
v -0.395783 1.214196 -1.497634
v -0.382117 1.205540 -1.514748
v -0.392863 1.202927 -1.513010
v -0.376281 1.211987 -1.519086
v -0.380646 1.185111 -1.543888
v -0.374430 1.191522 -1.548363
v -0.391890 1.182477 -1.542050
v -0.382117 1.164799 -1.573110
v -0.376281 1.171093 -1.577667
v -0.392863 1.162266 -1.571256
v -0.386744 1.153903 -1.589054
v -0.395783 1.151718 -1.587135
v -0.395721 1.149826 -1.595154
v -0.382039 1.159901 -1.593798
v -0.392732 1.155389 -1.600323
v -0.380537 1.171332 -1.601987
v -0.391733 1.166690 -1.608636
v -0.382039 1.182959 -1.609894
v -0.374399 1.182637 -1.585791
v -0.376281 1.194244 -1.593827
v -0.372414 1.203115 -1.556457
v -0.374430 1.214709 -1.564550
v -0.374399 1.223593 -1.527122
v -0.376281 1.235137 -1.535247
v -0.380537 1.234899 -1.510926
v -0.382039 1.246330 -1.519115
v -0.392732 1.250842 -1.512590
v -0.386744 1.252327 -1.523859
v -0.382117 1.241431 -1.539803
v -0.395783 1.254513 -1.525779
v -0.395721 1.256405 -1.517759
v -0.399820 1.257533 -1.520376
v -0.415980 1.258536 -1.514945
v -0.417007 1.258949 -1.519403
v -0.474425 1.259757 -1.513528
v -0.474676 1.259969 -1.518701
v -0.591371 1.260223 -1.513028
v -0.591403 1.260361 -1.518460
v -0.743060 1.260288 -1.512970
v -0.743060 1.260416 -1.518445
v -0.894749 1.260223 -1.513028
v -0.894717 1.260361 -1.518460
v -1.011695 1.259757 -1.513528
v -1.011443 1.259969 -1.518701
v -1.070140 1.258536 -1.514946
v -1.069113 1.258949 -1.519403
v -1.090399 1.256405 -1.517760
v -1.071506 1.253276 -1.509158
v -1.093388 1.250842 -1.512591
v -1.104081 1.246330 -1.519116
v -1.094387 1.239540 -1.504278
v -1.093388 1.227841 -1.496535
v -1.105583 1.234899 -1.510927
v -1.111720 1.223593 -1.527122
v -1.104081 1.223272 -1.503019
v -1.109839 1.211987 -1.519086
v -1.099376 1.216751 -1.499025
v -1.104002 1.205540 -1.514749
v -1.090337 1.214196 -1.497635
v -1.090399 1.221071 -1.493095
v -1.086300 1.218226 -1.492937
v -1.070139 1.222978 -1.490124
v -1.069113 1.218652 -1.491273
v -1.011443 1.218960 -1.490074
v -1.070084 1.213318 -1.496511
v -1.011675 1.213034 -1.495676
v -1.071408 1.201639 -1.511983
v -1.093257 1.202927 -1.513010
v -1.012071 1.200985 -1.511337
v -1.071906 1.181059 -1.541060
v -1.012230 1.180263 -1.540504
v -1.094230 1.182477 -1.542050
v -1.071408 1.160858 -1.570402
v -1.012071 1.160027 -1.570011
v -1.093257 1.162266 -1.571257
v -1.070084 1.150360 -1.586699
v -1.090336 1.151718 -1.587135
v -1.069112 1.147282 -1.593511
v -1.011675 1.149479 -1.586719
v -1.011443 1.146262 -1.594213
v -0.894746 1.149133 -1.586730
v -0.894717 1.145869 -1.594454
v -0.743060 1.149085 -1.586717
v -0.894796 1.159706 -1.569866
v -0.743060 1.159660 -1.569840
v -0.894815 1.179959 -1.540292
v -0.743060 1.179915 -1.540261
v -0.894796 1.200739 -1.511086
v -0.743060 1.200699 -1.511052
v -0.894746 1.212925 -1.495348
v -0.743060 1.212897 -1.495307
v -0.894717 1.219050 -1.489622
v -0.743060 1.219045 -1.489565
v -0.894749 1.224197 -1.487880
v -0.743060 1.224229 -1.487798
v -0.591371 1.224197 -1.487879
v -0.591403 1.219050 -1.489622
v -0.474676 1.218960 -1.490073
v -0.591374 1.212925 -1.495348
v -0.591324 1.200739 -1.511086
v -0.474444 1.213034 -1.495676
v -0.474049 1.200985 -1.511337
v -0.416036 1.213318 -1.496510
v -0.414712 1.201639 -1.511982
v -0.414214 1.181059 -1.541060
v -0.473890 1.180263 -1.540504
v -0.414712 1.160858 -1.570401
v -0.474049 1.160027 -1.570011
v -0.416036 1.150360 -1.586698
v -0.474444 1.149478 -1.586719
v -0.417007 1.147282 -1.593511
v -0.399820 1.148697 -1.592537
v -0.474676 1.146262 -1.594213
v -0.415980 1.147694 -1.597968
v -0.414613 1.152954 -1.603756
v -0.474424 1.146473 -1.599386
v -0.474014 1.151568 -1.605645
v -0.591371 1.146008 -1.599886
v -0.591320 1.151038 -1.606351
v -0.591403 1.145869 -1.594453
v -0.743060 1.145943 -1.599944
v -0.743060 1.150963 -1.606447
v -0.743060 1.145815 -1.594469
v -0.894749 1.146008 -1.599886
v -0.894800 1.151038 -1.606351
v -1.011695 1.146473 -1.599386
v -1.012106 1.151568 -1.605646
v -1.070139 1.147694 -1.597968
v -1.090399 1.149826 -1.595155
v -1.071506 1.152954 -1.603756
v -1.093388 1.155389 -1.600324
v -1.072020 1.164166 -1.612252
v -1.012269 1.162731 -1.614307
v -1.094386 1.166690 -1.608636
v -1.071506 1.176006 -1.619848
v -1.012106 1.174711 -1.621801
v -1.093388 1.178389 -1.616380
v -1.070139 1.183252 -1.622791
v -1.090399 1.185159 -1.619820
v -1.069112 1.187579 -1.621641
v -1.011695 1.182342 -1.624426
v -1.011443 1.187271 -1.622841
v -0.894749 1.182033 -1.625035
v -0.894717 1.187181 -1.623292
v -0.743060 1.182002 -1.625116
v -0.894800 1.174230 -1.622542
v -0.743060 1.174166 -1.622645
v -0.894820 1.162184 -1.615091
v -0.743060 1.162107 -1.615202
v -0.591299 1.162184 -1.615091
v -0.591320 1.174230 -1.622541
v -0.473850 1.162731 -1.614307
v -0.474014 1.174711 -1.621801
v -0.414100 1.164166 -1.612252
v -0.414613 1.176006 -1.619848
v -0.392732 1.178389 -1.616379
v -0.415980 1.183252 -1.622790
v -0.474424 1.182342 -1.624425
v -0.417007 1.187579 -1.621641
v -0.395721 1.185159 -1.619819
v -0.399820 1.188005 -1.619977
v -0.386744 1.189479 -1.613889
v -0.395783 1.192035 -1.615279
v -0.382117 1.200691 -1.598165
v -0.392863 1.203304 -1.599903
v -0.380646 1.221120 -1.569025
v -0.391890 1.223753 -1.570863
v -0.392863 1.243964 -1.541657
v -0.414214 1.225171 -1.571853
v -0.473890 1.225968 -1.572410
v -0.414712 1.245373 -1.542512
v -0.414712 1.204592 -1.600931
v -0.474049 1.205245 -1.601576
v -0.416036 1.192912 -1.616403
v -0.474444 1.193197 -1.617238
v -0.474676 1.187271 -1.622840
v -0.591374 1.193306 -1.617566
v -0.591324 1.205492 -1.601828
v -0.591403 1.187181 -1.623292
v -0.743060 1.193334 -1.617607
v -0.743060 1.205532 -1.601862
v -0.743060 1.187185 -1.623349
v -0.894746 1.193306 -1.617566
v -0.894796 1.205492 -1.601828
v -1.011675 1.193197 -1.617238
v -1.012071 1.205245 -1.601577
v -1.070084 1.192912 -1.616404
v -1.090336 1.192035 -1.615280
v -1.071408 1.204592 -1.600931
v -1.093257 1.203304 -1.599904
v -1.071906 1.225171 -1.571854
v -1.094230 1.223753 -1.570864
v -1.071408 1.245373 -1.542513
v -1.012230 1.225968 -1.572410
v -1.012071 1.246204 -1.542903
v -0.894815 1.226272 -1.572622
v -0.894796 1.246525 -1.543048
v -0.743060 1.226316 -1.572653
v -0.743060 1.246570 -1.543074
v -0.591304 1.226272 -1.572622
v -0.591324 1.246525 -1.543048
v -0.474049 1.246204 -1.542903
v -0.591374 1.257097 -1.526184
v -0.474444 1.256752 -1.526195
v -0.743060 1.257145 -1.526196
v -0.894746 1.257097 -1.526184
v -1.011675 1.256752 -1.526195
v -1.070084 1.255871 -1.526215
v -1.090337 1.254513 -1.525779
v -1.093257 1.243964 -1.541658
v -1.086300 1.257533 -1.520377
v -1.099376 1.252327 -1.523860
v -1.104002 1.241431 -1.539804
v -1.109839 1.235138 -1.535247
v -1.105474 1.221120 -1.569026
v -1.111689 1.214709 -1.564551
v -1.104002 1.200691 -1.598166
v -1.109839 1.194244 -1.593828
v -1.099376 1.189479 -1.613890
v -1.104081 1.182959 -1.609895
v -1.105583 1.171332 -1.601988
v -1.104081 1.159901 -1.593799
v -1.111720 1.182637 -1.585792
v -1.109839 1.171093 -1.577667
v -1.113706 1.203115 -1.556457
v -1.111689 1.191522 -1.548364
v -1.105474 1.185111 -1.543889
v -1.104002 1.164799 -1.573111
v -1.099376 1.153903 -1.589055
v -0.416036 1.255871 -1.526215
v -1.086300 1.188005 -1.619977
v -0.591371 1.182033 -1.625034
v -1.086300 1.148697 -1.592538
v -0.591374 1.149133 -1.586730
v -0.591324 1.159706 -1.569865
v -0.591304 1.179959 -1.540292
v -1.012105 0.960223 -1.879748
v -1.011695 0.952591 -1.877124
v -1.071506 0.958928 -1.881701
v -0.894800 0.960703 -1.879008
v -1.012269 0.972202 -1.887242
v -1.012105 0.983366 -1.895904
v -0.894820 0.972749 -1.886458
v -1.072020 0.970767 -1.889298
v -1.094386 0.968243 -1.892913
v -1.071506 0.981979 -1.897793
v -1.093388 0.979545 -1.901226
v -1.070139 0.987239 -1.903581
v -1.011695 0.988460 -1.902163
v -1.069112 0.987652 -1.908038
v -1.090399 0.985107 -1.906395
v -1.086300 0.986236 -1.909012
v -1.099376 0.981030 -1.912495
v -1.104081 0.975032 -1.907751
v -1.090336 0.983216 -1.914414
v -1.104002 0.970134 -1.928439
v -1.093256 0.972667 -1.930293
v -1.109838 0.963840 -1.923882
v -1.105473 0.949823 -1.957661
v -1.111689 0.943412 -1.953186
v -1.094229 0.952456 -1.959499
v -1.104002 0.929393 -1.986801
v -1.109838 0.922947 -1.982463
v -1.093256 0.932007 -1.988539
v -1.099376 0.918182 -2.002525
v -1.090336 0.920737 -2.003915
v -1.090399 0.913862 -2.008455
v -1.104081 0.911662 -1.998530
v -1.093387 0.907092 -2.005014
v -1.105582 0.900035 -1.990623
v -1.094386 0.895393 -1.997271
v -1.104081 0.888604 -1.982434
v -1.111720 0.911340 -1.974427
v -1.109838 0.899796 -1.966303
v -1.113706 0.931818 -1.945092
v -1.111720 0.952296 -1.915758
v -1.111689 0.920224 -1.936999
v -1.109838 0.940690 -1.907722
v -1.105473 0.913814 -1.932524
v -1.094229 0.911180 -1.930686
v -1.104002 0.934243 -1.903384
v -1.104002 0.893502 -1.961746
v -1.093256 0.890969 -1.959892
v -1.099376 0.882606 -1.977690
v -1.090399 0.878529 -1.983790
v -1.090336 0.880421 -1.975770
v -1.086300 0.877400 -1.981172
v -1.070084 0.879063 -1.975334
v -1.071408 0.889561 -1.959037
v -1.069112 0.875985 -1.982146
v -1.011675 0.878181 -1.975354
v -1.011443 0.874965 -1.982849
v -1.012071 0.888730 -1.958646
v -0.894746 0.877836 -1.975365
v -0.894717 0.874572 -1.983089
v -0.743060 0.877788 -1.975353
v -0.894795 0.888409 -1.958501
v -0.743060 0.888363 -1.958475
v -0.894815 0.908661 -1.928927
v -1.012229 0.908965 -1.929139
v -0.743060 0.908617 -1.928896
v -0.894795 0.929441 -1.899721
v -1.012071 0.929688 -1.899973
v -0.743060 0.929402 -1.899687
v -0.894746 0.941628 -1.883983
v -0.743060 0.941599 -1.883942
v -0.894717 0.947753 -1.878257
v -1.011675 0.941736 -1.884311
v -1.011443 0.947662 -1.878709
v -1.070084 0.942021 -1.885146
v -1.069112 0.947355 -1.879908
v -1.090336 0.942899 -1.886270
v -1.071408 0.930342 -1.900618
v -1.093256 0.931630 -1.901646
v -1.071906 0.909762 -1.929695
v -1.086300 0.946929 -1.881572
v -1.099376 0.945454 -1.887660
v -1.090399 0.949774 -1.881730
v -1.104081 0.951975 -1.891655
v -1.093388 0.956544 -1.885170
v -1.105582 0.963602 -1.899562
v -1.070139 0.951681 -1.878759
v -0.743060 0.947748 -1.878200
v -0.894748 0.952900 -1.876515
v -0.743060 0.952932 -1.876433
v -0.743060 0.960767 -1.878904
v -0.591371 0.952900 -1.876515
v -0.591402 0.947753 -1.878257
v -0.474424 0.952591 -1.877124
v -0.591320 0.960703 -1.879007
v -0.474014 0.960223 -1.879748
v -0.591299 0.972749 -1.886458
v -0.591320 0.983896 -1.895198
v -0.743060 0.972827 -1.886347
v -0.473850 0.972202 -1.887242
v -0.474014 0.983366 -1.895903
v -0.414099 0.970767 -1.889297
v -0.391733 0.968243 -1.892913
v -0.414613 0.981979 -1.897793
v -0.414613 0.958928 -1.881701
v -0.392732 0.956544 -1.885170
v -0.415980 0.951681 -1.878758
v -0.417007 0.947355 -1.879908
v -0.395720 0.949774 -1.881729
v -0.399820 0.946929 -1.881572
v -0.386744 0.945454 -1.887659
v -0.382039 0.951975 -1.891654
v -0.395783 0.942899 -1.886269
v -0.382117 0.934243 -1.903384
v -0.392863 0.931630 -1.901645
v -0.376281 0.940690 -1.907721
v -0.380646 0.913814 -1.932523
v -0.374430 0.920224 -1.936998
v -0.391890 0.911180 -1.930685
v -0.382117 0.893502 -1.961745
v -0.376281 0.899796 -1.966302
v -0.392863 0.890969 -1.959891
v -0.386744 0.882606 -1.977689
v -0.395783 0.880421 -1.975770
v -0.395720 0.878529 -1.983789
v -0.382039 0.888604 -1.982433
v -0.392732 0.884092 -1.988958
v -0.380537 0.900035 -1.990622
v -0.391733 0.895393 -1.997271
v -0.382039 0.911662 -1.998529
v -0.374399 0.911340 -1.974427
v -0.376281 0.922947 -1.982463
v -0.372413 0.931818 -1.945092
v -0.374430 0.943412 -1.953185
v -0.374399 0.952296 -1.915757
v -0.376281 0.963840 -1.923882
v -0.380537 0.963602 -1.899562
v -0.382039 0.975032 -1.907750
v -0.392732 0.979545 -1.901226
v -0.386744 0.981030 -1.912494
v -0.382117 0.970134 -1.928438
v -0.395783 0.983216 -1.914414
v -0.395720 0.985107 -1.906395
v -0.399820 0.986236 -1.909012
v -0.415980 0.987239 -1.903581
v -0.417007 0.987652 -1.908038
v -0.474424 0.988460 -1.902163
v -0.474676 0.988671 -1.907336
v -0.591371 0.988925 -1.901663
v -0.591402 0.989064 -1.907095
v -0.743060 0.988991 -1.901605
v -0.743060 0.983971 -1.895102
v -0.743060 0.989119 -1.907080
v -0.894748 0.988925 -1.901663
v -0.894800 0.983896 -1.895198
v -0.894717 0.989064 -1.907095
v -1.011443 0.988671 -1.907336
v -0.894746 0.985800 -1.914819
v -0.743060 0.985848 -1.914832
v -0.894795 0.975228 -1.931684
v -1.011675 0.985455 -1.914830
v -1.012071 0.974907 -1.931538
v -1.070084 0.984573 -1.914851
v -1.071408 0.974075 -1.931148
v -1.071906 0.953874 -1.960489
v -1.012229 0.954671 -1.961045
v -1.071408 0.933295 -1.989566
v -1.012071 0.933948 -1.990212
v -1.070084 0.921615 -2.005039
v -1.011675 0.921900 -2.005873
v -1.069112 0.916281 -2.010276
v -1.086300 0.916708 -2.008612
v -1.011443 0.915974 -2.011476
v -1.070139 0.911955 -2.011425
v -1.071506 0.904709 -2.008483
v -1.011695 0.911045 -2.013061
v -1.012105 0.903413 -2.010437
v -0.894748 0.910736 -2.013670
v -0.894717 0.915883 -2.011928
v -0.743060 0.910705 -2.013751
v -0.894800 0.902933 -2.011177
v -0.743060 0.902869 -2.011281
v -0.894820 0.890887 -2.003726
v -0.894800 0.879741 -1.994987
v -1.012269 0.891434 -2.002943
v -0.743060 0.890809 -2.003838
v -0.743060 0.879665 -1.995082
v -0.591299 0.890887 -2.003726
v -0.591319 0.879741 -1.994986
v -0.591319 0.902933 -2.011177
v -0.473850 0.891434 -2.002942
v -0.474014 0.880270 -1.994281
v -0.474014 0.903413 -2.010436
v -0.414099 0.892869 -2.000886
v -0.414613 0.904709 -2.008482
v -0.414613 0.881657 -1.992391
v -0.415980 0.876397 -1.986603
v -0.417007 0.875985 -1.982146
v -0.474424 0.875176 -1.988021
v -0.474676 0.874965 -1.982848
v -0.591371 0.874711 -1.988521
v -0.591402 0.874572 -1.983089
v -0.743060 0.874646 -1.988579
v -0.743060 0.874517 -1.983104
v -0.894748 0.874711 -1.988521
v -1.011695 0.875176 -1.988021
v -1.012105 0.880271 -1.994281
v -1.070139 0.876397 -1.986603
v -1.071506 0.881657 -1.992391
v -1.093387 0.884092 -1.988959
v -1.072020 0.892869 -2.000887
v -0.591373 0.877836 -1.975365
v -0.474444 0.878181 -1.975354
v -0.591324 0.888409 -1.958501
v -0.474048 0.888730 -1.958646
v -0.591304 0.908661 -1.928927
v -0.473890 0.908965 -1.929139
v -0.591324 0.929441 -1.899721
v -0.474048 0.929688 -1.899972
v -0.591373 0.941628 -1.883983
v -0.474444 0.941736 -1.884311
v -0.474676 0.947662 -1.878708
v -0.416035 0.942021 -1.885145
v -0.414712 0.930342 -1.900618
v -0.414213 0.909762 -1.929695
v -0.414712 0.889561 -1.959036
v -0.416035 0.879063 -1.975334
v -0.399819 0.877400 -1.981172
v -0.392732 0.907092 -2.005014
v -0.415980 0.911955 -2.011425
v -0.474424 0.911045 -2.013060
v -0.417007 0.916281 -2.010276
v -0.395720 0.913862 -2.008454
v -0.399819 0.916708 -2.008612
v -0.386743 0.918182 -2.002524
v -0.395783 0.920737 -2.003914
v -0.382117 0.929393 -1.986800
v -0.392863 0.932007 -1.988539
v -0.380646 0.949823 -1.957660
v -0.391890 0.952456 -1.959499
v -0.392863 0.972667 -1.930292
v -0.414213 0.953874 -1.960489
v -0.473890 0.954671 -1.961045
v -0.414712 0.974075 -1.931147
v -0.414712 0.933295 -1.989566
v -0.474048 0.933948 -1.990212
v -0.416035 0.921615 -2.005038
v -0.474444 0.921900 -2.005873
v -0.474676 0.915974 -2.011475
v -0.591373 0.922009 -2.006201
v -0.591324 0.934195 -1.990463
v -0.591402 0.915884 -2.011927
v -0.743060 0.922037 -2.006242
v -0.743060 0.934235 -1.990497
v -0.743060 0.915888 -2.011984
v -0.894746 0.922009 -2.006201
v -0.894795 0.934195 -1.990463
v -0.894815 0.954975 -1.961257
v -0.743060 0.955019 -1.961288
v -0.743060 0.975273 -1.931709
v -0.591304 0.954975 -1.961257
v -0.591324 0.975228 -1.931683
v -0.474048 0.974907 -1.931538
v -0.591373 0.985800 -1.914819
v -0.474444 0.985455 -1.914830
v -0.416035 0.984573 -1.914850
v -0.591371 0.910736 -2.013669
v -0.896326 0.706020 -2.243896
v -0.896097 0.698386 -2.241275
v -0.930148 0.704736 -2.245833
v -0.829506 0.706495 -2.243163
v -0.896418 0.718000 -2.251388
v -0.896326 0.729163 -2.260051
v -0.829517 0.718541 -2.250613
v -0.930436 0.716578 -2.253425
v -0.943166 0.714062 -2.257030
v -0.930148 0.727787 -2.261924
v -0.942605 0.725359 -2.265347
v -0.929383 0.733040 -2.267722
v -0.896097 0.734255 -2.266315
v -0.928817 0.733443 -2.272187
v -0.940925 0.730910 -2.270528
v -0.938611 0.732028 -2.273154
v -0.946063 0.726823 -2.276630
v -0.948715 0.720838 -2.271880
v -0.940936 0.728999 -2.278556
v -0.948728 0.715915 -2.292580
v -0.942627 0.718440 -2.294434
v -0.952021 0.709633 -2.288026
v -0.949577 0.695597 -2.321805
v -0.953085 0.689197 -2.317338
v -0.943192 0.698224 -2.323639
v -0.948728 0.675167 -2.350952
v -0.952021 0.668727 -2.346624
v -0.942627 0.677777 -2.352683
v -0.946063 0.663954 -2.366690
v -0.940936 0.666512 -2.368068
v -0.940925 0.659635 -2.372630
v -0.948715 0.657432 -2.362709
v -0.942605 0.652858 -2.369205
v -0.949559 0.645805 -2.354807
v -0.943166 0.641156 -2.361467
v -0.948715 0.634380 -2.346617
v -0.953080 0.657124 -2.338593
v -0.952021 0.645586 -2.330471
v -0.954221 0.677609 -2.309248
v -0.953080 0.698094 -2.279904
v -0.953085 0.666021 -2.301159
v -0.952021 0.686492 -2.271873
v -0.949577 0.659621 -2.296691
v -0.943192 0.656994 -2.294858
v -0.948728 0.680052 -2.267545
v -0.948728 0.639304 -2.325917
v -0.942627 0.636779 -2.324064
v -0.946063 0.628395 -2.341867
v -0.940925 0.624308 -2.347969
v -0.940936 0.626220 -2.339941
v -0.938611 0.623190 -2.345343
v -0.929392 0.624862 -2.339498
v -0.930165 0.635366 -2.323203
v -0.928817 0.621775 -2.346311
v -0.896100 0.623975 -2.339513
v -0.895961 0.620756 -2.347007
v -0.896332 0.634526 -2.322806
v -0.829477 0.623628 -2.339521
v -0.829460 0.620363 -2.347245
v -0.743059 0.623579 -2.339509
v -0.829506 0.634201 -2.322657
v -0.743059 0.634154 -2.322631
v -0.829518 0.654453 -2.293084
v -0.896425 0.654762 -2.293300
v -0.743059 0.654408 -2.293052
v -0.829506 0.675233 -2.263878
v -0.896332 0.675484 -2.264132
v -0.743059 0.675193 -2.263844
v -0.829477 0.687419 -2.248140
v -0.743059 0.687390 -2.248099
v -0.829460 0.693544 -2.242413
v -0.896100 0.687531 -2.248469
v -0.895961 0.693456 -2.242864
v -0.929392 0.687822 -2.249307
v -0.928817 0.693153 -2.244061
v -0.940936 0.688706 -2.250429
v -0.930165 0.676147 -2.264784
v -0.942627 0.677442 -2.265814
v -0.930455 0.655570 -2.293863
v -0.938611 0.692733 -2.245722
v -0.946063 0.691264 -2.251807
v -0.940925 0.695583 -2.245867
v -0.948715 0.697786 -2.255788
v -0.942605 0.702360 -2.249292
v -0.949559 0.709413 -2.263690
v -0.929383 0.697483 -2.242900
v -0.743059 0.693539 -2.242356
v -0.829477 0.698692 -2.240670
v -0.743059 0.698723 -2.240590
v -0.743059 0.706558 -2.243060
v -0.656642 0.698692 -2.240670
v -0.656659 0.693544 -2.242413
v -0.590022 0.698386 -2.241275
v -0.656613 0.706495 -2.243163
v -0.589792 0.706020 -2.243896
v -0.656602 0.718541 -2.250613
v -0.656613 0.729687 -2.259353
v -0.743059 0.718618 -2.250503
v -0.589700 0.718000 -2.251388
v -0.589792 0.729163 -2.260051
v -0.555682 0.716578 -2.253425
v -0.542953 0.714062 -2.257030
v -0.555970 0.727787 -2.261924
v -0.555970 0.704736 -2.245832
v -0.543513 0.702360 -2.249292
v -0.556736 0.697483 -2.242900
v -0.557302 0.693153 -2.244061
v -0.545193 0.695583 -2.245867
v -0.547507 0.692733 -2.245722
v -0.540055 0.691264 -2.251807
v -0.537404 0.697786 -2.255788
v -0.545183 0.688706 -2.250429
v -0.537391 0.680052 -2.267545
v -0.543492 0.677442 -2.265813
v -0.534098 0.686492 -2.271872
v -0.536541 0.659621 -2.296691
v -0.533033 0.666021 -2.301159
v -0.542927 0.656994 -2.294857
v -0.537391 0.639304 -2.325917
v -0.534098 0.645586 -2.330471
v -0.543492 0.636779 -2.324063
v -0.540055 0.628395 -2.341867
v -0.545183 0.626220 -2.339941
v -0.545193 0.624308 -2.347969
v -0.537404 0.634380 -2.346617
v -0.543513 0.629860 -2.353150
v -0.536559 0.645805 -2.354807
v -0.542953 0.641156 -2.361467
v -0.537404 0.657432 -2.362709
v -0.533039 0.657124 -2.338593
v -0.534098 0.668727 -2.346624
v -0.531898 0.677609 -2.309248
v -0.533033 0.689197 -2.317338
v -0.533039 0.698094 -2.279904
v -0.534098 0.709633 -2.288026
v -0.536559 0.709413 -2.263690
v -0.537404 0.720838 -2.271880
v -0.543513 0.725359 -2.265347
v -0.540055 0.726823 -2.276630
v -0.537391 0.715915 -2.292580
v -0.545183 0.728999 -2.278556
v -0.545193 0.730910 -2.270527
v -0.547507 0.732028 -2.273153
v -0.556736 0.733040 -2.267721
v -0.557302 0.733443 -2.272186
v -0.590022 0.734255 -2.266314
v -0.590158 0.734462 -2.271490
v -0.656642 0.734717 -2.265819
v -0.656659 0.734855 -2.271251
v -0.743059 0.734782 -2.265762
v -0.743059 0.729762 -2.259258
v -0.743059 0.734910 -2.271236
v -0.829477 0.734717 -2.265819
v -0.829506 0.729687 -2.259353
v -0.829460 0.734855 -2.271252
v -0.895961 0.734462 -2.271490
v -0.829477 0.731591 -2.278975
v -0.743059 0.731639 -2.278987
v -0.829506 0.721018 -2.295839
v -0.896100 0.731243 -2.278984
v -0.896332 0.720693 -2.295691
v -0.929392 0.730357 -2.278999
v -0.930165 0.719852 -2.295294
v -0.930455 0.699649 -2.324634
v -0.896425 0.700456 -2.325197
v -0.930165 0.679071 -2.353713
v -0.896332 0.679734 -2.354364
v -0.929392 0.667397 -2.369190
v -0.896100 0.667688 -2.370028
v -0.928817 0.662065 -2.374436
v -0.938611 0.662486 -2.372775
v -0.895960 0.661763 -2.375633
v -0.929383 0.657735 -2.375597
v -0.930148 0.650482 -2.372664
v -0.896097 0.656833 -2.377222
v -0.896326 0.649198 -2.374601
v -0.829477 0.656527 -2.377826
v -0.829460 0.661674 -2.376083
v -0.743059 0.656496 -2.377907
v -0.829505 0.648723 -2.375334
v -0.743059 0.648660 -2.375437
v -0.829517 0.636677 -2.367883
v -0.829505 0.625531 -2.359144
v -0.896418 0.637218 -2.367108
v -0.743059 0.636600 -2.367994
v -0.743059 0.625457 -2.359239
v -0.656602 0.636677 -2.367883
v -0.656613 0.625531 -2.359144
v -0.656613 0.648723 -2.375334
v -0.589700 0.637218 -2.367109
v -0.589792 0.626056 -2.358445
v -0.589792 0.649198 -2.374600
v -0.555682 0.638640 -2.365072
v -0.555970 0.650482 -2.372663
v -0.555970 0.627431 -2.356573
v -0.556735 0.622178 -2.350775
v -0.557302 0.621775 -2.346310
v -0.590021 0.620964 -2.352182
v -0.590158 0.620756 -2.347007
v -0.656642 0.620501 -2.352678
v -0.656659 0.620363 -2.347245
v -0.743059 0.620437 -2.352735
v -0.743059 0.620308 -2.347260
v -0.829477 0.620501 -2.352678
v -0.896097 0.620964 -2.352182
v -0.896326 0.626056 -2.358446
v -0.929383 0.622178 -2.350775
v -0.930148 0.627431 -2.356573
v -0.942605 0.629860 -2.353150
v -0.930436 0.638640 -2.365072
v -0.656641 0.623628 -2.339521
v -0.590018 0.623975 -2.339513
v -0.656612 0.634201 -2.322657
v -0.589786 0.634526 -2.322805
v -0.656601 0.654453 -2.293084
v -0.589694 0.654762 -2.293299
v -0.656612 0.675233 -2.263878
v -0.589787 0.675484 -2.264132
v -0.656641 0.687419 -2.248140
v -0.590018 0.687531 -2.248469
v -0.590158 0.693456 -2.242864
v -0.556726 0.687822 -2.249306
v -0.555954 0.676147 -2.264784
v -0.555663 0.655570 -2.293863
v -0.555954 0.635366 -2.323203
v -0.556726 0.624862 -2.339497
v -0.547507 0.623190 -2.345343
v -0.543513 0.652858 -2.369205
v -0.556735 0.657735 -2.375596
v -0.590021 0.656833 -2.377222
v -0.557302 0.662065 -2.374436
v -0.545193 0.659635 -2.372630
v -0.547507 0.662486 -2.372774
v -0.540055 0.663954 -2.366690
v -0.545183 0.666512 -2.368068
v -0.537391 0.675167 -2.350952
v -0.543492 0.677777 -2.352683
v -0.536541 0.695597 -2.321805
v -0.542927 0.698224 -2.323639
v -0.543492 0.718440 -2.294433
v -0.555663 0.699649 -2.324634
v -0.589694 0.700456 -2.325197
v -0.555954 0.719852 -2.295294
v -0.555954 0.679071 -2.353713
v -0.589786 0.679734 -2.354364
v -0.556726 0.667397 -2.369190
v -0.590018 0.667688 -2.370027
v -0.590158 0.661763 -2.375633
v -0.656641 0.667799 -2.370357
v -0.656612 0.679985 -2.354619
v -0.656659 0.661674 -2.376083
v -0.743059 0.667828 -2.370398
v -0.743059 0.680026 -2.354653
v -0.743059 0.661679 -2.376140
v -0.829477 0.667799 -2.370357
v -0.829506 0.679985 -2.354619
v -0.829518 0.700765 -2.325413
v -0.743059 0.700810 -2.325444
v -0.743059 0.721064 -2.295865
v -0.656601 0.700765 -2.325413
v -0.656612 0.721018 -2.295839
v -0.589786 0.720693 -2.295691
v -0.656641 0.731591 -2.278975
v -0.590018 0.731243 -2.278984
v -0.556726 0.730357 -2.278999
v -0.656642 0.656527 -2.377826
v -2.109385 0.176333 -0.890196
v -2.147787 0.176214 -0.903876
v -2.138855 0.603476 -0.894851
v -2.037988 0.176509 -0.887456
v -1.966353 0.176675 -0.892188
v -2.062798 0.604855 -0.892571
v -1.986502 0.606093 -0.898409
v -2.102227 1.076859 -0.893044
v -2.018330 1.079709 -0.900775
v -2.185737 1.073731 -0.894824
v -2.160251 1.616206 -0.886152
v -2.232331 2.177653 -0.899408
v -2.255082 1.610494 -0.887486
v -2.064862 1.621476 -0.896772
v -2.130433 2.185679 -0.912528
v -2.013105 1.623839 -0.922263
v -1.972719 1.080943 -0.920610
v -1.994929 1.623169 -0.987628
v -2.075158 2.189424 -0.942222
v -2.056200 2.189111 -1.017268
v -2.163775 2.722388 -1.001801
v -2.214740 2.717582 -0.973654
v -2.146204 2.722396 -1.071158
v -2.271170 3.232090 -1.087725
v -2.313139 3.226937 -1.065456
v -2.256614 3.232215 -1.140107
v -2.253400 3.229201 -1.234227
v -2.257966 3.225114 -1.327449
v -2.144805 2.719100 -1.196663
v -2.154012 2.714744 -1.321319
v -2.054641 2.185385 -1.153415
v -2.064429 2.180584 -1.288710
v -1.991666 1.619685 -1.106197
v -1.951920 1.077794 -1.065869
v -1.998510 1.615399 -1.224003
v -1.956126 1.074975 -1.159135
v -2.018572 1.611904 -1.286587
v -1.972318 1.072633 -1.208760
v -2.070098 1.608380 -1.305481
v -2.087671 2.176584 -1.360490
v -2.143267 2.172451 -1.381171
v -2.176167 2.711182 -1.387303
v -2.227622 2.708636 -1.405516
v -2.274403 3.222121 -1.376450
v -2.316772 3.222907 -1.389178
v -2.394024 3.227522 -1.384709
v -2.320288 2.706243 -1.401086
v -2.469717 3.225887 -1.375334
v -2.508035 3.210805 -1.363505
v -2.410861 2.700763 -1.386378
v -2.340350 2.159961 -1.361655
v -2.457868 2.690855 -1.362463
v -2.391866 2.154721 -1.332338
v -2.472831 2.683106 -1.297854
v -2.409159 2.153196 -1.260020
v -2.520125 3.195012 -1.318797
v -2.475686 2.683052 -1.172733
v -2.470458 2.687141 -1.046262
v -2.523681 3.191181 -1.220310
v -2.412891 2.155988 -1.126874
v -2.407310 2.160345 -0.993723
v -2.328429 1.600541 -1.085641
v -2.324009 1.604214 -0.969908
v -2.323573 1.597285 -1.201670
v -2.249524 1.067518 -1.053261
v -2.246226 1.069929 -0.960991
v -2.244419 1.065316 -1.145781
v -2.196710 0.600460 -1.030996
v -2.193890 0.601655 -0.951967
v -2.191849 0.599392 -1.110215
v -2.163725 0.175943 -1.016434
v -2.159178 0.175800 -1.089581
v -2.161039 0.176103 -0.943401
v -2.144802 0.175717 -1.129291
v -2.105918 0.175772 -1.143940
v -2.176536 0.598790 -1.153313
v -2.135336 0.599144 -1.169705
v -2.227982 1.064252 -1.196383
v -2.183294 1.065210 -1.216331
v -2.305957 1.596281 -1.265422
v -2.256382 1.598551 -1.291365
v -2.163796 1.603358 -1.304274
v -2.242806 2.166567 -1.377846
v -2.100578 1.067747 -1.225079
v -2.017471 1.070548 -1.224495
v -2.059429 0.600198 -1.175932
v -1.983442 0.601395 -1.174189
v -2.034311 0.175899 -1.148796
v -1.962701 0.176049 -1.146299
v -1.923997 0.176175 -1.132861
v -1.910786 0.176322 -1.093535
v -1.942326 0.602342 -1.160127
v -1.928149 0.603530 -1.117665
v -1.925070 0.604910 -1.038186
v -1.929739 0.606154 -0.958481
v -1.908178 0.176499 -1.020315
v -1.912842 0.176671 -0.946967
v -1.927275 0.176732 -0.906954
v -1.944946 0.606610 -0.914880
v -1.956339 1.080231 -0.972136
v -2.179795 0.602539 -0.909315
v -2.230640 1.071653 -0.911239
v -2.306088 1.606834 -0.907561
v -2.388055 2.163806 -0.922323
v -2.333588 2.169109 -0.899942
v -2.452728 2.691125 -0.979082
v -2.402596 2.697408 -0.959056
v -2.507033 3.199041 -1.064804
v -2.520923 3.194757 -1.118177
v -2.466679 3.205622 -1.050352
v -2.390258 3.216477 -1.053182
v -2.309011 2.707729 -0.960072
v -2.230460 3.703680 -1.056606
v -1.986579 3.737013 -1.136027
v -2.333105 3.694610 -0.917060
v -2.264228 3.685829 -1.251872
v -2.451328 3.663409 -1.089405
v -2.592450 3.626284 -1.088107
v -2.452754 3.653040 -1.236518
v -2.460379 3.671231 -0.917897
v -2.552554 3.647587 -0.910180
v -2.468513 3.678344 -0.733483
v -2.555816 3.656029 -0.726483
v -2.353077 3.699395 -0.739731
v -2.474712 3.684324 -0.549021
v -2.562294 3.662446 -0.543627
v -2.479514 3.688862 -0.366624
v -2.358927 3.705430 -0.555385
v -2.363596 3.709961 -0.371084
v -2.366271 3.712332 -0.187435
v -2.367144 3.713063 -0.004527
v -2.482153 3.691277 -0.185202
v -2.570070 3.670460 -0.183411
v -2.482982 3.692030 -0.004527
v -2.570917 3.671415 -0.004527
v -2.482154 3.691277 0.176149
v -2.570070 3.670460 0.174358
v -2.366272 3.712332 0.178382
v -2.479515 3.688862 0.357571
v -2.363597 3.709961 0.362031
v -2.567330 3.667562 0.353972
v -2.474713 3.684324 0.539968
v -2.562294 3.662446 0.534574
v -2.358928 3.705430 0.546332
v -2.468514 3.678344 0.724430
v -2.555817 3.656029 0.717429
v -2.353078 3.699395 0.730678
v -2.460380 3.671231 0.908844
v -2.552556 3.647587 0.901127
v -2.333107 3.694610 0.908007
v -2.451329 3.663409 1.080352
v -2.592451 3.626284 1.079053
v -2.230462 3.703680 1.047554
v -2.452756 3.653040 1.227464
v -2.452966 3.638908 1.329712
v -2.597085 3.619962 1.215818
v -2.264230 3.685829 1.242819
v -2.264378 3.671654 1.354284
v -1.987049 3.727056 1.277836
v -1.986580 3.737013 1.126975
v -1.640623 3.771976 1.316331
v -1.983998 3.714217 1.389987
v -1.637602 3.759980 1.430512
v -1.979922 3.689816 1.444073
v -1.972080 3.627512 1.457429
v -2.260183 3.644848 1.406136
v -1.634555 3.738447 1.486353
v -1.627726 3.685584 1.500361
v -1.258428 3.778416 1.522784
v -1.252793 3.730919 1.537249
v -1.260320 3.798247 1.465592
v -0.855655 3.806103 1.549312
v -0.851889 3.760574 1.564027
v -0.857035 3.825447 1.491374
v -0.436336 3.824412 1.568017
v -0.434490 3.779309 1.582812
v -0.437128 3.843611 1.509398
v 0.056598 3.830216 1.583141
v 0.056598 3.849314 1.524093
v 0.056598 3.785046 1.597932
v 0.549533 3.824412 1.568018
v 0.547687 3.779309 1.582813
v 0.968852 3.806103 1.549313
v 0.550324 3.843611 1.509399
v 0.970232 3.825447 1.491375
v 0.551100 3.855362 1.389718
v 0.551883 3.864928 1.234113
v 0.056598 3.861015 1.403796
v 0.971556 3.837168 1.373021
v 0.972823 3.846626 1.219140
v 1.375407 3.809919 1.348909
v 1.377171 3.819087 1.197197
v 1.373517 3.798247 1.465594
v 1.753820 3.771976 1.316334
v 1.756809 3.781024 1.167874
v 1.750799 3.759980 1.430515
v 2.100246 3.727056 1.277839
v 2.099778 3.737013 1.126978
v 2.097195 3.714217 1.389990
v 2.377427 3.685829 1.242823
v 2.377575 3.671654 1.354287
v 2.343659 3.703680 1.047557
v 2.565953 3.653040 1.227468
v 2.566163 3.638908 1.329715
v 2.710282 3.619962 1.215822
v 2.564527 3.663409 1.080355
v 2.705648 3.626284 1.079057
v 2.573577 3.671231 0.908848
v 2.665753 3.647587 0.901131
v 2.581712 3.678344 0.724433
v 2.446304 3.694610 0.908010
v 2.466276 3.699395 0.730682
v 2.472126 3.705430 0.546335
v 2.476795 3.709961 0.362034
v 2.587911 3.684324 0.539971
v 2.675492 3.662446 0.534577
v 2.592713 3.688862 0.357574
v 2.680529 3.667562 0.353976
v 2.595353 3.691277 0.176152
v 2.683269 3.670460 0.174361
v 2.596180 3.692030 -0.004523
v 2.479471 3.712332 0.178385
v 2.480343 3.713063 -0.004523
v 2.479471 3.712332 -0.187431
v 2.476796 3.709961 -0.371081
v 2.595353 3.691277 -0.185198
v 2.683270 3.670460 -0.183407
v 2.592714 3.688862 -0.366620
v 2.680529 3.667562 -0.363022
v 2.587912 3.684324 -0.549017
v 2.675493 3.662446 -0.543623
v 2.472127 3.705430 -0.555381
v 2.581713 3.678344 -0.733479
v 2.669016 3.656029 -0.726479
v 2.466277 3.699395 -0.739728
v 2.573579 3.671231 -0.917894
v 2.665755 3.647587 -0.910176
v 2.446306 3.694610 -0.917056
v 2.564528 3.663409 -1.089401
v 2.705650 3.626284 -1.088103
v 2.343660 3.703680 -1.056603
v 2.565955 3.653040 -1.236514
v 2.566165 3.638908 -1.338762
v 2.710284 3.619962 -1.224868
v 2.377429 3.685829 -1.251869
v 2.377577 3.671654 -1.363333
v 2.100248 3.727056 -1.286886
v 2.099779 3.737013 -1.136024
v 1.753821 3.771976 -1.325381
v 2.097197 3.714217 -1.399037
v 1.750801 3.759980 -1.439562
v 2.093121 3.689816 -1.453123
v 2.085279 3.627512 -1.466479
v 2.373382 3.644848 -1.415186
v 1.747754 3.738447 -1.495403
v 1.740925 3.685584 -1.509411
v 1.371627 3.778416 -1.531834
v 1.365992 3.730919 -1.546299
v 1.373519 3.798247 -1.474642
v 0.968854 3.806103 -1.558361
v 0.965088 3.760574 -1.573077
v 0.970234 3.825447 -1.500423
v 0.549535 3.824412 -1.577067
v 0.547689 3.779309 -1.591862
v 0.550327 3.843611 -1.518448
v 0.056601 3.830216 -1.592191
v 0.056601 3.849314 -1.533143
v 0.056601 3.785046 -1.606982
v -0.436334 3.824412 -1.577068
v -0.434488 3.779309 -1.591863
v -0.855653 3.806103 -1.558363
v -0.437126 3.843611 -1.518449
v -0.857033 3.825447 -1.500425
v -0.437901 3.855362 -1.398767
v -0.438684 3.864928 -1.243163
v 0.056600 3.861015 -1.412846
v -0.858357 3.837168 -1.382070
v -0.859624 3.846626 -1.228189
v -1.262208 3.809919 -1.357959
v -1.263972 3.819087 -1.206246
v -1.260318 3.798247 -1.474644
v -1.640621 3.771976 -1.325383
v -1.643611 3.781024 -1.176924
v -1.637600 3.759980 -1.439564
v -1.987048 3.727056 -1.286889
v -1.983996 3.714217 -1.399040
v -2.264376 3.671654 -1.363337
v -1.979920 3.689816 -1.453126
v -1.972078 3.627512 -1.466482
v -2.260181 3.644848 -1.415189
v -1.634552 3.738447 -1.495405
v -1.627724 3.685584 -1.509413
v -1.258426 3.778416 -1.531836
v -1.252791 3.730919 -1.546301
v -0.851887 3.760574 -1.573078
v -1.243719 3.646224 -1.542109
v -0.845688 3.679517 -1.568877
v -1.234360 3.562140 -1.527942
v -1.616798 3.590500 -1.504911
v -1.605105 3.497035 -1.490785
v -1.961876 3.511848 -1.460937
v -1.956081 3.394868 -1.445239
v -2.243391 3.437175 -1.421416
v -2.250665 3.575006 -1.428131
v -2.316772 3.222907 -1.389177
v -2.416498 3.405287 -1.396904
v -2.394024 3.227521 -1.384709
v -2.550604 3.388359 -1.377011
v -2.437535 3.541287 -1.400749
v -2.580961 3.513572 -1.378383
v -2.449376 3.611455 -1.387766
v -2.594451 3.579738 -1.365189
v -2.452964 3.638908 -1.338765
v -2.598015 3.606388 -1.318715
v -2.743734 3.567259 -1.296437
v -2.597083 3.619962 -1.224872
v -2.745963 3.578941 -1.209708
v -2.882306 3.555557 -1.192297
v -2.749936 3.578228 -1.119594
v -2.887444 3.554577 -1.106976
v -2.760275 3.554638 -1.072281
v -2.759675 3.490768 -1.050968
v -2.648049 3.584715 -1.075288
v -2.889984 3.534904 -1.059120
v -2.884828 3.475077 -1.038606
v -2.994027 3.552780 -1.050149
v -2.990648 3.571668 -1.097184
v -3.073176 3.600721 -1.045185
v -2.993508 3.493596 -1.029836
v -3.081521 3.542933 -1.024507
v -2.990577 3.384042 -1.018743
v -2.987210 3.274538 -1.016368
v -2.869109 3.365297 -1.027783
v -3.095699 3.436048 -1.012794
v -3.110296 3.330110 -1.009955
v -3.177899 3.513980 -1.010985
v -3.230028 3.582219 -1.014283
v -3.204076 3.420577 -1.008050
v -3.151219 3.610409 -1.022713
v -3.198164 3.668508 -1.025169
v -3.135773 3.662368 -1.042966
v -3.126452 3.678351 -1.089335
v -3.178914 3.713298 -1.043444
v -3.169256 3.725704 -1.088223
v -3.199037 3.730721 -1.048143
v -3.195015 3.737710 -1.086753
v -3.219963 3.695426 -1.037984
v -3.222266 3.700938 -1.080624
v -3.256289 3.609732 -1.028146
v -3.262281 3.613205 -1.071084
v -3.270174 3.497427 -1.022005
v -3.246841 3.500226 -1.010635
v -3.278687 3.494836 -1.065115
v -3.221609 3.376641 -1.019750
v -3.226315 3.362264 -1.062096
v -3.118376 3.273587 -1.022134
v -3.118700 3.252750 -1.064994
v -2.984488 3.214869 -1.028918
v -2.980831 3.191969 -1.072613
v -2.839271 3.196147 -1.039234
v -2.851059 3.255787 -1.025882
v -2.831990 3.173289 -1.084979
v -2.698226 3.203096 -1.050282
v -2.682568 3.180214 -1.100425
v -2.587403 3.218340 -1.053941
v -2.717277 3.264015 -1.036115
v -2.613465 3.281473 -1.039561
v -2.741429 3.376803 -1.038746
v -2.638567 3.398706 -1.043335
v -2.654956 3.517157 -1.057280
v -2.586521 3.412435 -1.029397
v -2.561316 3.293048 -1.025019
v -2.570994 3.421592 -0.973408
v -2.603558 3.531756 -1.044309
v -2.588943 3.541286 -0.989437
v -2.606178 3.589415 -1.059207
v -2.591922 3.606025 -1.017361
v -2.588373 3.617450 -0.889662
v -2.589067 3.551254 -0.870710
v -2.594018 3.626103 -0.718358
v -2.595018 3.562366 -0.709627
v -2.600738 3.634264 -0.539729
v -2.602091 3.575580 -0.535909
v -2.606224 3.641424 -0.360767
v -2.567329 3.667562 -0.363026
v -2.608383 3.588418 -0.358666
v -2.609306 3.645925 -0.182308
v -2.612177 3.597329 -0.181308
v -2.610286 3.647520 -0.004527
v -2.613555 3.600717 -0.004527
v -2.609306 3.645925 0.173255
v -2.606225 3.641424 0.351714
v -2.612177 3.597329 0.172255
v -2.608384 3.588418 0.349613
v -2.597551 3.513474 0.171040
v -2.575457 3.430891 0.169957
v -2.599482 3.520091 -0.004527
v -2.592203 3.496350 0.346998
v -2.568537 3.405535 0.344646
v -2.584165 3.472941 0.522413
v -2.558749 3.371530 0.518668
v -2.602092 3.575580 0.526856
v -2.576017 3.450196 0.692769
v -2.549743 3.339260 0.687946
v -2.595019 3.562366 0.700574
v -2.570207 3.433436 0.848737
v -2.544238 3.316674 0.843538
v -2.589068 3.551254 0.861656
v -2.570996 3.421592 0.964355
v -2.545621 3.302317 0.959451
v -2.588944 3.541286 0.980384
v -2.586522 3.412435 1.020344
v -2.638568 3.398706 1.034281
v -2.561317 3.293048 1.015965
v -2.603559 3.531756 1.035256
v -2.654957 3.517157 1.048227
v -2.606179 3.589415 1.050154
v -2.591924 3.606025 1.008307
v -2.648050 3.584715 1.066235
v -2.760276 3.554638 1.063227
v -2.759676 3.490768 1.041914
v -2.749937 3.578228 1.110540
v -2.889985 3.534904 1.050066
v -2.884829 3.475077 1.029552
v -2.887445 3.554577 1.097923
v -2.994029 3.552780 1.041095
v -2.990650 3.571668 1.088130
v -3.073177 3.600721 1.036131
v -2.993510 3.493596 1.020783
v -3.081522 3.542933 1.015453
v -2.990578 3.384042 1.009689
v -2.987211 3.274538 1.007314
v -2.869111 3.365297 1.018729
v -3.095700 3.436048 1.003740
v -3.110298 3.330110 1.000900
v -3.177900 3.513980 1.001931
v -3.230030 3.582219 1.005229
v -3.204078 3.420577 0.998996
v -3.151221 3.610409 1.013659
v -3.198165 3.668508 1.016115
v -3.135775 3.662368 1.033912
v -3.126454 3.678351 1.080281
v -3.178916 3.713298 1.034390
v -3.169257 3.725704 1.079169
v -3.199038 3.730721 1.039089
v -3.195016 3.737710 1.077699
v -3.219965 3.695426 1.028929
v -3.222267 3.700938 1.071570
v -3.256291 3.609732 1.019092
v -3.262283 3.613205 1.062029
v -3.270175 3.497427 1.012951
v -3.246842 3.500226 1.001581
v -3.278688 3.494836 1.056061
v -3.221610 3.376641 1.010696
v -3.226316 3.362264 1.053042
v -3.118377 3.273587 1.013080
v -3.118701 3.252750 1.055939
v -2.984489 3.214869 1.019864
v -2.980832 3.191969 1.063559
v -2.839272 3.196147 1.030180
v -2.851061 3.255787 1.016829
v -2.831991 3.173289 1.075925
v -2.698228 3.203096 1.041228
v -2.682569 3.180214 1.091372
v -2.587404 3.218340 1.044888
v -2.717278 3.264015 1.027061
v -2.613467 3.281473 1.030507
v -2.741430 3.376803 1.029693
v -2.520924 3.194757 1.109124
v -2.536883 3.227995 1.027331
v -2.507034 3.199041 1.055750
v -2.519452 3.237288 0.972109
v -2.466680 3.205622 1.041299
v -2.517282 3.254642 0.849324
v -2.464315 3.236574 0.868664
v -2.523394 3.281275 0.688544
v -2.472654 3.266167 0.695273
v -2.532897 3.318804 0.517677
v -2.484062 3.305912 0.519737
v -2.542757 3.358206 0.343795
v -2.494451 3.347512 0.344804
v -2.550467 3.388026 0.169581
v -2.502043 3.378810 0.170084
v -2.553419 3.399696 -0.004527
v -2.505177 3.391158 -0.004527
v -2.578038 3.440771 -0.004527
v -2.550466 3.388026 -0.178634
v -2.502042 3.378810 -0.179137
v -2.575456 3.430891 -0.179011
v -2.542757 3.358206 -0.352848
v -2.568536 3.405535 -0.353699
v -2.494450 3.347512 -0.353857
v -2.532897 3.318804 -0.526730
v -2.484061 3.305912 -0.528791
v -2.558748 3.371530 -0.527722
v -2.523393 3.281275 -0.697597
v -2.549742 3.339260 -0.696999
v -2.472653 3.266167 -0.704326
v -2.517280 3.254642 -0.858377
v -2.464314 3.236574 -0.877717
v -2.544237 3.316674 -0.852592
v -2.519451 3.237288 -0.981162
v -2.466679 3.205622 -1.050352
v -2.545620 3.302317 -0.968504
v -2.536881 3.227995 -1.036384
v -2.507032 3.199041 -1.064804
v -2.520922 3.194757 -1.118177
v -2.523680 3.191180 -1.220310
v -2.675958 3.171651 -1.193857
v -2.520125 3.195012 -1.318797
v -2.672184 3.174217 -1.285357
v -2.508034 3.210805 -1.363505
v -2.669314 3.193790 -1.330890
v -2.469717 3.225887 -1.375334
v -2.673946 3.251363 -1.345804
v -2.828428 3.243860 -1.321535
v -2.700203 3.366543 -1.353497
v -2.844251 3.352262 -1.331613
v -2.725564 3.480041 -1.354767
v -2.861051 3.460987 -1.333740
v -2.738856 3.542129 -1.341547
v -2.870992 3.520976 -1.321018
v -2.876699 3.545004 -1.276702
v -2.972421 3.538109 -1.308360
v -2.969961 3.477890 -1.319994
v -3.048803 3.585426 -1.301025
v -2.976748 3.562119 -1.264918
v -3.050744 3.609157 -1.258387
v -2.983785 3.572497 -1.181466
v -3.057961 3.619552 -1.175677
v -3.066489 3.619001 -1.092017
v -3.116712 3.678132 -1.172428
v -3.159278 3.724274 -1.170376
v -3.109382 3.668175 -1.254603
v -3.151348 3.715342 -1.251765
v -3.109116 3.646484 -1.296627
v -3.121604 3.593046 -1.306551
v -3.151057 3.697212 -1.292375
v -3.167375 3.651047 -1.300125
v -3.171967 3.715290 -1.284919
v -3.191539 3.679518 -1.285336
v -3.176928 3.727414 -1.248282
v -3.203983 3.690767 -1.242866
v -3.186037 3.734987 -1.167666
v -3.214733 3.697754 -1.161660
v -3.256054 3.609379 -1.151745
v -3.243862 3.603395 -1.232992
v -3.273388 3.490092 -1.145643
v -3.260588 3.485492 -1.226394
v -3.220562 3.355170 -1.142278
v -3.209336 3.353500 -1.223300
v -3.112792 3.244040 -1.145926
v -3.104375 3.244647 -1.227637
v -2.975092 3.182746 -1.155054
v -2.969490 3.184380 -1.238145
v -2.826268 3.164180 -1.171163
v -2.822258 3.166150 -1.257235
v -2.821765 3.185361 -1.303272
v -2.966456 3.202890 -1.284056
v -3.095896 3.260671 -1.272859
v -2.966208 3.260746 -1.304126
v -3.084925 3.315188 -1.293215
v -2.967595 3.368933 -1.316142
v -3.069214 3.419937 -1.306407
v -3.054862 3.526331 -1.311547
v -3.147799 3.496960 -1.300851
v -3.174619 3.404656 -1.287845
v -3.198543 3.565042 -1.293704
v -3.215868 3.483847 -1.285100
v -3.227409 3.594217 -1.276865
v -3.241668 3.482627 -1.269311
v -3.195018 3.362694 -1.267903
v -2.390258 3.216477 -1.053182
v -2.313139 3.226937 -1.065456
v -2.358574 3.241286 -0.907931
v -2.289028 3.237578 -1.012457
v -2.257127 3.261515 -0.865744
v -2.378130 3.272261 -0.713323
v -2.264859 3.288455 -0.709021
v -2.391804 3.312846 -0.533369
v -2.274421 3.328729 -0.537525
v -2.402539 3.355333 -0.356646
v -2.284490 3.371562 -0.360424
v -2.410130 3.387249 -0.180540
v -2.292142 3.403795 -0.182442
v -2.413379 3.399879 -0.004527
v -2.295489 3.416565 -0.004526
v -2.410130 3.387249 0.171487
v -2.292142 3.403795 0.173389
v -2.402539 3.355333 0.347592
v -2.284491 3.371562 0.351371
v -2.391805 3.312846 0.524316
v -2.274422 3.328729 0.528473
v -2.378131 3.272261 0.704270
v -2.264860 3.288455 0.699969
v -2.358576 3.241286 0.898878
v -2.289030 3.237578 1.003404
v -2.257129 3.261515 0.856691
v -2.390260 3.216477 1.044129
v -2.313140 3.226937 1.056403
v -2.271171 3.232090 1.078672
v -2.256615 3.232215 1.131054
v -2.246531 3.241400 1.056634
v -2.170117 3.264019 1.110559
v -2.224175 3.248710 1.034548
v -2.125051 3.281605 1.065922
v -2.248833 3.247619 0.973880
v -1.899694 3.356941 1.099181
v -1.580564 3.444041 1.134661
v -1.986004 3.323908 1.215802
v -1.948527 3.334660 1.349683
v -1.602466 3.433111 1.275488
v -2.253402 3.229201 1.225174
v -2.257967 3.225114 1.318396
v -2.274405 3.222120 1.367397
v -2.316774 3.222907 1.380124
v -1.945705 3.346646 1.412682
v -1.956083 3.394868 1.436186
v -1.597682 3.449281 1.457085
v -1.605107 3.497035 1.481733
v -1.598390 3.434814 1.394405
v -1.228558 3.517359 1.493951
v -1.234362 3.562140 1.518891
v -0.835621 3.555907 1.520325
v -1.225367 3.503317 1.432452
v -0.833227 3.542559 1.458417
v -1.223835 3.502732 1.314669
v -0.831687 3.542466 1.339457
v -1.219047 3.508517 1.164578
v -0.830263 3.547826 1.186305
v -0.424255 3.568964 1.200252
v 0.056599 3.574055 1.212737
v -0.424819 3.563568 1.355161
v -0.425461 3.563588 1.475498
v 0.056598 3.568787 1.368454
v 0.056598 3.568921 1.489442
v 0.538016 3.563568 1.355162
v 0.538657 3.563588 1.475499
v 0.537452 3.568964 1.200252
v 0.944884 3.542466 1.339458
v 0.943460 3.547826 1.186307
v 0.946423 3.542559 1.458418
v 1.337032 3.502732 1.314671
v 1.338564 3.503317 1.432454
v 1.332244 3.508517 1.164580
v 1.715663 3.433111 1.275490
v 1.711587 3.434814 1.394408
v 1.693761 3.444041 1.134663
v 2.099201 3.323908 1.215805
v 2.061724 3.334660 1.349685
v 2.012892 3.356941 1.099184
v 2.283315 3.264019 1.110562
v 2.366599 3.229201 1.225177
v 2.369813 3.232215 1.131057
v 2.371164 3.225114 1.318399
v 2.387602 3.222120 1.367400
v 2.429971 3.222907 1.380128
v 2.058901 3.346646 1.412685
v 2.069280 3.394868 1.436189
v 1.710878 3.449281 1.457088
v 1.718304 3.497035 1.481735
v 1.341755 3.517359 1.493953
v 1.347559 3.562140 1.518893
v 0.948817 3.555907 1.520326
v 0.952614 3.598998 1.545536
v 0.539698 3.576799 1.538235
v 0.541520 3.619430 1.563837
v 0.056598 3.582312 1.552724
v 0.056598 3.625040 1.578605
v -0.426501 3.576799 1.538235
v -0.428324 3.619430 1.563836
v -0.839417 3.598998 1.545535
v -0.431414 3.699093 1.578428
v 0.056598 3.704771 1.593408
v -0.845690 3.679517 1.559826
v -1.243721 3.646224 1.533058
v -1.616801 3.590500 1.495859
v -1.961878 3.511848 1.451884
v -2.243393 3.437175 1.412363
v -2.250667 3.575006 1.419078
v -2.416500 3.405287 1.387851
v -2.394026 3.227521 1.375656
v -2.550606 3.388359 1.367958
v -2.437537 3.541287 1.391696
v -2.580963 3.513572 1.369329
v -2.449378 3.611455 1.378713
v -2.594453 3.579738 1.356135
v -2.598017 3.606388 1.309661
v -2.738858 3.542129 1.332494
v -2.725566 3.480041 1.345714
v -2.870994 3.520976 1.311965
v -2.743736 3.567259 1.287384
v -2.876701 3.545004 1.267648
v -2.745965 3.578941 1.200655
v -2.882308 3.555557 1.183243
v -2.983787 3.572497 1.172412
v -3.057962 3.619552 1.166623
v -2.976749 3.562119 1.255863
v -3.050745 3.609157 1.249333
v -2.972423 3.538109 1.299306
v -2.969963 3.477890 1.310940
v -3.048805 3.585426 1.291970
v -3.054864 3.526331 1.302493
v -3.109118 3.646484 1.287573
v -3.109384 3.668175 1.245549
v -3.121606 3.593046 1.297497
v -3.151059 3.697212 1.283321
v -3.151350 3.715342 1.242710
v -3.167377 3.651047 1.291070
v -3.171968 3.715290 1.275864
v -3.191541 3.679518 1.276282
v -3.176930 3.727414 1.239228
v -3.203985 3.690767 1.233812
v -3.186038 3.734987 1.158612
v -3.214735 3.697754 1.152605
v -3.159280 3.724274 1.161322
v -3.116713 3.678132 1.163374
v -3.256056 3.609379 1.142690
v -3.243864 3.603395 1.223938
v -3.273390 3.490092 1.136589
v -3.260590 3.485492 1.217340
v -3.220563 3.355170 1.133223
v -3.209338 3.353500 1.214246
v -3.112793 3.244040 1.136872
v -3.104377 3.244647 1.218582
v -2.975094 3.182746 1.146000
v -2.969492 3.184380 1.229091
v -2.826270 3.164180 1.162110
v -2.822260 3.166150 1.248181
v -2.675960 3.171651 1.184803
v -2.672186 3.174217 1.276303
v -2.523682 3.191180 1.211257
v -2.520127 3.195012 1.309744
v -2.508036 3.210805 1.354451
v -2.669316 3.193790 1.321837
v -2.469718 3.225887 1.366280
v -2.673948 3.251363 1.336751
v -2.828430 3.243860 1.312481
v -2.700205 3.366543 1.344443
v -2.844253 3.352262 1.322559
v -2.861053 3.460987 1.324686
v -2.967597 3.368933 1.307088
v -3.069216 3.419937 1.297353
v -2.966209 3.260746 1.295072
v -3.084927 3.315188 1.284161
v -2.966458 3.202890 1.275002
v -3.095898 3.260671 1.263805
v -2.821767 3.185361 1.294218
v -3.195020 3.362694 1.258849
v -3.241670 3.482627 1.260257
v -3.174621 3.404656 1.278791
v -3.215870 3.483847 1.276046
v -3.147800 3.496960 1.291796
v -3.198545 3.565042 1.284650
v -3.227411 3.594217 1.267811
v -3.066491 3.619001 1.082963
v 0.544611 3.699093 1.578429
v 0.958887 3.679517 1.559827
v 0.965085 3.760574 1.564029
v 1.356918 3.646224 1.533060
v 1.365990 3.730919 1.537251
v 1.729997 3.590500 1.495861
v 1.740923 3.685584 1.500364
v 2.075075 3.511848 1.451887
v 2.085277 3.627512 1.457432
v 2.356590 3.437175 1.412367
v 2.363864 3.575006 1.419082
v 2.529697 3.405287 1.387854
v 2.507223 3.227521 1.375659
v 2.663803 3.388359 1.367962
v 2.550734 3.541287 1.391699
v 2.694160 3.513572 1.369333
v 2.562575 3.611455 1.378717
v 2.707650 3.579738 1.356139
v 2.373380 3.644848 1.406139
v 2.093119 3.689816 1.444076
v 1.747751 3.738447 1.486355
v 1.371625 3.778416 1.522786
v 2.711214 3.606388 1.309665
v 2.852055 3.542129 1.332498
v 2.838764 3.480041 1.345718
v 2.984191 3.520976 1.311969
v 2.856933 3.567259 1.287387
v 2.989898 3.545004 1.267653
v 2.859161 3.578941 1.200659
v 2.995505 3.555557 1.183247
v 2.863134 3.578228 1.110544
v 3.000643 3.554577 1.097927
v 2.873474 3.554638 1.063231
v 2.872874 3.490768 1.041919
v 2.761248 3.584715 1.066239
v 3.003183 3.534904 1.050070
v 2.998026 3.475077 1.029556
v 3.107226 3.552780 1.041100
v 3.103848 3.571668 1.088134
v 3.186376 3.600721 1.036136
v 3.106708 3.493596 1.020787
v 3.194721 3.542933 1.015458
v 3.103776 3.384042 1.009693
v 3.100410 3.274538 1.007318
v 2.982308 3.365297 1.018733
v 3.208898 3.436048 1.003745
v 3.223495 3.330110 1.000905
v 3.291098 3.513980 1.001936
v 3.343227 3.582219 1.005234
v 3.317276 3.420577 0.999000
v 3.264418 3.610409 1.013663
v 3.311363 3.668508 1.016119
v 3.248973 3.662368 1.033917
v 3.239652 3.678351 1.080285
v 3.292113 3.713298 1.034394
v 3.282454 3.725704 1.079173
v 3.312236 3.730721 1.039093
v 3.308214 3.737710 1.077703
v 3.333162 3.695426 1.028934
v 3.335465 3.700938 1.071575
v 3.369489 3.609732 1.019097
v 3.375481 3.613205 1.062034
v 3.383374 3.497427 1.012956
v 3.360040 3.500226 1.001586
v 3.391886 3.494836 1.056065
v 3.334808 3.376641 1.010701
v 3.339514 3.362264 1.053046
v 3.231575 3.273587 1.013084
v 3.231899 3.252750 1.055944
v 3.097686 3.214869 1.019869
v 3.094029 3.191969 1.063564
v 2.952470 3.196147 1.030184
v 2.964258 3.255787 1.016833
v 2.945189 3.173289 1.075930
v 2.811425 3.203096 1.041232
v 2.795766 3.180214 1.091376
v 2.700602 3.218340 1.044892
v 2.830476 3.264015 1.027065
v 2.726664 3.281473 1.030511
v 2.854628 3.376803 1.029697
v 2.751766 3.398706 1.034285
v 2.768155 3.517157 1.048231
v 2.699720 3.412435 1.020348
v 2.674514 3.293048 1.015969
v 2.684193 3.421592 0.964359
v 2.716757 3.531756 1.035260
v 2.702142 3.541286 0.980387
v 2.719377 3.589415 1.050158
v 2.705122 3.606025 1.008311
v 2.701571 3.617450 0.880613
v 2.702265 3.551254 0.861660
v 2.707218 3.626103 0.709308
v 2.708217 3.562366 0.700577
v 2.669015 3.656029 0.717433
v 2.713936 3.634264 0.530680
v 2.715290 3.575580 0.526860
v 2.719423 3.641424 0.351718
v 2.721582 3.588418 0.349617
v 2.722505 3.645925 0.173259
v 2.725376 3.597329 0.172259
v 2.723485 3.647520 -0.004523
v 2.726754 3.600717 -0.004523
v 2.684116 3.671415 -0.004523
v 2.722506 3.645925 -0.182304
v 2.719423 3.641424 -0.360763
v 2.725376 3.597329 -0.181304
v 2.721583 3.588418 -0.358663
v 2.710750 3.513474 -0.180090
v 2.688656 3.430891 -0.179007
v 2.712681 3.520091 -0.004523
v 2.705401 3.496350 -0.356047
v 2.681736 3.405535 -0.353695
v 2.697364 3.472941 -0.531463
v 2.671947 3.371530 -0.527718
v 2.715291 3.575580 -0.535905
v 2.689216 3.450196 -0.701819
v 2.662942 3.339260 -0.696995
v 2.708218 3.562366 -0.709623
v 2.683406 3.433436 -0.857787
v 2.657437 3.316674 -0.852588
v 2.702267 3.551254 -0.870706
v 2.684195 3.421592 -0.973404
v 2.658821 3.302317 -0.968500
v 2.702143 3.541286 -0.989433
v 2.699721 3.412435 -1.029394
v 2.751767 3.398706 -1.043331
v 2.674516 3.293048 -1.025015
v 2.716759 3.531756 -1.044306
v 2.768157 3.517157 -1.057276
v 2.719378 3.589415 -1.059203
v 2.705123 3.606025 -1.017357
v 2.761249 3.584715 -1.075284
v 2.873475 3.554638 -1.072277
v 2.872875 3.490768 -1.050964
v 2.863136 3.578228 -1.119590
v 3.003184 3.534904 -1.059116
v 2.998028 3.475077 -1.038602
v 3.000645 3.554577 -1.106972
v 3.107228 3.552780 -1.050145
v 3.103849 3.571668 -1.097179
v 3.186377 3.600721 -1.045181
v 3.106709 3.493596 -1.029832
v 3.194722 3.542933 -1.024503
v 3.103778 3.384042 -1.018738
v 3.100411 3.274538 -1.016363
v 2.982309 3.365297 -1.027779
v 3.208899 3.436048 -1.012790
v 3.223497 3.330110 -1.009950
v 3.291100 3.513980 -1.010981
v 3.343229 3.582219 -1.014279
v 3.317277 3.420577 -1.008045
v 3.264420 3.610409 -1.022708
v 3.311364 3.668508 -1.025164
v 3.248974 3.662368 -1.042962
v 3.239653 3.678351 -1.089331
v 3.292114 3.713298 -1.043439
v 3.282456 3.725704 -1.088218
v 3.312238 3.730721 -1.048138
v 3.308216 3.737710 -1.086748
v 3.333163 3.695426 -1.037979
v 3.335466 3.700938 -1.080619
v 3.369491 3.609732 -1.028141
v 3.375482 3.613205 -1.071079
v 3.383375 3.497427 -1.022001
v 3.360041 3.500226 -1.010630
v 3.391888 3.494836 -1.065110
v 3.334809 3.376641 -1.019745
v 3.339516 3.362264 -1.062091
v 3.231576 3.273587 -1.022129
v 3.231900 3.252750 -1.064989
v 3.097688 3.214869 -1.028914
v 3.094031 3.191969 -1.072609
v 2.952472 3.196147 -1.039230
v 2.964260 3.255787 -1.025878
v 2.945190 3.173289 -1.084975
v 2.811427 3.203096 -1.050278
v 2.795768 3.180214 -1.100421
v 2.700603 3.218340 -1.053938
v 2.830478 3.264015 -1.036111
v 2.726665 3.281473 -1.039557
v 2.854629 3.376803 -1.038742
v 2.634123 3.194757 -1.118173
v 2.650082 3.227995 -1.036380
v 2.620233 3.199041 -1.064800
v 2.632651 3.237288 -0.981158
v 2.579879 3.205622 -1.050348
v 2.630481 3.254642 -0.858373
v 2.577514 3.236574 -0.877713
v 2.636592 3.281275 -0.697593
v 2.585853 3.266167 -0.704323
v 2.646096 3.318804 -0.526727
v 2.597260 3.305912 -0.528787
v 2.655956 3.358206 -0.352844
v 2.607649 3.347512 -0.353853
v 2.663666 3.388026 -0.178630
v 2.615242 3.378810 -0.179134
v 2.666618 3.399696 -0.004523
v 2.618376 3.391158 -0.004523
v 2.691236 3.440771 -0.004523
v 2.663665 3.388026 0.169585
v 2.615241 3.378810 0.170088
v 2.688655 3.430891 0.169961
v 2.655955 3.358206 0.343799
v 2.681735 3.405535 0.344649
v 2.607649 3.347512 0.344807
v 2.646095 3.318804 0.517681
v 2.597260 3.305912 0.519741
v 2.671947 3.371530 0.518672
v 2.636591 3.281275 0.688548
v 2.662941 3.339260 0.687950
v 2.585852 3.266167 0.695277
v 2.630479 3.254642 0.849328
v 2.577513 3.236574 0.868667
v 2.657436 3.316674 0.843542
v 2.632649 3.237288 0.972113
v 2.579878 3.205622 1.041302
v 2.658819 3.302317 0.959454
v 2.650080 3.227995 1.027334
v 2.620232 3.199041 1.055754
v 2.634121 3.194757 1.109127
v 2.636879 3.191180 1.211260
v 2.789157 3.171651 1.184807
v 2.633324 3.195012 1.309748
v 2.785383 3.174217 1.276307
v 2.621233 3.210805 1.354455
v 2.782514 3.193790 1.321841
v 2.582915 3.225887 1.366284
v 2.787146 3.251363 1.336754
v 2.941628 3.243860 1.312485
v 2.813402 3.366543 1.344447
v 2.957450 3.352262 1.322563
v 2.974250 3.460987 1.324690
v 3.080794 3.368933 1.307093
v 3.182414 3.419937 1.297357
v 3.083161 3.477890 1.310944
v 3.079406 3.260746 1.295076
v 3.198124 3.315188 1.284166
v 3.079656 3.202890 1.275006
v 3.082689 3.184380 1.229095
v 3.209095 3.260671 1.263809
v 2.934964 3.185361 1.294223
v 2.935457 3.166150 1.248185
v 2.939467 3.164180 1.162114
v 3.088292 3.182746 1.146005
v 3.225991 3.244040 1.136876
v 3.217575 3.244647 1.218587
v 3.333761 3.355170 1.133228
v 3.386587 3.490092 1.136593
v 3.322535 3.353500 1.214251
v 3.373787 3.485492 1.217345
v 3.308218 3.362694 1.258853
v 3.354867 3.482627 1.260262
v 3.287818 3.404656 1.278796
v 3.329068 3.483847 1.276051
v 3.260998 3.496960 1.291801
v 3.311742 3.565042 1.284655
v 3.234803 3.593046 1.297501
v 3.168062 3.526331 1.302497
v 3.280574 3.651047 1.291075
v 3.222316 3.646484 1.287578
v 3.222581 3.668175 1.245554
v 3.162003 3.585426 1.291975
v 3.264256 3.697212 1.283326
v 3.264547 3.715342 1.242715
v 3.285165 3.715290 1.275869
v 3.304739 3.679518 1.276286
v 3.290127 3.727414 1.239233
v 3.317183 3.690767 1.233816
v 3.299236 3.734987 1.158616
v 3.327933 3.697754 1.152610
v 3.272478 3.724274 1.161326
v 3.229911 3.678132 1.163379
v 3.171160 3.619552 1.166627
v 3.163943 3.609157 1.249337
v 3.179688 3.619001 1.082968
v 3.096984 3.572497 1.172416
v 3.089947 3.562119 1.255868
v 3.085621 3.538109 1.299310
v 3.369253 3.609379 1.142695
v 3.357061 3.603395 1.223943
v 3.340608 3.594217 1.267815
v 2.503457 3.216477 1.044132
v 2.426338 3.226937 1.056407
v 2.471774 3.241286 0.898881
v 2.402227 3.237578 1.003407
v 2.370327 3.261515 0.856695
v 2.491329 3.272261 0.704274
v 2.378058 3.288455 0.699972
v 2.505003 3.312846 0.524320
v 2.387620 3.328729 0.528476
v 2.515738 3.355333 0.347596
v 2.397689 3.371562 0.351375
v 2.523329 3.387249 0.171490
v 2.405341 3.403795 0.173393
v 2.526578 3.399879 -0.004523
v 2.523329 3.387249 -0.180537
v 2.408688 3.416565 -0.004523
v 2.405342 3.403795 -0.182439
v 2.397689 3.371562 -0.360421
v 2.387621 3.328729 -0.537522
v 2.515738 3.355333 -0.356642
v 2.505004 3.312846 -0.533366
v 2.491330 3.272261 -0.713320
v 2.378059 3.288455 -0.709018
v 2.471775 3.241286 -0.907927
v 2.402228 3.237578 -1.012454
v 2.370328 3.261515 -0.865741
v 2.503458 3.216477 -1.053178
v 2.426339 3.226937 -1.065453
v 2.384370 3.232090 -1.087722
v 2.369814 3.232215 -1.140104
v 2.359730 3.241400 -1.065684
v 2.283316 3.264019 -1.119609
v 2.337375 3.248710 -1.043597
v 2.238250 3.281605 -1.074972
v 2.362032 3.247619 -0.982929
v 2.012893 3.356941 -1.108230
v 1.693763 3.444041 -1.143710
v 2.099203 3.323908 -1.224852
v 2.061726 3.334660 -1.358732
v 1.715665 3.433111 -1.284537
v 2.366601 3.229201 -1.234224
v 2.371166 3.225114 -1.327445
v 2.387604 3.222120 -1.376447
v 2.429973 3.222907 -1.389174
v 2.058903 3.346646 -1.421732
v 2.069282 3.394868 -1.445236
v 1.710880 3.449281 -1.466135
v 1.718306 3.497035 -1.490783
v 1.711589 3.434814 -1.403455
v 1.341757 3.517359 -1.503001
v 1.347561 3.562140 -1.527941
v 0.948819 3.555907 -1.529375
v 1.338566 3.503317 -1.441502
v 0.946425 3.542559 -1.467466
v 1.337034 3.502732 -1.323719
v 0.944886 3.542466 -1.348507
v 1.332245 3.508517 -1.173627
v 0.943462 3.547826 -1.195355
v 0.537454 3.568964 -1.209301
v 0.056600 3.574055 -1.221787
v 0.538018 3.563568 -1.364210
v 0.538660 3.563588 -1.484548
v 0.056600 3.568787 -1.377504
v -0.424817 3.563568 -1.364211
v 0.056601 3.568921 -1.498491
v 0.056601 3.582312 -1.561774
v -0.425459 3.563588 -1.484549
v -0.833224 3.542559 -1.467468
v -0.426499 3.576799 -1.547285
v -0.428321 3.619430 -1.572886
v -0.835618 3.555907 -1.529376
v -0.839415 3.598998 -1.554586
v -1.228556 3.517359 -1.503003
v -1.225365 3.503317 -1.441504
v -1.597679 3.449281 -1.466137
v -1.598388 3.434814 -1.403457
v -1.945703 3.346646 -1.421734
v -1.948525 3.334660 -1.358735
v -2.274403 3.222120 -1.376450
v -2.257966 3.225114 -1.327449
v -2.253400 3.229201 -1.234227
v -1.986002 3.323908 -1.224855
v -2.256614 3.232215 -1.140107
v -2.271170 3.232090 -1.087725
v -2.170115 3.264019 -1.119612
v -2.125049 3.281605 -1.074975
v -2.246529 3.241400 -1.065687
v -2.224174 3.248710 -1.043600
v -2.248831 3.247619 -0.982933
v -1.899693 3.356941 -1.108233
v -1.580562 3.444041 -1.143713
v -1.219045 3.508517 -1.173629
v -1.602464 3.433111 -1.284540
v -1.223834 3.502732 -1.323721
v -0.831685 3.542466 -1.348508
v -0.830262 3.547826 -1.195356
v -0.424254 3.568964 -1.209302
v 0.056601 3.625040 -1.587655
v -0.431412 3.699093 -1.587479
v 0.056601 3.704771 -1.602458
v 0.544613 3.699093 -1.587478
v 0.541522 3.619430 -1.572886
v 0.958889 3.679517 -1.568876
v 0.952616 3.598998 -1.554585
v 1.356920 3.646224 -1.542107
v 1.729999 3.590500 -1.504909
v 2.075077 3.511848 -1.460934
v 2.356592 3.437175 -1.421413
v 2.363866 3.575006 -1.428128
v 2.529699 3.405287 -1.396900
v 2.507225 3.227521 -1.384706
v 2.663805 3.388359 -1.377008
v 2.550736 3.541287 -1.400746
v 2.694162 3.513572 -1.378379
v 2.562577 3.611455 -1.387763
v 2.707652 3.579738 -1.365185
v 2.711216 3.606388 -1.318711
v 2.852057 3.542129 -1.341544
v 2.838766 3.480041 -1.354763
v 2.984193 3.520976 -1.321014
v 2.856935 3.567259 -1.296433
v 2.989900 3.545004 -1.276698
v 2.859163 3.578941 -1.209704
v 2.995507 3.555557 -1.192293
v 3.096986 3.572497 -1.181461
v 3.171162 3.619552 -1.175672
v 3.089949 3.562119 -1.264913
v 3.163945 3.609157 -1.258383
v 3.085623 3.538109 -1.308356
v 3.083163 3.477890 -1.319990
v 3.162004 3.585426 -1.301020
v 3.168064 3.526331 -1.311543
v 3.222318 3.646484 -1.296623
v 3.222583 3.668175 -1.254599
v 3.234805 3.593046 -1.306546
v 3.264258 3.697212 -1.292371
v 3.264549 3.715342 -1.251760
v 3.280576 3.651047 -1.300120
v 3.285167 3.715290 -1.284914
v 3.304740 3.679518 -1.285331
v 3.290129 3.727414 -1.248277
v 3.317184 3.690767 -1.242862
v 3.299238 3.734987 -1.167661
v 3.327934 3.697754 -1.161655
v 3.272480 3.724274 -1.170371
v 3.229912 3.678132 -1.172424
v 3.369255 3.609379 -1.151740
v 3.357063 3.603395 -1.232987
v 3.386589 3.490092 -1.145638
v 3.373789 3.485492 -1.226390
v 3.333762 3.355170 -1.142273
v 3.322537 3.353500 -1.223296
v 3.225992 3.244040 -1.145921
v 3.217577 3.244647 -1.227632
v 3.088293 3.182746 -1.155050
v 3.082691 3.184380 -1.238141
v 2.939469 3.164180 -1.171159
v 2.935459 3.166150 -1.257230
v 2.789159 3.171651 -1.193853
v 2.785385 3.174217 -1.285353
v 2.636881 3.191180 -1.220306
v 2.633326 3.195012 -1.318794
v 2.621235 3.210805 -1.363501
v 2.782516 3.193790 -1.330886
v 2.582917 3.225887 -1.375330
v 2.787148 3.251363 -1.345800
v 2.941629 3.243860 -1.321530
v 2.813404 3.366543 -1.353493
v 2.957452 3.352262 -1.331609
v 2.974252 3.460987 -1.333736
v 3.080796 3.368933 -1.316138
v 3.182415 3.419937 -1.306402
v 3.079408 3.260746 -1.304121
v 3.198126 3.315188 -1.293211
v 3.079658 3.202890 -1.284052
v 3.209097 3.260671 -1.272854
v 2.934966 3.185361 -1.303268
v 3.308220 3.362694 -1.267898
v 3.354869 3.482627 -1.269307
v 3.287820 3.404656 -1.287841
v 3.329070 3.483847 -1.285095
v 3.261000 3.496960 -1.300846
v 3.311744 3.565042 -1.293700
v 3.340610 3.594217 -1.276860
v 3.179690 3.619001 -1.092013
v 0.539700 3.576799 -1.547284
v 2.362031 3.247619 0.973883
v 2.337373 3.248710 1.034551
v 2.238248 3.281605 1.065925
v 2.359728 3.241400 1.056638
v 2.384369 3.232090 1.078676
v 2.683404 3.433436 0.848741
v 2.689215 3.450196 0.692773
v 2.697363 3.472941 0.522417
v 2.705401 3.496350 0.347002
v 2.710749 3.513474 0.171044
v 2.701573 3.617450 -0.889659
v 2.707219 3.626103 -0.718354
v 2.713937 3.634264 -0.539725
v -2.570206 3.433436 -0.857790
v -2.576016 3.450196 -0.701822
v -2.584164 3.472941 -0.531467
v -2.592202 3.496350 -0.356051
v -2.597550 3.513474 -0.180094
v -2.588374 3.617450 0.880609
v -2.594019 3.626103 0.709305
v -2.600739 3.634264 0.530676
v 0.056600 3.870507 -1.256433
v 0.551102 3.855362 -1.398767
v 0.551885 3.864928 -1.243162
v 0.971558 3.837168 -1.382069
v 0.972825 3.846626 -1.228188
v 1.375409 3.809919 -1.357957
v 1.377173 3.819087 -1.206244
v 1.756811 3.781024 -1.176921
v 0.056599 3.870507 1.247383
v -0.437903 3.855362 1.389717
v -0.438686 3.864928 1.234113
v -0.858359 3.837168 1.373019
v -0.859626 3.846626 1.219138
v -1.262210 3.809919 1.348907
v -1.263974 3.819087 1.197195
v -1.643612 3.781024 1.167872
v 2.222586 0.176333 -0.890193
v 2.260987 0.176214 -0.903873
v 2.252056 0.603476 -0.894848
v 2.151188 0.176509 -0.887453
v 2.079553 0.176675 -0.892185
v 2.175999 0.604855 -0.892568
v 2.099702 0.606093 -0.898406
v 2.215428 1.076859 -0.893041
v 2.131530 1.079709 -0.900772
v 2.298937 1.073731 -0.894821
v 2.273452 1.616206 -0.886149
v 2.345531 2.177653 -0.899405
v 2.368282 1.610494 -0.887483
v 2.178062 1.621476 -0.896769
v 2.243633 2.185679 -0.912525
v 2.126305 1.623839 -0.922260
v 2.085920 1.080943 -0.920607
v 2.108129 1.623169 -0.987625
v 2.188358 2.189424 -0.942219
v 2.169400 2.189111 -1.017265
v 2.276975 2.722388 -1.001798
v 2.327940 2.717582 -0.973651
v 2.259405 2.722396 -1.071155
v 2.384371 3.232090 -1.087722
v 2.426339 3.226937 -1.065453
v 2.369814 3.232215 -1.140104
v 2.366601 3.229201 -1.234224
v 2.371166 3.225114 -1.327446
v 2.258007 2.719100 -1.196659
v 2.267212 2.714744 -1.321316
v 2.167841 2.185385 -1.153412
v 2.177630 2.180584 -1.288707
v 2.104866 1.619685 -1.106194
v 2.065121 1.077794 -1.065866
v 2.111710 1.615399 -1.224000
v 2.069327 1.074975 -1.159132
v 2.131773 1.611904 -1.286584
v 2.085519 1.072633 -1.208757
v 2.183299 1.608380 -1.305478
v 2.200871 2.176584 -1.360487
v 2.256468 2.172451 -1.381168
v 2.289367 2.711182 -1.387300
v 2.340823 2.708636 -1.405513
v 2.387604 3.222121 -1.376447
v 2.429973 3.222907 -1.389174
v 2.507225 3.227522 -1.384706
v 2.433488 2.706243 -1.401083
v 2.582917 3.225887 -1.375330
v 2.621235 3.210805 -1.363501
v 2.524062 2.700763 -1.386374
v 2.453551 2.159961 -1.361652
v 2.571069 2.690855 -1.362459
v 2.505067 2.154721 -1.332334
v 2.586032 2.683106 -1.297850
v 2.522360 2.153196 -1.260017
v 2.633326 3.195012 -1.318794
v 2.588887 2.683052 -1.172729
v 2.583659 2.687141 -1.046259
v 2.636882 3.191181 -1.220306
v 2.526092 2.155988 -1.126871
v 2.520510 2.160345 -0.993719
v 2.441630 1.600541 -1.085638
v 2.437210 1.604214 -0.969905
v 2.436774 1.597285 -1.201666
v 2.362725 1.067518 -1.053258
v 2.359426 1.069929 -0.960988
v 2.357619 1.065316 -1.145778
v 2.309910 0.600460 -1.030993
v 2.307090 0.601655 -0.951963
v 2.305049 0.599392 -1.110212
v 2.276925 0.175943 -1.016431
v 2.272378 0.175800 -1.089578
v 2.274240 0.176103 -0.943398
v 2.258003 0.175717 -1.129288
v 2.219118 0.175772 -1.143937
v 2.289737 0.598790 -1.153309
v 2.248538 0.599144 -1.169702
v 2.341183 1.064252 -1.196379
v 2.296495 1.065210 -1.216327
v 2.419158 1.596281 -1.265419
v 2.369583 1.598551 -1.291362
v 2.276997 1.603358 -1.304271
v 2.356007 2.166567 -1.377843
v 2.213779 1.067747 -1.225076
v 2.130672 1.070548 -1.224492
v 2.172630 0.600198 -1.175929
v 2.096642 0.601395 -1.174186
v 2.147511 0.175899 -1.148793
v 2.075901 0.176049 -1.146296
v 2.037197 0.176175 -1.132858
v 2.023986 0.176322 -1.093532
v 2.055527 0.602342 -1.160124
v 2.041350 0.603530 -1.117662
v 2.038270 0.604910 -1.038183
v 2.042939 0.606154 -0.958478
v 2.021379 0.176499 -1.020312
v 2.026042 0.176671 -0.946964
v 2.040475 0.176732 -0.906951
v 2.058146 0.606610 -0.914878
v 2.069539 1.080231 -0.972133
v 2.292995 0.602539 -0.909312
v 2.343841 1.071653 -0.911236
v 2.419288 1.606834 -0.907557
v 2.501256 2.163806 -0.922319
v 2.446788 2.169109 -0.899939
v 2.565928 2.691125 -0.979078
v 2.515796 2.697408 -0.959052
v 2.620234 3.199041 -1.064800
v 2.634123 3.194757 -1.118173
v 2.579880 3.205622 -1.050348
v 2.503458 3.216477 -1.053178
v 2.422212 2.707729 -0.960069
v -2.109387 0.176333 0.881144
v -2.147788 0.176214 0.894824
v -2.138856 0.603476 0.885799
v -2.037989 0.176509 0.878404
v -1.966354 0.176675 0.883136
v -2.062799 0.604855 0.883519
v -1.986503 0.606093 0.889357
v -2.102229 1.076859 0.883992
v -2.018331 1.079709 0.891723
v -2.185738 1.073731 0.885771
v -2.160253 1.616206 0.877100
v -2.232332 2.177653 0.890356
v -2.255083 1.610494 0.878433
v -2.064864 1.621476 0.887720
v -2.130435 2.185679 0.903475
v -2.013106 1.623839 0.913211
v -1.972721 1.080943 0.911558
v -1.994930 1.623169 0.978576
v -2.075160 2.189424 0.933169
v -2.056201 2.189111 1.008216
v -2.163776 2.722388 0.992748
v -2.214742 2.717582 0.964601
v -2.146206 2.722396 1.062105
v -2.271172 3.232090 1.078672
v -2.313140 3.226937 1.056403
v -2.256615 3.232215 1.131054
v -2.253402 3.229201 1.225174
v -2.257967 3.225114 1.318396
v -2.144807 2.719100 1.187610
v -2.154014 2.714744 1.312266
v -2.054643 2.185385 1.144363
v -2.064431 2.180584 1.279657
v -1.991667 1.619685 1.097144
v -1.951922 1.077794 1.056816
v -1.998511 1.615399 1.214950
v -1.956128 1.074975 1.150083
v -2.018574 1.611904 1.277534
v -1.972320 1.072633 1.199708
v -2.070100 1.608380 1.296429
v -2.087673 2.176584 1.351437
v -2.143269 2.172451 1.372118
v -2.176168 2.711182 1.378250
v -2.227623 2.708636 1.396463
v -2.274405 3.222121 1.367397
v -2.316774 3.222907 1.380125
v -2.394026 3.227522 1.375656
v -2.320290 2.706243 1.392033
v -2.469718 3.225887 1.366281
v -2.508037 3.210805 1.354451
v -2.410863 2.700763 1.377325
v -2.340352 2.159961 1.352602
v -2.457870 2.690855 1.353410
v -2.391868 2.154721 1.323285
v -2.472833 2.683106 1.288801
v -2.409161 2.153196 1.250967
v -2.520127 3.195012 1.309744
v -2.475688 2.683052 1.163679
v -2.470459 2.687141 1.037209
v -2.523683 3.191181 1.211257
v -2.412892 2.155988 1.117821
v -2.407311 2.160345 0.984670
v -2.328431 1.600541 1.076588
v -2.324011 1.604214 0.960855
v -2.323575 1.597285 1.192617
v -2.249526 1.067518 1.044208
v -2.246228 1.069929 0.951938
v -2.244420 1.065316 1.136728
v -2.196711 0.600460 1.021944
v -2.193891 0.601655 0.942914
v -2.191850 0.599392 1.101162
v -2.163726 0.175943 1.007382
v -2.159180 0.175800 1.080528
v -2.161041 0.176103 0.934348
v -2.144804 0.175717 1.120239
v -2.105919 0.175772 1.134888
v -2.176538 0.598790 1.144260
v -2.135338 0.599144 1.160653
v -2.227984 1.064252 1.187330
v -2.183296 1.065210 1.207278
v -2.305959 1.596281 1.256369
v -2.256384 1.598551 1.282312
v -2.163798 1.603358 1.295221
v -2.242808 2.166567 1.368793
v -2.100580 1.067747 1.216027
v -2.017473 1.070548 1.215443
v -2.059431 0.600198 1.166880
v -1.983444 0.601395 1.165136
v -2.034312 0.175899 1.139744
v -1.962703 0.176049 1.137247
v -1.923998 0.176175 1.123809
v -1.910787 0.176322 1.084483
v -1.942328 0.602342 1.151074
v -1.928151 0.603530 1.108612
v -1.925071 0.604910 1.029133
v -1.929740 0.606154 0.949428
v -1.908180 0.176499 1.011263
v -1.912843 0.176671 0.937915
v -1.927276 0.176732 0.897901
v -1.944947 0.606610 0.905828
v -1.956340 1.080231 0.963084
v -2.179796 0.602539 0.900262
v -2.230642 1.071653 0.902186
v -2.306089 1.606834 0.898508
v -2.388056 2.163806 0.913270
v -2.333589 2.169109 0.890889
v -2.452729 2.691125 0.970029
v -2.402597 2.697408 0.950003
v -2.507034 3.199041 1.055751
v -2.520925 3.194757 1.109124
v -2.466681 3.205622 1.041299
v -2.390260 3.216477 1.044129
v -2.309012 2.707729 0.951019
v 2.222584 0.176333 0.881147
v 2.260986 0.176214 0.894827
v 2.252054 0.603476 0.885802
v 2.151186 0.176509 0.878407
v 2.079552 0.176675 0.883139
v 2.175997 0.604855 0.883522
v 2.099701 0.606093 0.889360
v 2.215426 1.076859 0.883995
v 2.131529 1.079709 0.891726
v 2.298936 1.073731 0.885775
v 2.273450 1.616206 0.877103
v 2.345530 2.177653 0.890359
v 2.368281 1.610494 0.878437
v 2.178061 1.621476 0.887723
v 2.243632 2.185679 0.903478
v 2.126304 1.623839 0.913214
v 2.085918 1.080943 0.911561
v 2.108127 1.623169 0.978579
v 2.188357 2.189424 0.933172
v 2.169398 2.189111 1.008219
v 2.276974 2.722388 0.992751
v 2.327939 2.717582 0.964605
v 2.259404 2.722396 1.062109
v 2.384369 3.232090 1.078676
v 2.426338 3.226937 1.056406
v 2.369813 3.232215 1.131057
v 2.366599 3.229201 1.225177
v 2.371164 3.225114 1.318399
v 2.258005 2.719100 1.187613
v 2.267210 2.714744 1.312269
v 2.167840 2.185385 1.144366
v 2.177628 2.180584 1.279660
v 2.104865 1.619685 1.097147
v 2.065119 1.077794 1.056819
v 2.111708 1.615399 1.214953
v 2.069325 1.074975 1.150086
v 2.131771 1.611904 1.277537
v 2.085517 1.072633 1.199711
v 2.183297 1.608380 1.296432
v 2.200870 2.176584 1.351440
v 2.256466 2.172451 1.372121
v 2.289365 2.711182 1.378253
v 2.340821 2.708636 1.396466
v 2.387602 3.222121 1.367400
v 2.429971 3.222907 1.380128
v 2.507223 3.227522 1.375659
v 2.433486 2.706243 1.392037
v 2.582915 3.225887 1.366284
v 2.621233 3.210805 1.354455
v 2.524060 2.700763 1.377328
v 2.453549 2.159961 1.352605
v 2.571067 2.690855 1.353413
v 2.505065 2.154721 1.323288
v 2.586030 2.683106 1.288804
v 2.522358 2.153196 1.250971
v 2.633324 3.195012 1.309748
v 2.588885 2.683052 1.163683
v 2.583657 2.687141 1.037213
v 2.636880 3.191181 1.211260
v 2.526090 2.155988 1.117825
v 2.520509 2.160345 0.984673
v 2.441628 1.600541 1.076592
v 2.437209 1.604214 0.960859
v 2.436772 1.597285 1.192620
v 2.362723 1.067518 1.044212
v 2.359425 1.069929 0.951941
v 2.357617 1.065316 1.136732
v 2.309909 0.600460 1.021947
v 2.307088 0.601655 0.942917
v 2.305048 0.599392 1.101165
v 2.276924 0.175943 1.007385
v 2.272377 0.175800 1.080532
v 2.274238 0.176103 0.934351
v 2.258001 0.175717 1.120242
v 2.219117 0.175772 1.134891
v 2.289735 0.598790 1.144263
v 2.248536 0.599144 1.160656
v 2.341181 1.064252 1.187333
v 2.296494 1.065210 1.207281
v 2.419156 1.596281 1.256373
v 2.369581 1.598551 1.282316
v 2.276995 1.603358 1.295224
v 2.356005 2.166567 1.368796
v 2.213778 1.067747 1.216030
v 2.130670 1.070548 1.215446
v 2.172628 0.600198 1.166883
v 2.096641 0.601395 1.165139
v 2.147510 0.175899 1.139747
v 2.075900 0.176049 1.137249
v 2.037195 0.176175 1.123812
v 2.023984 0.176322 1.084486
v 2.055525 0.602342 1.151077
v 2.041348 0.603530 1.108615
v 2.038269 0.604910 1.029136
v 2.042937 0.606154 0.949431
v 2.021378 0.176499 1.011265
v 2.026041 0.176671 0.937917
v 2.040474 0.176732 0.897904
v 2.058145 0.606610 0.905831
v 2.069538 1.080231 0.963087
v 2.292994 0.602539 0.900266
v 2.343839 1.071653 0.902190
v 2.419287 1.606834 0.898511
v 2.501254 2.163806 0.913273
v 2.446787 2.169109 0.890893
v 2.565927 2.691125 0.970032
v 2.515795 2.697408 0.950006
v 2.620232 3.199041 1.055754
v 2.634122 3.194757 1.109127
v 2.579878 3.205622 1.041302
v 2.503457 3.216477 1.044133
v 2.422210 2.707729 0.951023
v 0.364309 1.337663 -0.489043
v 0.344166 1.395405 -0.475904
v 0.314689 1.337663 -0.597987
v 0.485087 1.337663 -0.397781
v 0.669451 1.337663 -0.407013
v 0.472966 1.400247 -0.384286
v 0.456192 1.451703 -0.353703
v 0.665900 1.400444 -0.394646
v 0.663856 1.448655 -0.330882
v 0.882510 1.400354 -0.559609
v 0.903946 1.447286 -0.446181
v 1.012557 1.400807 -0.793421
v 0.878757 1.337663 -0.574844
v 0.995975 1.337663 -0.803564
v 0.934773 1.340380 -0.979860
v 0.808927 1.359060 -1.084529
v 0.946996 1.400771 -0.983825
v 1.081960 1.446997 -0.986862
v 0.779793 1.402872 -1.123663
v 0.974608 1.446345 -1.126946
v 1.440652 1.465364 -1.093732
v 1.915179 1.468081 -0.894971
v 1.348711 1.464250 -0.996541
v 1.548497 1.466469 -0.782216
v 1.158530 1.452431 -0.699426
v 1.676992 1.467590 -0.302191
v 1.254507 1.465212 -0.194240
v 1.733408 1.467277 0.241240
v 2.136215 1.468081 -0.432230
v 2.153861 1.468081 0.141343
v 2.086013 1.465365 0.635655
v 2.009683 1.446345 0.964419
v 1.799656 1.467100 0.584379
v 1.560079 1.464560 0.763889
v 1.249602 1.456225 0.431580
v 1.263088 1.460459 0.896268
v 1.295008 1.444484 1.026310
v 1.031848 1.445490 0.824494
v 0.986844 1.435477 0.982808
v 0.904717 1.400055 0.806653
v 1.040397 1.401161 0.525455
v 0.884778 1.337663 0.807021
v 0.885161 1.398746 1.009967
v 0.863106 1.337663 1.015857
v 1.278379 1.400256 1.092666
v 1.246942 1.340380 1.102612
v 1.944859 1.402872 1.096183
v 1.728176 1.359060 1.115006
v 1.018670 1.337663 0.534941
v 0.927480 1.337663 0.279708
v 0.703103 1.337663 0.099876
v 0.930099 1.400708 0.263815
v 0.695824 1.401506 0.085497
v 0.938823 1.448702 0.142622
v 0.632406 1.459084 -0.028650
v 0.929526 1.463977 -0.157739
v 0.661090 1.470082 -0.187920
v 0.428341 1.482749 -0.296540
v 0.378589 1.491782 -0.233695
v 0.262855 1.480204 -0.446449
v 0.148193 1.488920 -0.435955
v 0.314369 1.445315 -0.461595
v 0.204979 1.446897 -0.590532
v 0.257994 1.422176 -0.590696
v 0.200205 1.410235 -0.706070
v 0.146681 1.444288 -0.593447
v 0.153827 1.404234 -0.705932
v 0.109478 1.400643 -0.600425
v 0.068325 1.415696 -0.509089
v 0.124127 1.376981 -0.703138
v 0.090265 1.337663 -0.602393
v 0.105503 1.337663 -0.698786
v 0.051564 1.337663 -0.524282
v -0.036875 1.337663 -0.490014
v -0.144607 1.337663 -0.475328
v -0.033774 1.396213 -0.472620
v -0.148071 1.369277 -0.458979
v -0.025565 1.436516 -0.436411
v -0.150225 1.390836 -0.429651
v -0.022329 1.437710 -0.377007
v 0.138282 1.477357 -0.325964
v -0.150173 1.394827 -0.380786
v -0.022943 1.414137 -0.322178
v -0.148668 1.383906 -0.331515
v 0.121647 1.442635 -0.272899
v -0.026494 1.378647 -0.288129
v 0.106383 1.393864 -0.242424
v -0.146709 1.363213 -0.301037
v -0.031712 1.337663 -0.267007
v 0.092863 1.337663 -0.222677
v -0.144607 1.337663 -0.283132
v -0.233342 1.337663 -0.307603
v -0.290117 1.337663 -0.341819
v -0.232417 1.356345 -0.320215
v -0.231322 1.370022 -0.342190
v -0.281210 1.355076 -0.347917
v -0.269352 1.365547 -0.354940
v -0.297031 1.355277 -0.379230
v -0.275265 1.367584 -0.379230
v -0.281209 1.355076 -0.410543
v -0.309411 1.337663 -0.379230
v -0.290117 1.337663 -0.416640
v -0.233341 1.337663 -0.450857
v -0.232587 1.357102 -0.438439
v -0.231517 1.370889 -0.416608
v -0.269352 1.365547 -0.403520
v -0.231992 1.375268 -0.379424
v 0.219352 1.337663 -0.124788
v 0.353524 1.337663 -0.027938
v 0.231787 1.399730 -0.138115
v 0.356544 1.399292 -0.037374
v 0.257313 1.449618 -0.159967
v 0.354814 1.438942 -0.068275
v 0.311574 1.480286 -0.188339
v 0.450031 1.451577 -0.049786
v 0.501379 1.400746 0.013073
v 0.507478 1.337663 0.022734
v 0.129806 1.337663 -0.780383
v 0.163998 1.337663 -0.833831
v 0.144235 1.366103 -0.779649
v 0.166438 1.386357 -0.778711
v 0.171214 1.364113 -0.824063
v 0.178643 1.380018 -0.812589
v 0.201697 1.364418 -0.838522
v 0.201697 1.383112 -0.817690
v 0.232181 1.364113 -0.824063
v 0.201697 1.337663 -0.852116
v 0.239397 1.337663 -0.833831
v 0.273589 1.337663 -0.780383
v 0.297891 1.337663 -0.698786
v 0.258973 1.365345 -0.779472
v 0.277775 1.370917 -0.701717
v 0.236632 1.385491 -0.778508
v 0.224752 1.380018 -0.812589
v 0.246972 1.397304 -0.704308
v 0.201511 1.393001 -0.779115
v 0.292116 1.383269 -0.593547
v -0.488558 0.625020 -1.934506
v -0.488407 0.607211 -1.938528
v -0.510060 0.617452 -1.945505
v -0.488618 0.645831 -1.943726
v -0.449464 0.627450 -1.930962
v -0.410370 0.625020 -1.934506
v -0.449464 0.648473 -1.939942
v -0.449464 0.609065 -1.935671
v -0.449464 0.590030 -1.954053
v -0.410521 0.607211 -1.938528
v -0.410603 0.588939 -1.956020
v -0.389381 0.601341 -1.947473
v -0.389749 0.585665 -1.961931
v -0.381350 0.589677 -1.964596
v -0.388868 0.617452 -1.945505
v -0.380177 0.603355 -1.965798
v -0.388676 0.637677 -1.955407
v -0.379790 0.622862 -1.976630
v -0.388868 0.653943 -1.970979
v -0.410310 0.645831 -1.943726
v -0.410370 0.661660 -1.960084
v -0.410521 0.664023 -1.978187
v -0.449464 0.664149 -1.956581
v -0.488558 0.661660 -1.960084
v -0.449464 0.666066 -1.975462
v -0.449464 0.655373 -1.999667
v -0.488407 0.664023 -1.978187
v -0.488325 0.653902 -2.001369
v -0.509547 0.657649 -1.986781
v -0.509180 0.649482 -2.006481
v -0.517578 0.645597 -2.003633
v -0.510060 0.653943 -1.970979
v -0.518751 0.639754 -1.991207
v -0.510252 0.637677 -1.955407
v -0.519138 0.622862 -1.976630
v -0.518751 0.603355 -1.965798
v -0.523948 0.594922 -2.016654
v -0.526668 0.527044 -2.113889
v -0.523342 0.576013 -2.004879
v -0.523342 0.612493 -2.030345
v -0.525887 0.545142 -2.126976
v -0.521427 0.620611 -2.039806
v -0.517672 0.623026 -2.044342
v -0.523459 0.554677 -2.134768
v -0.518948 0.558417 -2.138073
v -0.524111 0.433087 -2.309139
v -0.526714 0.422957 -2.302067
v -0.519373 0.437246 -2.312042
v -0.523459 0.311317 -2.483384
v -0.525887 0.300715 -2.477119
v -0.518947 0.315708 -2.485755
v -0.521427 0.244902 -2.578011
v -0.517672 0.249993 -2.578714
v -0.517578 0.219559 -2.613935
v -0.523341 0.233223 -2.573652
v -0.518750 0.205881 -2.612733
v -0.523948 0.214314 -2.561877
v -0.526667 0.282192 -2.464642
v -0.519137 0.186374 -2.601901
v -0.523341 0.196743 -2.548186
v -0.525887 0.264094 -2.451555
v -0.518750 0.169482 -2.587324
v -0.521427 0.188625 -2.538725
v -0.517578 0.163639 -2.574899
v -0.517672 0.186210 -2.534190
v -0.523459 0.254559 -2.443763
v -0.518948 0.250819 -2.440457
v -0.524112 0.376150 -2.269392
v -0.526714 0.386280 -2.276464
v -0.519374 0.371991 -2.266489
v -0.523460 0.497920 -2.095147
v -0.525887 0.508521 -2.101412
v -0.518948 0.493528 -2.092775
v -0.521427 0.564334 -2.000520
v -0.517672 0.559244 -1.999817
v -0.517578 0.589677 -1.964596
v -0.515921 0.581137 -1.970122
v -0.509547 0.601341 -1.947473
v -0.509180 0.585665 -1.961931
v -0.488325 0.588939 -1.956020
v -0.509630 0.558739 -1.996734
v -0.488437 0.559540 -1.993594
v -0.510207 0.491687 -2.090840
v -0.488609 0.491016 -2.089267
v -0.510423 0.369737 -2.264915
v -0.510207 0.248368 -2.439397
v -0.488678 0.368461 -2.264025
v -0.488609 0.246660 -2.439309
v -0.449464 0.368043 -2.263733
v -0.449464 0.490837 -2.088701
v -0.449464 0.246066 -2.439337
v -0.410250 0.368461 -2.264025
v -0.410318 0.491016 -2.089267
v -0.410318 0.246660 -2.439309
v -0.388504 0.369737 -2.264915
v -0.379554 0.371991 -2.266489
v -0.388721 0.491687 -2.090840
v -0.388720 0.248368 -2.439397
v -0.379980 0.250819 -2.440458
v -0.389298 0.183143 -2.534778
v -0.410491 0.180471 -2.536612
v -0.389748 0.159754 -2.572051
v -0.381255 0.186211 -2.534189
v -0.383006 0.165883 -2.564977
v -0.377501 0.188625 -2.538725
v -0.375468 0.254560 -2.443762
v -0.381349 0.163639 -2.574898
v -0.375586 0.196743 -2.548185
v -0.380177 0.169482 -2.587324
v -0.373040 0.264094 -2.451554
v -0.374980 0.214314 -2.561877
v -0.372260 0.282192 -2.464641
v -0.379790 0.186374 -2.601901
v -0.375586 0.233223 -2.573651
v -0.373040 0.300715 -2.477118
v -0.380177 0.205881 -2.612733
v -0.377501 0.244902 -2.578011
v -0.381349 0.219559 -2.613935
v -0.381255 0.249992 -2.578714
v -0.375468 0.311317 -2.483383
v -0.379980 0.315708 -2.485755
v -0.374816 0.433087 -2.309138
v -0.379554 0.437246 -2.312042
v -0.375468 0.554677 -2.134768
v -0.372214 0.422957 -2.302067
v -0.373041 0.545142 -2.126976
v -0.371371 0.404618 -2.289265
v -0.372260 0.527044 -2.113889
v -0.372214 0.386279 -2.276464
v -0.373041 0.508521 -2.101412
v -0.374816 0.376150 -2.269392
v -0.375468 0.497920 -2.095147
v -0.379980 0.493528 -2.092775
v -0.377501 0.564334 -2.000520
v -0.375586 0.576013 -2.004879
v -0.381256 0.559244 -1.999816
v -0.383007 0.581137 -1.970122
v -0.389298 0.558739 -1.996734
v -0.410491 0.559540 -1.993594
v -0.449464 0.559894 -1.992450
v -0.374980 0.594922 -2.016654
v -0.375586 0.612493 -2.030345
v -0.380177 0.639754 -1.991207
v -0.377501 0.620611 -2.039805
v -0.381256 0.623026 -2.044341
v -0.381350 0.645597 -2.003632
v -0.383007 0.643353 -2.013554
v -0.389381 0.657649 -1.986780
v -0.389748 0.649482 -2.006480
v -0.410603 0.653902 -2.001369
v -0.389298 0.626093 -2.043753
v -0.410491 0.628765 -2.041918
v -0.388721 0.560869 -2.139134
v -0.379980 0.558417 -2.138072
v -0.410318 0.562576 -2.139222
v -0.388504 0.439499 -2.313615
v -0.410250 0.440775 -2.314506
v -0.388720 0.317549 -2.487690
v -0.410318 0.318220 -2.489263
v -0.389298 0.250497 -2.581796
v -0.389748 0.223571 -2.616600
v -0.410491 0.249696 -2.584937
v -0.410603 0.220297 -2.622511
v -0.449464 0.249342 -2.586082
v -0.449464 0.318399 -2.489830
v -0.449464 0.219207 -2.624478
v -0.488436 0.249696 -2.584937
v -0.488609 0.318220 -2.489263
v -0.488324 0.220297 -2.622511
v -0.509629 0.250497 -2.581797
v -0.509179 0.223571 -2.616600
v -0.510207 0.317549 -2.487691
v -0.510423 0.439499 -2.313615
v -0.510207 0.560869 -2.139134
v -0.488678 0.440775 -2.314506
v -0.488609 0.562576 -2.139222
v -0.449464 0.441193 -2.314797
v -0.449464 0.563170 -2.139194
v -0.449464 0.629717 -2.041192
v -0.488437 0.628765 -2.041918
v -0.509630 0.626093 -2.043753
v -0.515921 0.228099 -2.608408
v -0.509546 0.207895 -2.631057
v -0.510059 0.191784 -2.633026
v -0.488407 0.202025 -2.640003
v -0.488557 0.184217 -2.644024
v -0.449464 0.200171 -2.642859
v -0.410521 0.202025 -2.640003
v -0.449464 0.181787 -2.647569
v -0.410370 0.184217 -2.644024
v -0.449464 0.160764 -2.638588
v -0.410309 0.163405 -2.634805
v -0.449464 0.145087 -2.621950
v -0.488618 0.163405 -2.634804
v -0.488557 0.147576 -2.618447
v -0.510252 0.171559 -2.623124
v -0.510059 0.155293 -2.607552
v -0.509547 0.151587 -2.591750
v -0.488407 0.145213 -2.600344
v -0.509179 0.159755 -2.572051
v -0.515921 0.165883 -2.564977
v -0.488325 0.155334 -2.577161
v -0.509630 0.183143 -2.534778
v -0.488436 0.180471 -2.536612
v -0.449464 0.179519 -2.537339
v -0.449464 0.153864 -2.578864
v -0.410603 0.155334 -2.577161
v -0.449464 0.143170 -2.603069
v -0.410521 0.145213 -2.600344
v -0.410370 0.147576 -2.618447
v -0.389381 0.151587 -2.591750
v -0.388868 0.155293 -2.607552
v -0.388675 0.171560 -2.623123
v -0.388868 0.191784 -2.633025
v -0.389381 0.207895 -2.631057
v -0.383006 0.228099 -2.608408
v -0.527557 0.404618 -2.289265
v -0.515921 0.643353 -2.013554
v -0.997561 0.625020 -1.934506
v -0.976059 0.617452 -1.945506
v -0.997712 0.607211 -1.938528
v -0.997500 0.645831 -1.943726
v -1.036655 0.627450 -1.930962
v -1.075749 0.625020 -1.934506
v -1.036655 0.648473 -1.939942
v -1.036655 0.609065 -1.935672
v -1.075598 0.607211 -1.938528
v -1.036655 0.590030 -1.954053
v -1.075516 0.588939 -1.956020
v -0.997794 0.588939 -1.956020
v -1.036655 0.559894 -1.992450
v -1.075628 0.559540 -1.993594
v -1.036655 0.490838 -2.088701
v -0.997682 0.559540 -1.993594
v -0.997509 0.491016 -2.089268
v -0.976489 0.558739 -1.996735
v -0.975911 0.491687 -2.090840
v -0.968447 0.559244 -1.999817
v -0.976939 0.585665 -1.961931
v -0.970198 0.581137 -1.970123
v -0.976572 0.601342 -1.947474
v -0.968541 0.589677 -1.964596
v -0.967368 0.603355 -1.965798
v -0.964692 0.564334 -2.000520
v -0.962777 0.576013 -2.004879
v -0.962659 0.497920 -2.095148
v -0.967171 0.493528 -2.092775
v -0.960231 0.508521 -2.101412
v -0.962007 0.376150 -2.269392
v -0.966745 0.371991 -2.266489
v -0.962659 0.254560 -2.443763
v -0.959404 0.386280 -2.276464
v -0.960231 0.264095 -2.451554
v -0.958562 0.404618 -2.289266
v -0.959451 0.282192 -2.464642
v -0.959404 0.422957 -2.302067
v -0.959451 0.527044 -2.113889
v -0.960231 0.545142 -2.126976
v -0.962171 0.594922 -2.016654
v -0.966981 0.622862 -1.976630
v -0.962777 0.612493 -2.030345
v -0.967368 0.639754 -1.991207
v -0.964692 0.620611 -2.039806
v -0.962659 0.554677 -2.134768
v -0.968447 0.623026 -2.044342
v -0.968541 0.645597 -2.003633
v -0.970198 0.643353 -2.013554
v -0.976572 0.657649 -1.986781
v -0.976059 0.653943 -1.970979
v -0.976939 0.649482 -2.006481
v -0.997712 0.664023 -1.978187
v -0.997794 0.653902 -2.001369
v -0.997561 0.661660 -1.960084
v -1.036655 0.666066 -1.975462
v -1.036655 0.664149 -1.956581
v -1.036655 0.655373 -1.999667
v -1.075598 0.664023 -1.978187
v -1.075749 0.661660 -1.960084
v -1.075516 0.653902 -2.001369
v -1.096738 0.657650 -1.986781
v -1.096370 0.649482 -2.006481
v -1.104769 0.645597 -2.003633
v -1.097250 0.653943 -1.970980
v -1.105942 0.639754 -1.991207
v -1.097443 0.637677 -1.955408
v -1.075809 0.645831 -1.943726
v -1.106329 0.622862 -1.976630
v -1.097251 0.617452 -1.945506
v -1.105942 0.603355 -1.965798
v -1.096738 0.601341 -1.947474
v -1.104769 0.589677 -1.964596
v -1.096370 0.585665 -1.961932
v -1.103112 0.581137 -1.970123
v -1.096821 0.558739 -1.996735
v -1.104863 0.559244 -1.999817
v -1.097398 0.491687 -2.090840
v -1.106139 0.493528 -2.092775
v -1.075800 0.491016 -2.089268
v -1.097614 0.369737 -2.264915
v -1.075869 0.368461 -2.264025
v -1.106564 0.371991 -2.266489
v -1.097398 0.248368 -2.439397
v -1.075800 0.246660 -2.439309
v -1.106138 0.250819 -2.440458
v -1.096820 0.183143 -2.534778
v -1.104863 0.186210 -2.534190
v -1.096370 0.159755 -2.572051
v -1.075627 0.180471 -2.536613
v -1.075516 0.155334 -2.577162
v -1.036655 0.179519 -2.537339
v -1.036654 0.153863 -2.578864
v -0.997682 0.180471 -2.536613
v -1.036655 0.246067 -2.439337
v -0.997509 0.246660 -2.439309
v -1.036655 0.368044 -2.263733
v -0.997441 0.368461 -2.264025
v -0.975695 0.369737 -2.264915
v -0.975911 0.248368 -2.439397
v -0.967171 0.250819 -2.440458
v -0.976489 0.183143 -2.534778
v -0.976939 0.159755 -2.572051
v -0.968446 0.186211 -2.534190
v -0.970197 0.165883 -2.564977
v -0.964692 0.188626 -2.538725
v -0.968540 0.163639 -2.574899
v -0.962777 0.196743 -2.548186
v -0.967368 0.169482 -2.587324
v -0.962170 0.214314 -2.561877
v -0.966981 0.186375 -2.601901
v -0.962777 0.233223 -2.573652
v -0.960231 0.300716 -2.477119
v -0.967368 0.205881 -2.612733
v -0.964692 0.244903 -2.578011
v -0.968540 0.219559 -2.613935
v -0.968446 0.249992 -2.578714
v -0.962659 0.311317 -2.483384
v -0.967171 0.315708 -2.485756
v -0.962007 0.433087 -2.309139
v -0.966745 0.437246 -2.312042
v -0.967171 0.558418 -2.138073
v -0.975695 0.439500 -2.313615
v -0.997441 0.440775 -2.314506
v -0.975911 0.560869 -2.139134
v -0.975911 0.317549 -2.487691
v -0.997509 0.318220 -2.489263
v -0.976489 0.250497 -2.581797
v -0.976939 0.223572 -2.616600
v -0.997682 0.249697 -2.584937
v -0.997794 0.220297 -2.622511
v -1.036654 0.249343 -2.586082
v -1.036654 0.219207 -2.624478
v -1.075627 0.249697 -2.584937
v -1.036654 0.318399 -2.489830
v -1.075800 0.318220 -2.489263
v -1.036655 0.441193 -2.314797
v -1.075869 0.440776 -2.314506
v -1.036655 0.563170 -2.139194
v -0.997509 0.562576 -2.139222
v -1.075800 0.562576 -2.139222
v -1.036655 0.629717 -2.041192
v -0.997682 0.628765 -2.041919
v -1.075628 0.628765 -2.041919
v -1.096821 0.626093 -2.043753
v -1.097398 0.560869 -2.139134
v -1.104863 0.623026 -2.044342
v -1.106139 0.558418 -2.138073
v -1.103112 0.643353 -2.013554
v -1.108618 0.620611 -2.039806
v -1.110533 0.612493 -2.030345
v -1.110650 0.554677 -2.134768
v -1.113078 0.545142 -2.126976
v -1.111302 0.433086 -2.309139
v -1.113905 0.422957 -2.302067
v -1.106564 0.437246 -2.312042
v -1.110650 0.311317 -2.483384
v -1.113078 0.300716 -2.477119
v -1.106138 0.315708 -2.485756
v -1.108617 0.244903 -2.578011
v -1.104863 0.249993 -2.578714
v -1.104769 0.219559 -2.613935
v -1.110532 0.233224 -2.573652
v -1.105941 0.205881 -2.612733
v -1.111138 0.214314 -2.561877
v -1.106328 0.186375 -2.601901
v -1.110532 0.196743 -2.548186
v -1.113858 0.282192 -2.464642
v -1.113078 0.264095 -2.451554
v -1.114747 0.404618 -2.289266
v -1.113905 0.386280 -2.276464
v -1.113858 0.527044 -2.113889
v -1.113078 0.508521 -2.101412
v -1.111139 0.594922 -2.016654
v -1.110533 0.576013 -2.004879
v -1.108618 0.564334 -2.000520
v -1.110650 0.497920 -2.095148
v -1.111302 0.376150 -2.269392
v -1.110650 0.254560 -2.443763
v -1.108617 0.188626 -2.538725
v -1.104769 0.163639 -2.574899
v -1.103112 0.165883 -2.564977
v -1.105941 0.169482 -2.587324
v -1.096737 0.151587 -2.591750
v -1.075597 0.145213 -2.600344
v -1.097250 0.155293 -2.607552
v -1.075748 0.147577 -2.618447
v -1.097443 0.171560 -2.623124
v -1.075809 0.163405 -2.634805
v -1.097250 0.191785 -2.633026
v -1.075748 0.184217 -2.644025
v -1.096737 0.207895 -2.631057
v -1.096370 0.223572 -2.616600
v -1.075598 0.202025 -2.640003
v -1.075515 0.220297 -2.622511
v -1.036654 0.200171 -2.642859
v -1.036654 0.181787 -2.647569
v -0.997711 0.202025 -2.640003
v -0.997561 0.184217 -2.644025
v -0.976572 0.207895 -2.631057
v -0.976059 0.191785 -2.633026
v -0.975866 0.171560 -2.623124
v -0.997500 0.163405 -2.634805
v -0.976059 0.155293 -2.607552
v -0.997561 0.147577 -2.618447
v -0.976572 0.151587 -2.591750
v -0.997711 0.145213 -2.600344
v -0.997794 0.155334 -2.577162
v -1.036654 0.143171 -2.603069
v -1.036654 0.145087 -2.621950
v -1.036654 0.160764 -2.638589
v -1.103112 0.228099 -2.608408
v -1.096820 0.250498 -2.581797
v -1.097398 0.317549 -2.487691
v -1.097614 0.439499 -2.313616
v -0.976489 0.626093 -2.043753
v -0.970197 0.228099 -2.608408
v -0.975867 0.637677 -1.955408
vn -0.0000 1.0000 -0.0000
vn -0.8540 0.0683 0.5157
vn -0.8580 0.2938 0.4213
vn -0.9999 0.0063 0.0091
vn -0.9593 -0.2260 0.1692
vn -0.8602 0.4483 0.2429
vn -0.9594 0.2365 -0.1539
vn -0.9587 0.2333 -0.1625
vn -1.0000 0.0002 0.0003
vn -0.9587 -0.2329 0.1630
vn 0.9587 -0.2329 0.1630
vn 1.0000 0.0002 0.0003
vn 0.9999 0.0063 0.0091
vn 0.9593 -0.2260 0.1692
vn 0.9587 0.2333 -0.1625
vn 0.9594 0.2365 -0.1539
vn 0.8602 0.4483 0.2429
vn 0.8580 0.2938 0.4213
vn 0.8540 0.0683 0.5157
vn -1.0000 -0.0000 -0.0000
vn -0.9587 -0.2333 0.1629
vn -0.9587 0.2333 -0.1629
vn -0.9591 0.2197 -0.1786
vn -0.9998 -0.0122 -0.0176
vn -0.9592 -0.2430 0.1448
vn 0.9592 -0.2430 0.1448
vn 0.9998 -0.0122 -0.0175
vn 1.0000 -0.0000 -0.0000
vn 0.9587 -0.2333 0.1629
vn 0.9591 0.2197 -0.1786
vn 0.9587 0.2333 -0.1629
vn -0.9821 -0.1077 -0.1543
vn -0.9471 -0.3209 0.0060
vn -0.9459 0.1170 -0.3027
vn -0.8248 -0.0962 -0.5572
vn -0.8469 -0.3043 -0.4361
vn -0.8277 -0.4832 -0.2854
vn 0.8277 -0.4833 -0.2854
vn 0.8469 -0.3043 -0.4361
vn 0.9821 -0.1077 -0.1543
vn 0.9471 -0.3209 0.0060
vn 0.8248 -0.0962 -0.5572
vn 0.9459 0.1170 -0.3027
vn -0.5205 -0.4887 -0.7002
vn -0.5143 -0.6378 -0.5733
vn -0.5129 -0.3119 -0.7998
vn -0.0000 -0.4053 -0.9142
vn -0.0000 -0.5723 -0.8200
vn -0.0000 -0.7129 -0.7013
vn 0.5205 -0.4887 -0.7002
vn 0.5143 -0.6378 -0.5733
vn 0.5129 -0.3119 -0.7998
vn -0.0204 0.8198 -0.5722
vn -0.0005 0.8200 -0.5723
vn -0.0005 0.8200 -0.5724
vn -0.0205 0.8198 -0.5723
vn -0.0000 0.8200 -0.5723
vn -0.0000 0.8200 -0.5724
vn -0.0208 0.8196 -0.5726
vn -0.0180 0.9197 -0.3922
vn -0.0004 0.9286 -0.3710
vn -0.0005 0.8217 -0.5699
vn -0.0203 0.8212 -0.5703
vn -0.0000 0.9291 -0.3698
vn -0.0000 0.8218 -0.5698
vn 0.0005 0.8200 -0.5723
vn 0.0005 0.8200 -0.5724
vn 0.0204 0.8198 -0.5722
vn 0.0205 0.8198 -0.5723
vn 0.0208 0.8196 -0.5726
vn -0.0006 0.8199 -0.5725
vn -0.0229 0.8174 -0.5757
vn -0.0000 0.8199 -0.5725
vn -0.0006 0.8198 -0.5727
vn -0.0251 0.8101 -0.5858
vn 0.0006 0.8199 -0.5725
vn 0.0229 0.8174 -0.5757
vn 0.0251 0.8101 -0.5858
vn 0.0006 0.8198 -0.5727
vn -0.0005 0.8195 -0.5731
vn -0.0184 0.8006 -0.5989
vn -0.0000 0.8194 -0.5732
vn -0.0000 0.7965 -0.6047
vn 0.0005 0.8195 -0.5731
vn 0.0184 0.8006 -0.5989
vn 0.0004 0.9286 -0.3710
vn 0.0005 0.8217 -0.5699
vn 0.0180 0.9197 -0.3922
vn 0.0203 0.8212 -0.5703
vn -0.0250 -0.8291 0.5585
vn -0.0184 -0.8381 0.5452
vn -0.0005 -0.8205 0.5717
vn -0.0006 -0.8202 0.5721
vn -0.0000 -0.8421 0.5393
vn -0.0000 -0.8205 0.5716
vn -0.0000 -0.8200 0.5723
vn -0.0208 -0.8200 0.5720
vn -0.0229 -0.8221 0.5689
vn -0.0006 -0.8200 0.5723
vn -0.0005 -0.8200 0.5724
vn -0.0000 -0.8200 0.5724
vn -0.0000 0.5505 0.8349
vn -0.0000 0.5724 0.8200
vn -0.0001 0.5724 0.8200
vn -0.0001 0.5506 0.8348
vn -0.0000 0.5939 0.8046
vn -0.0001 0.5937 0.8047
vn -0.0059 0.5914 0.8063
vn -0.0065 0.5724 0.8200
vn -0.0058 0.5530 0.8332
vn -0.0000 -0.6629 0.7487
vn -0.0000 -0.8181 0.5750
vn 0.0005 -0.8182 0.5749
vn 0.0004 -0.6640 0.7478
vn -0.0000 -0.8199 0.5725
vn 0.0005 -0.8199 0.5725
vn 0.0204 -0.8198 0.5724
vn 0.0203 -0.8184 0.5743
vn 0.0179 -0.6813 0.7317
vn 0.0005 -0.8205 0.5717
vn 0.0006 -0.8202 0.5721
vn 0.0184 -0.8381 0.5452
vn 0.0250 -0.8291 0.5585
vn 0.0006 -0.8200 0.5723
vn 0.0005 -0.8200 0.5724
vn 0.0229 -0.8221 0.5689
vn 0.0208 -0.8200 0.5720
vn 0.0205 -0.8198 0.5723
vn -0.0179 -0.6813 0.7317
vn -0.0203 -0.8184 0.5743
vn -0.0005 -0.8182 0.5749
vn -0.0004 -0.6640 0.7478
vn -0.0204 -0.8198 0.5724
vn -0.0005 -0.8199 0.5725
vn -0.0205 -0.8198 0.5723
vn 0.0058 0.5530 0.8332
vn 0.0117 0.0062 0.9999
vn 0.1754 0.0174 0.9844
vn 0.2901 0.4675 0.8350
vn 0.5134 -0.3947 0.7620
vn -0.2901 0.4675 0.8350
vn -0.1754 0.0174 0.9844
vn -0.0117 0.0062 0.9999
vn -0.5134 -0.3947 0.7620
vn 0.0059 0.5914 0.8063
vn 0.2872 0.6200 0.7301
vn 0.1815 0.9116 0.3689
vn 0.0116 0.9319 0.3624
vn 0.5213 0.8435 -0.1294
vn -0.0116 0.9319 0.3624
vn -0.1815 0.9116 0.3689
vn -0.2872 0.6200 0.7301
vn -0.5213 0.8435 -0.1294
vn 0.0001 0.5506 0.8348
vn 0.0002 0.0260 0.9997
vn -0.0000 0.0270 0.9996
vn -0.0002 0.0260 0.9997
vn -0.5144 -0.7003 0.4951
vn -0.5121 -0.7042 0.4918
vn 0.5144 -0.7003 0.4951
vn 0.5121 -0.7042 0.4918
vn -0.5119 -0.7044 0.4917
vn -0.5178 -0.7074 0.4811
vn 0.5119 -0.7044 0.4917
vn 0.5178 -0.7074 0.4811
vn -0.5442 -0.7416 0.3924
vn -0.5046 -0.8420 0.1906
vn 0.5442 -0.7416 0.3924
vn 0.5046 -0.8420 0.1906
vn -0.3257 -0.9455 -0.0003
vn -0.0000 -0.9954 -0.0963
vn 0.3257 -0.9455 -0.0003
vn 0.0002 0.9245 0.3812
vn -0.0000 0.9241 0.3822
vn 0.0001 0.5937 0.8047
vn -0.0002 0.9245 0.3812
vn -0.5142 0.7060 -0.4869
vn -0.5121 0.7044 -0.4915
vn 0.5142 0.7060 -0.4869
vn 0.5121 0.7044 -0.4915
vn -0.5119 0.7044 -0.4917
vn -0.5181 0.6949 -0.4987
vn 0.5119 0.7044 -0.4917
vn 0.5181 0.6949 -0.4987
vn -0.5459 0.6189 -0.5648
vn -0.5050 0.4591 -0.7309
vn 0.5459 0.6189 -0.5648
vn 0.5050 0.4591 -0.7309
vn -0.3233 0.3176 -0.8914
vn -0.0000 0.2476 -0.9689
vn 0.3233 0.3176 -0.8914
vn 0.2422 0.5553 0.7956
vn 0.0065 0.5724 0.8200
vn -0.2422 0.5553 0.7956
vn 0.0001 0.5724 0.8200
vn 0.1020 -0.4751 -0.8740
vn 0.0724 -0.7067 -0.7038
vn -0.6908 -0.7222 0.0349
vn -0.5473 -0.8368 -0.0154
vn 0.4230 -0.8743 -0.2379
vn 0.9529 0.1630 -0.2558
vn 0.6881 0.2290 -0.6885
vn 0.2250 0.7293 -0.6461
vn 0.7883 0.5951 -0.1562
vn 0.5654 0.8156 -0.1225
vn -0.1919 0.9799 -0.0544
vn -0.1792 0.9660 -0.1866
vn 0.2160 0.3201 -0.9224
vn -0.0512 -0.8439 -0.5340
vn 0.4809 0.8699 -0.1097
vn 0.5112 0.8301 -0.2227
vn 0.1605 0.7270 -0.6676
vn 0.0691 -0.4944 -0.8665
vn -0.4923 -0.8661 0.0872
vn -0.4625 -0.8860 -0.0314
vn 0.1988 -0.9785 0.0553
vn 0.2205 -0.9720 -0.0806
vn 0.2418 -0.9683 -0.0623
vn -0.0087 -0.8394 -0.5434
vn 0.2452 -0.9676 0.0596
vn 0.1047 0.3512 -0.9304
vn 0.0268 -0.5112 -0.8590
vn -0.3743 -0.9246 0.0709
vn -0.3587 -0.9328 -0.0353
vn 0.0564 0.7312 -0.6799
vn 0.3663 0.9246 -0.1047
vn 0.3829 0.9004 -0.2066
vn -0.2352 0.9530 -0.1909
vn -0.2232 0.9720 -0.0740
vn -0.2822 0.9545 -0.0960
vn -0.2936 0.9347 -0.2001
vn -0.0000 0.3601 -0.9329
vn 0.0001 -0.8346 -0.5508
vn 0.2821 0.9546 -0.0960
vn 0.2935 0.9348 -0.2001
vn -0.0565 0.7311 -0.6799
vn -0.0268 -0.5112 -0.8590
vn -0.2955 -0.9530 0.0663
vn -0.2881 -0.9567 -0.0421
vn 0.2956 -0.9530 0.0663
vn 0.2882 -0.9566 -0.0422
vn 0.3588 -0.9327 -0.0353
vn 0.0088 -0.8394 -0.5434
vn 0.3744 -0.9245 0.0709
vn -0.1047 0.3511 -0.9305
vn -0.0691 -0.4944 -0.8665
vn -0.2452 -0.9676 0.0596
vn -0.2418 -0.9683 -0.0623
vn -0.1605 0.7270 -0.6676
vn 0.2232 0.9720 -0.0740
vn 0.2352 0.9530 -0.1909
vn -0.3831 0.9003 -0.2066
vn -0.3664 0.9246 -0.1046
vn -0.4809 0.8699 -0.1097
vn -0.5112 0.8301 -0.2227
vn -0.2160 0.3201 -0.9224
vn 0.0512 -0.8439 -0.5340
vn 0.1919 0.9799 -0.0544
vn 0.1792 0.9660 -0.1866
vn -0.2250 0.7293 -0.6461
vn -0.1020 -0.4751 -0.8740
vn -0.1988 -0.9785 0.0553
vn -0.2205 -0.9720 -0.0806
vn 0.4923 -0.8661 0.0872
vn 0.4625 -0.8860 -0.0314
vn 0.5473 -0.8368 -0.0154
vn -0.0724 -0.7067 -0.7038
vn 0.6908 -0.7222 0.0349
vn -0.6881 0.2290 -0.6885
vn -0.4230 -0.8743 -0.2379
vn -0.9529 0.1630 -0.2558
vn -0.7883 0.5951 -0.1562
vn -0.5654 0.8156 -0.1225
vn -0.8019 0.5899 -0.0944
vn -0.9769 0.1999 -0.0755
vn -0.4049 -0.9142 0.0186
vn -0.8137 0.5787 -0.0550
vn -0.9827 0.1797 -0.0456
vn -0.3951 -0.9186 0.0086
vn 0.7053 -0.7038 0.0846
vn 0.7117 -0.7006 0.0505
vn -0.3907 -0.9205 -0.0000
vn 0.7140 -0.7002 -0.0000
vn -0.9848 0.1735 -0.0000
vn 0.5314 -0.8455 0.0525
vn 0.5345 -0.8452 -0.0000
vn 0.5200 -0.8494 0.0902
vn -0.1054 -0.9939 0.0331
vn -0.1048 -0.9945 -0.0000
vn -0.1107 -0.9920 0.0613
vn -0.1054 -0.9939 -0.0331
vn 0.5314 -0.8455 -0.0525
vn 0.7117 -0.7006 -0.0505
vn -0.1107 -0.9920 -0.0613
vn 0.5200 -0.8494 -0.0902
vn 0.7053 -0.7038 -0.0846
vn -0.3951 -0.9186 -0.0086
vn -0.4049 -0.9142 -0.0186
vn -0.4230 -0.8743 0.2379
vn 0.6908 -0.7222 -0.0349
vn 0.5473 -0.8368 0.0154
vn -0.1020 -0.4751 0.8740
vn -0.0724 -0.7067 0.7038
vn -0.2205 -0.9720 0.0806
vn 0.0512 -0.8439 0.5340
vn -0.1988 -0.9785 -0.0553
vn -0.1401 -0.9890 -0.0483
vn -0.1414 -0.9896 -0.0262
vn 0.4457 -0.8925 -0.0695
vn 0.4923 -0.8661 -0.0872
vn 0.4554 -0.8893 -0.0417
vn -0.1413 -0.9900 -0.0000
vn 0.4581 -0.8889 -0.0000
vn -0.1414 -0.9896 0.0262
vn 0.4554 -0.8893 0.0417
vn -0.1401 -0.9890 0.0483
vn 0.4457 -0.8925 0.0695
vn 0.4378 -0.8955 0.0803
vn 0.4517 -0.8909 0.0472
vn -0.1533 -0.9860 0.0654
vn -0.1520 -0.9877 0.0358
vn -0.1871 -0.9810 0.0518
vn -0.1518 -0.9884 -0.0000
vn 0.4558 -0.8901 -0.0000
vn -0.1520 -0.9877 -0.0358
vn 0.4517 -0.8909 -0.0472
vn -0.1533 -0.9860 -0.0654
vn 0.4378 -0.8955 -0.0803
vn -0.2418 -0.9683 0.0623
vn 0.4625 -0.8860 0.0314
vn -0.0691 -0.4944 0.8665
vn -0.1605 0.7270 0.6676
vn -0.2160 0.3201 0.9224
vn -0.2250 0.7293 0.6461
vn -0.4809 0.8699 0.1097
vn -0.5112 0.8301 0.2227
vn 0.1792 0.9660 0.1866
vn 0.1919 0.9799 0.0544
vn -0.5654 0.8156 0.1225
vn -0.7883 0.5951 0.1562
vn -0.6881 0.2290 0.6885
vn -0.9529 0.1630 0.2558
vn -0.8019 0.5899 0.0944
vn -0.9769 0.1999 0.0755
vn -0.5332 0.8398 0.1019
vn -0.8137 0.5787 0.0550
vn -0.9827 0.1797 0.0456
vn -0.5475 0.8348 0.0575
vn 0.1016 0.9926 0.0669
vn 0.0959 0.9948 0.0356
vn 0.0953 0.9954 -0.0000
vn -0.5513 0.8343 -0.0000
vn -0.8176 0.5758 -0.0000
vn 0.0959 0.9948 -0.0356
vn -0.5475 0.8348 -0.0575
vn -0.5332 0.8398 -0.1018
vn 0.1016 0.9926 -0.0669
vn 0.1348 0.9895 -0.0520
vn 0.1356 0.9904 -0.0279
vn -0.4643 0.8845 -0.0463
vn -0.4533 0.8877 -0.0801
vn -0.4673 0.8841 -0.0000
vn 0.1353 0.9908 -0.0000
vn -0.4643 0.8845 0.0463
vn 0.1356 0.9904 0.0279
vn -0.4533 0.8877 0.0801
vn 0.1348 0.9895 0.0520
vn -0.4473 0.8896 0.0927
vn -0.4625 0.8851 0.0524
vn 0.2232 0.9720 0.0740
vn 0.1457 0.9867 0.0723
vn 0.1444 0.9888 0.0387
vn 0.2352 0.9530 0.1909
vn -0.1047 0.3511 0.9305
vn 0.1846 0.9812 0.0566
vn -0.3831 0.9003 0.2066
vn -0.3351 0.9396 0.0700
vn -0.3442 0.9380 0.0407
vn 0.1858 0.9821 0.0313
vn -0.3461 0.9382 -0.0000
vn 0.1857 0.9826 -0.0000
vn 0.1444 0.9895 -0.0000
vn -0.4667 0.8844 -0.0000
vn 0.1444 0.9888 -0.0387
vn -0.4625 0.8851 -0.0524
vn 0.1858 0.9821 -0.0313
vn 0.1458 0.9867 -0.0723
vn -0.4473 0.8896 -0.0926
vn 0.1846 0.9812 -0.0565
vn -0.3442 0.9380 -0.0407
vn -0.3351 0.9396 -0.0700
vn -0.3232 0.9426 -0.0837
vn -0.3336 0.9416 -0.0466
vn 0.2224 0.9719 -0.0770
vn 0.2267 0.9731 -0.0421
vn 0.2480 0.9668 -0.0620
vn 0.2276 0.9738 -0.0000
vn -0.3361 0.9418 -0.0000
vn 0.2267 0.9731 0.0421
vn -0.3336 0.9416 0.0466
vn 0.2224 0.9719 0.0771
vn -0.3232 0.9426 0.0837
vn 0.2821 0.9546 0.0960
vn -0.3664 0.9246 0.1046
vn -0.0565 0.7311 0.6799
vn 0.2935 0.9348 0.2001
vn -0.0000 0.3601 0.9329
vn 0.0088 -0.8394 0.5434
vn -0.0268 -0.5112 0.8590
vn 0.0001 -0.8346 0.5508
vn 0.3744 -0.9245 -0.0709
vn 0.3588 -0.9327 0.0353
vn -0.2881 -0.9567 0.0421
vn -0.2955 -0.9530 -0.0663
vn 0.0268 -0.5112 0.8590
vn 0.2956 -0.9530 -0.0663
vn 0.2882 -0.9566 0.0422
vn 0.0564 0.7311 0.6799
vn -0.3587 -0.9328 0.0352
vn -0.0087 -0.8394 0.5434
vn -0.3743 -0.9246 -0.0709
vn 0.1047 0.3512 0.9304
vn -0.2822 0.9545 0.0960
vn -0.2936 0.9347 0.2001
vn 0.3663 0.9246 0.1047
vn 0.3829 0.9004 0.2066
vn -0.2232 0.9720 0.0740
vn -0.2352 0.9530 0.1909
vn 0.1605 0.7270 0.6676
vn 0.0691 -0.4944 0.8665
vn 0.4809 0.8699 0.1097
vn 0.5112 0.8301 0.2227
vn 0.2160 0.3201 0.9224
vn -0.0512 -0.8439 0.5340
vn 0.2452 -0.9676 -0.0596
vn 0.2418 -0.9683 0.0623
vn -0.4625 -0.8860 0.0314
vn -0.4923 -0.8661 -0.0872
vn 0.1020 -0.4751 0.8740
vn 0.1988 -0.9785 -0.0553
vn 0.2205 -0.9720 0.0806
vn 0.2250 0.7293 0.6461
vn -0.5473 -0.8368 0.0154
vn 0.0724 -0.7067 0.7038
vn -0.6908 -0.7222 -0.0349
vn 0.6881 0.2290 0.6886
vn -0.1919 0.9799 0.0544
vn -0.1792 0.9660 0.1866
vn 0.5654 0.8156 0.1225
vn 0.7883 0.5951 0.1562
vn 0.9529 0.1630 0.2558
vn 0.4230 -0.8743 0.2379
vn 0.8019 0.5899 0.0944
vn 0.9769 0.1999 0.0755
vn 0.4049 -0.9142 -0.0186
vn -0.7053 -0.7038 -0.0846
vn 0.3951 -0.9186 -0.0086
vn -0.7117 -0.7006 -0.0505
vn 0.9827 0.1797 0.0456
vn 0.3907 -0.9205 -0.0000
vn -0.7140 -0.7002 -0.0000
vn 0.9848 0.1735 -0.0000
vn 0.8137 0.5787 0.0551
vn 0.8176 0.5758 -0.0000
vn 0.8137 0.5787 -0.0550
vn 0.9827 0.1797 -0.0456
vn 0.3951 -0.9186 0.0086
vn 0.8019 0.5899 -0.0944
vn 0.9769 0.1999 -0.0755
vn 0.4049 -0.9142 0.0186
vn -0.7117 -0.7006 0.0505
vn -0.7053 -0.7038 0.0846
vn -0.5314 -0.8455 0.0525
vn -0.5200 -0.8494 0.0902
vn -0.5345 -0.8452 -0.0000
vn 0.1054 -0.9939 0.0331
vn 0.1107 -0.9920 0.0613
vn 0.1048 -0.9945 -0.0000
vn -0.5314 -0.8455 -0.0525
vn 0.1054 -0.9939 -0.0331
vn -0.5200 -0.8494 -0.0902
vn 0.1107 -0.9920 -0.0613
vn 0.1401 -0.9890 -0.0483
vn 0.1414 -0.9896 -0.0262
vn -0.4457 -0.8925 -0.0695
vn -0.4554 -0.8893 -0.0417
vn -0.4581 -0.8889 -0.0000
vn 0.1413 -0.9900 -0.0000
vn -0.4554 -0.8893 0.0417
vn 0.1414 -0.9896 0.0262
vn -0.4457 -0.8925 0.0695
vn 0.1401 -0.9890 0.0483
vn -0.4378 -0.8955 0.0803
vn -0.4517 -0.8909 0.0472
vn 0.1533 -0.9860 0.0654
vn 0.1520 -0.9877 0.0358
vn -0.4558 -0.8901 -0.0000
vn 0.1518 -0.9884 -0.0000
vn -0.4517 -0.8909 -0.0472
vn 0.1520 -0.9877 -0.0358
vn -0.4378 -0.8955 -0.0803
vn 0.1533 -0.9860 -0.0654
vn 0.1871 -0.9810 -0.0518
vn 0.1886 -0.9816 -0.0293
vn -0.3338 -0.9407 -0.0612
vn -0.3430 -0.9386 -0.0369
vn -0.3449 -0.9386 -0.0000
vn 0.1888 -0.9820 -0.0000
vn -0.3430 -0.9386 0.0369
vn 0.1886 -0.9816 0.0293
vn -0.3338 -0.9407 0.0612
vn 0.1871 -0.9810 0.0518
vn -0.3210 -0.9442 0.0737
vn -0.3314 -0.9426 0.0424
vn 0.2254 -0.9718 0.0690
vn 0.2298 -0.9725 0.0387
vn 0.2492 -0.9669 0.0553
vn -0.3339 -0.9426 -0.0000
vn 0.2309 -0.9730 -0.0000
vn -0.3314 -0.9426 -0.0424
vn 0.2298 -0.9725 -0.0387
vn -0.3210 -0.9442 -0.0737
vn 0.2254 -0.9718 -0.0690
vn 0.2492 -0.9669 -0.0553
vn 0.2544 -0.9665 -0.0331
vn -0.2490 -0.9669 -0.0553
vn -0.2542 -0.9666 -0.0331
vn -0.2552 -0.9669 -0.0000
vn 0.2553 -0.9669 -0.0000
vn -0.2542 -0.9666 0.0331
vn 0.2544 -0.9665 0.0331
vn -0.2490 -0.9669 0.0553
vn -0.2252 -0.9719 0.0690
vn -0.2297 -0.9725 0.0387
vn 0.3212 -0.9442 0.0737
vn 0.3315 -0.9425 0.0424
vn -0.2307 -0.9730 -0.0000
vn 0.3340 -0.9426 -0.0000
vn -0.2297 -0.9725 -0.0387
vn 0.3315 -0.9425 -0.0424
vn -0.2252 -0.9719 -0.0690
vn 0.3212 -0.9442 -0.0737
vn 0.3339 -0.9406 -0.0612
vn 0.3431 -0.9386 -0.0369
vn -0.1871 -0.9810 -0.0518
vn -0.1886 -0.9816 -0.0293
vn -0.2452 -0.9676 -0.0596
vn -0.1888 -0.9820 -0.0000
vn 0.3450 -0.9386 -0.0000
vn -0.1886 -0.9816 0.0293
vn 0.3431 -0.9386 0.0369
vn 0.3339 -0.9406 0.0612
vn 0.5332 0.8398 -0.1018
vn 0.5475 0.8348 -0.0575
vn -0.1016 0.9926 -0.0669
vn -0.0959 0.9948 -0.0356
vn -0.1356 0.9904 -0.0279
vn -0.1348 0.9895 -0.0520
vn 0.4533 0.8877 -0.0801
vn 0.4642 0.8845 -0.0463
vn -0.1353 0.9908 -0.0000
vn 0.4673 0.8841 -0.0000
vn -0.0953 0.9954 -0.0000
vn 0.4667 0.8844 -0.0000
vn 0.4625 0.8851 -0.0524
vn 0.4473 0.8896 -0.0926
vn -0.1444 0.9888 -0.0387
vn -0.1444 0.9895 -0.0000
vn -0.1458 0.9867 -0.0723
vn 0.4625 0.8850 0.0524
vn -0.1444 0.9888 0.0387
vn 0.4643 0.8845 0.0463
vn 0.4473 0.8896 0.0927
vn -0.1457 0.9867 0.0723
vn 0.4533 0.8877 0.0801
vn -0.1356 0.9904 0.0279
vn -0.1348 0.9895 0.0520
vn -0.1016 0.9926 0.0669
vn -0.0959 0.9948 0.0356
vn 0.5332 0.8398 0.1019
vn 0.5475 0.8348 0.0575
vn 0.5513 0.8343 -0.0000
vn -0.1846 0.9812 0.0566
vn -0.1858 0.9821 0.0313
vn 0.3350 0.9396 0.0700
vn 0.3441 0.9380 0.0407
vn -0.1857 0.9826 -0.0000
vn 0.3460 0.9382 -0.0000
vn -0.1858 0.9821 -0.0313
vn 0.3441 0.9380 -0.0407
vn -0.1846 0.9812 -0.0565
vn 0.3350 0.9396 -0.0700
vn 0.3231 0.9426 -0.0837
vn 0.3335 0.9416 -0.0466
vn -0.2225 0.9719 -0.0770
vn -0.2268 0.9730 -0.0421
vn -0.2530 0.9668 -0.0359
vn -0.2481 0.9668 -0.0620
vn 0.2529 0.9668 -0.0359
vn -0.2538 0.9673 -0.0000
vn 0.2537 0.9673 -0.0000
vn -0.2277 0.9737 -0.0000
vn -0.2530 0.9668 0.0359
vn 0.2529 0.9668 0.0359
vn -0.2481 0.9668 0.0620
vn 0.2480 0.9668 0.0620
vn -0.2225 0.9719 0.0771
vn -0.2268 0.9730 0.0421
vn 0.3231 0.9426 0.0837
vn 0.3335 0.9416 0.0466
vn 0.3359 0.9419 -0.0000
vn 0.9999 0.0087 -0.0108
vn 0.9999 0.0092 -0.0046
vn 0.9999 0.0097 -0.0048
vn 0.9999 0.0090 -0.0114
vn 0.9988 0.0045 -0.0485
vn 0.9989 0.0048 -0.0470
vn 0.9999 0.0085 -0.0111
vn 0.9999 0.0091 -0.0048
vn 0.9988 0.0045 -0.0486
vn 0.9700 -0.0181 -0.2426
vn 0.9701 -0.0183 -0.2420
vn 0.9722 -0.0169 -0.2336
vn 0.7355 -0.0698 -0.6739
vn 0.7255 -0.0716 -0.6845
vn 0.7263 -0.0727 -0.6835
vn 0.9703 -0.0184 -0.2411
vn 0.7276 -0.0742 -0.6820
vn 0.9988 0.0047 -0.0489
vn 0.9983 0.0306 -0.0500
vn 0.9706 0.0068 -0.2404
vn 0.7325 -0.0554 -0.6786
vn 0.9503 0.1909 -0.2461
vn 0.7311 0.0923 -0.6760
vn 0.9745 0.2173 -0.0562
vn 0.8124 0.5793 -0.0665
vn 0.7963 0.5469 -0.2583
vn 0.6138 0.3784 -0.6929
vn 0.4504 0.8537 -0.2614
vn 0.3399 0.6192 -0.7078
vn 0.4595 0.8853 -0.0717
vn -0.0471 0.9968 -0.0649
vn -0.0547 0.9648 -0.2572
vn -0.0616 0.7056 -0.7059
vn -0.5567 0.7972 -0.2336
vn -0.5544 0.8312 -0.0427
vn -0.4589 0.5738 -0.6784
vn -0.7077 0.2983 -0.6404
vn -0.8724 0.4426 -0.2076
vn -0.8809 0.4729 -0.0189
vn -0.8787 0.4771 0.0154
vn -0.5517 0.8340 -0.0063
vn -0.0453 0.9986 -0.0282
vn -0.8831 0.4688 0.0197
vn -0.5566 0.8308 -0.0002
vn -0.0457 0.9987 -0.0220
vn 0.4647 0.8850 -0.0291
vn 0.4601 0.8872 -0.0354
vn 0.8181 0.5746 -0.0224
vn 0.8123 0.5825 -0.0290
vn 0.9750 0.2212 -0.0189
vn 0.9769 0.2133 -0.0123
vn 0.9994 0.0340 -0.0067
vn 0.9993 0.0348 -0.0130
vn 0.9999 0.0089 -0.0116
vn 0.9999 0.0094 -0.0054
vn -0.9945 0.1009 0.0270
vn -0.9947 0.0985 0.0290
vn -0.9968 -0.0750 0.0284
vn -0.9970 -0.0704 0.0330
vn -0.9969 -0.0781 -0.0040
vn -0.9952 0.0979 -0.0039
vn -0.9792 0.0781 -0.1872
vn -0.9781 -0.0950 -0.1853
vn -0.7861 0.0088 -0.6180
vn -0.7705 -0.1260 -0.6249
vn -0.9743 -0.1141 -0.1944
vn -0.9953 -0.0962 -0.0109
vn -0.7601 -0.1392 -0.6348
vn -0.7520 -0.1340 -0.6454
vn -0.9718 -0.1098 -0.2086
vn -0.9956 -0.0921 -0.0191
vn -0.9959 -0.0875 0.0236
vn -0.9953 -0.0909 0.0343
vn -0.9943 -0.0897 0.0576
vn -0.9926 -0.0854 0.0868
vn -0.9900 -0.0866 0.1112
vn -0.9949 -0.0922 0.0417
vn -0.9808 -0.0982 0.1685
vn -0.7848 -0.0810 0.6145
vn -0.5072 -0.0988 0.8562
vn -0.4755 -0.0178 0.8795
vn -0.7383 -0.0996 0.6671
vn -0.4636 -0.0681 0.8834
vn -0.9664 -0.1055 0.2342
vn -0.7108 -0.0371 0.7024
vn -0.4232 0.0049 0.9060
vn -0.6965 -0.0076 0.7176
vn -0.4242 0.0303 0.9051
vn 0.4857 0.0666 0.8716
vn 0.4694 0.1009 0.8772
vn 0.7390 0.1032 0.6658
vn 0.7561 0.0807 0.6495
vn 0.9631 0.1126 0.2443
vn 0.7808 0.0527 0.6225
vn 0.8224 0.0288 0.5682
vn 0.9917 0.0863 0.0949
vn 0.9967 0.0790 -0.0186
vn 0.9970 0.0776 -0.0007
vn 0.9974 0.0631 -0.0342
vn 0.9969 0.0660 -0.0417
vn 0.9949 0.0622 -0.0794
vn 0.9943 0.0778 -0.0725
vn 0.9946 0.0753 -0.0710
vn 0.9967 0.0786 -0.0210
vn 0.9971 0.0761 0.0087
vn 0.9948 0.0731 -0.0714
vn 0.9969 0.0756 -0.0233
vn 0.9971 0.0735 0.0219
vn 0.9949 0.0722 -0.0698
vn 0.9969 0.0751 -0.0216
vn 0.9967 0.0764 0.0282
vn 0.9636 0.0513 -0.2624
vn 0.9614 0.0511 -0.2702
vn 0.7231 -0.0113 -0.6906
vn 0.7088 -0.0138 -0.7053
vn 0.9629 0.0536 -0.2646
vn 0.7123 -0.0129 -0.7018
vn 0.9637 0.0566 -0.2607
vn 0.7149 -0.0118 -0.6991
vn 0.9634 0.0393 -0.2653
vn 0.7113 -0.0271 -0.7024
vn 0.9543 -0.1209 -0.2735
vn 0.6798 -0.1523 -0.7174
vn 0.9915 -0.1011 -0.0824
vn 0.8789 -0.4719 -0.0702
vn 0.8360 -0.4796 -0.2668
vn 0.5675 -0.4076 -0.7154
vn 0.5143 -0.8238 -0.2385
vn 0.3381 -0.6462 -0.6842
vn 0.5488 -0.8347 -0.0458
vn 0.0392 -0.9990 -0.0234
vn 0.0291 -0.9760 -0.2156
vn 0.0002 -0.7458 -0.6661
vn -0.3344 -0.6822 -0.6502
vn -0.4510 -0.8694 -0.2018
vn -0.4679 -0.8837 -0.0130
vn -0.5705 -0.4765 -0.6689
vn -0.7893 -0.5757 -0.2134
vn -0.8200 -0.5721 -0.0182
vn -0.8226 -0.5683 0.0189
vn -0.4700 -0.8824 0.0231
vn 0.0408 -0.9991 0.0135
vn -0.8288 -0.5590 0.0247
vn -0.4753 -0.8793 0.0289
vn 0.0414 -0.9990 0.0197
vn 0.5531 -0.8331 -0.0084
vn 0.5589 -0.8292 -0.0022
vn 0.8830 -0.4685 -0.0302
vn 0.8883 -0.4588 -0.0221
vn 0.9945 -0.0964 -0.0418
vn 0.9952 -0.0928 -0.0322
vn -0.9765 -0.2153 0.0100
vn -0.9783 -0.2068 0.0158
vn -0.9989 -0.0466 0.0043
vn -0.9990 -0.0445 0.0103
vn -0.9752 -0.2199 -0.0270
vn -0.9982 -0.0512 -0.0325
vn -0.9997 -0.0247 0.0021
vn -0.9997 -0.0237 0.0081
vn -0.9990 -0.0294 -0.0351
vn -0.9989 -0.0284 -0.0369
vn -0.9997 -0.0237 0.0005
vn -0.9997 -0.0227 0.0066
vn -0.9997 -0.0229 -0.0005
vn -0.9997 -0.0221 0.0057
vn -0.9997 -0.0225 -0.0015
vn -0.9998 -0.0216 0.0052
vn -0.9989 -0.0277 -0.0382
vn -0.9989 -0.0271 -0.0372
vn -0.9714 -0.0495 -0.2321
vn -0.9733 -0.0482 -0.2244
vn -0.7329 -0.0946 -0.6737
vn -0.7397 -0.0932 -0.6665
vn -0.7344 -0.0963 -0.6718
vn -0.9718 -0.0503 -0.2302
vn -0.9724 -0.0517 -0.2274
vn -0.7368 -0.0987 -0.6689
vn -0.7359 -0.1167 -0.6669
vn -0.9718 -0.0733 -0.2240
vn -0.9458 -0.2371 -0.2219
vn -0.6979 -0.2392 -0.6750
vn -0.2645 -0.1742 -0.9485
vn -0.2859 -0.1298 -0.9494
vn -0.2200 -0.2558 -0.9414
vn -0.0640 -0.1336 -0.9890
vn -0.0664 -0.1246 -0.9900
vn -0.0599 -0.1485 -0.9871
vn -0.1441 -0.3336 -0.9316
vn -0.0518 -0.1624 -0.9854
vn -0.0359 -0.1645 -0.9857
vn -0.0259 -0.3517 -0.9358
vn 0.0905 -0.3152 -0.9447
vn -0.0202 -0.1570 -0.9874
vn 0.1646 -0.2270 -0.9599
vn -0.0104 -0.1383 -0.9903
vn -0.0586 -0.1134 -0.9918
vn -0.0512 -0.1126 -0.9923
vn -0.0389 -0.1126 -0.9929
vn -0.1137 -0.0829 -0.9901
vn -0.0859 -0.0602 -0.9945
vn -0.0420 -0.0508 -0.9978
vn -0.0261 -0.1150 -0.9930
vn 0.0022 -0.0600 -0.9982
vn -0.0157 -0.1186 -0.9928
vn 0.0333 -0.0827 -0.9960
vn -0.0113 -0.1225 -0.9924
vn 0.0460 -0.1093 -0.9929
vn -0.0112 -0.1226 -0.9924
vn 0.0450 -0.1205 -0.9917
vn -0.0656 -0.1211 -0.9905
vn -0.0104 -0.1204 -0.9927
vn 0.0449 -0.1197 -0.9918
vn -0.0643 -0.1181 -0.9909
vn -0.0095 -0.1175 -0.9930
vn 0.0454 -0.1168 -0.9921
vn -0.0636 -0.1161 -0.9912
vn -0.0090 -0.1155 -0.9933
vn 0.0458 -0.1147 -0.9923
vn -0.0631 -0.1152 -0.9913
vn -0.0087 -0.1147 -0.9934
vn 0.0462 -0.1139 -0.9924
vn -0.2822 -0.1155 -0.9524
vn -0.2821 -0.1163 -0.9523
vn -0.2835 -0.1184 -0.9516
vn -0.2859 -0.1214 -0.9505
vn 0.2664 -0.1082 -0.9578
vn 0.2697 -0.1074 -0.9570
vn 0.2669 -0.1101 -0.9574
vn 0.2677 -0.1128 -0.9569
vn 0.2718 -0.1074 -0.9563
vn 0.2801 -0.0497 -0.9587
vn 0.2334 0.0730 -0.9696
vn 0.1170 0.1729 -0.9780
vn -0.0508 0.2095 -0.9765
vn -0.2195 0.1572 -0.9629
vn -0.3275 0.0446 -0.9438
vn -0.3560 -0.0767 -0.9313
vn -0.1195 -0.1073 -0.9870
vn -0.1119 -0.1156 -0.9870
vn -0.3369 -0.1266 -0.9330
vn -0.3257 -0.1286 -0.9367
vn -0.1051 -0.1133 -0.9880
vn -0.1002 -0.1096 -0.9889
vn -0.3195 -0.1240 -0.9394
vn -0.3159 -0.1212 -0.9410
vn -0.7454 -0.1309 -0.6537
vn -0.0974 -0.1071 -0.9895
vn -0.0949 -0.1061 -0.9898
vn -0.3097 -0.1198 -0.9433
vn -0.7437 -0.1299 -0.6557
vn -0.9698 -0.1070 -0.2193
vn -0.9693 -0.1079 -0.2208
vn -0.9956 -0.0899 -0.0268
vn -0.9955 -0.0906 -0.0262
vn -0.9962 -0.0845 0.0209
vn -0.9961 -0.0858 0.0208
vn -0.9943 -0.0799 0.0705
vn -0.9942 -0.0845 0.0668
vn -0.9622 -0.0793 0.2604
vn -0.9592 -0.0626 0.2756
vn -0.0417 -0.1037 -0.9937
vn -0.0403 -0.1028 -0.9939
vn 0.0159 -0.0999 -0.9949
vn 0.0183 -0.0990 -0.9949
vn 0.0137 -0.1020 -0.9947
vn -0.0443 -0.1060 -0.9934
vn -0.0487 -0.1095 -0.9928
vn 0.0099 -0.1053 -0.9944
vn 0.0053 -0.1093 -0.9940
vn -0.0544 -0.1127 -0.9921
vn -0.0590 -0.1141 -0.9917
vn -0.0022 -0.1199 -0.9928
vn 0.2119 -0.1386 -0.9674
vn 0.2368 -0.0902 -0.9674
vn 0.2410 -0.0823 -0.9670
vn 0.2428 -0.0802 -0.9668
vn 0.2439 -0.0787 -0.9666
vn 0.2539 -0.0771 -0.9642
vn 0.9745 0.0791 0.2100
vn 0.9692 0.0871 0.2305
vn 0.0441 -0.0958 -0.9944
vn 0.0487 -0.0984 -0.9940
vn 0.0574 -0.0913 -0.9942
vn 0.0519 -0.0879 -0.9948
vn 0.0250 -0.1068 -0.9940
vn 0.0275 -0.1092 -0.9936
vn 0.0319 -0.1119 -0.9932
vn 0.0570 -0.1023 -0.9931
vn 0.0676 -0.0959 -0.9931
vn 0.0061 -0.1139 -0.9935
vn 0.0064 -0.1156 -0.9933
vn 0.0056 -0.1117 -0.9937
vn 0.0037 -0.1118 -0.9937
vn 0.0361 -0.1108 -0.9932
vn 0.0650 -0.1026 -0.9926
vn 0.0006 -0.1087 -0.9941
vn 0.0399 -0.1083 -0.9933
vn 0.0725 -0.1015 -0.9922
vn -0.0000 -0.1124 -0.9937
vn 0.0433 -0.1105 -0.9929
vn 0.0795 -0.1040 -0.9914
vn -0.0000 -0.1156 -0.9933
vn 0.0456 -0.1136 -0.9925
vn 0.0837 -0.1068 -0.9908
vn 0.0957 -0.0994 -0.9904
vn 0.0867 -0.0966 -0.9915
vn 0.1000 -0.1022 -0.9897
vn 0.0773 -0.0970 -0.9923
vn -0.0433 -0.1105 -0.9929
vn -0.0456 -0.1136 -0.9925
vn -0.0795 -0.1040 -0.9914
vn -0.0837 -0.1068 -0.9908
vn -0.0733 -0.0999 -0.9923
vn -0.0402 -0.1050 -0.9937
vn -0.0593 -0.1005 -0.9932
vn -0.0599 -0.1018 -0.9930
vn -0.0687 -0.1000 -0.9926
vn -0.0370 -0.1030 -0.9940
vn -0.0150 -0.1076 -0.9941
vn -0.0180 -0.1051 -0.9943
vn -0.0617 -0.1057 -0.9925
vn -0.0578 -0.1051 -0.9928
vn -0.0625 -0.1004 -0.9930
vn -0.0494 -0.1014 -0.9936
vn -0.0533 -0.0964 -0.9939
vn -0.0537 -0.1044 -0.9931
vn -0.0485 -0.0935 -0.9944
vn -0.0454 -0.0987 -0.9941
vn -0.0519 -0.0879 -0.9948
vn -0.0574 -0.0913 -0.9942
vn -0.0676 -0.0959 -0.9931
vn -0.0773 -0.0970 -0.9923
vn -0.0867 -0.0966 -0.9915
vn -0.0957 -0.0994 -0.9904
vn -0.1000 -0.1022 -0.9897
vn -0.0055 -0.1153 -0.9933
vn -0.0044 -0.1162 -0.9932
vn -0.0030 -0.1171 -0.9931
vn -0.0027 -0.1150 -0.9934
vn -0.0024 -0.1128 -0.9936
vn 0.9932 -0.1162 0.0055
vn 0.9924 -0.1227 0.0085
vn 0.9927 -0.1209 0.0051
vn 0.9935 -0.1142 0.0031
vn 0.9929 -0.1188 0.0010
vn 0.9938 -0.1116 0.0004
vn 0.9930 -0.1183 -0.0000
vn 0.9938 -0.1109 -0.0000
vn 0.9929 -0.1188 -0.0010
vn 0.9938 -0.1116 -0.0004
vn 0.9927 -0.1209 -0.0051
vn 0.9935 -0.1142 -0.0031
vn 0.7370 -0.1475 0.6596
vn 0.7276 -0.1406 0.6715
vn 0.0487 -0.0984 0.9940
vn 0.0441 -0.0958 0.9944
vn 0.0275 -0.1092 0.9936
vn 0.0250 -0.1068 0.9940
vn -0.0000 -0.1128 0.9936
vn -0.0000 -0.1106 0.9939
vn -0.0275 -0.1092 0.9936
vn -0.0250 -0.1068 0.9940
vn -0.0487 -0.0984 0.9940
vn -0.0441 -0.0958 0.9944
vn -0.7370 -0.1475 0.6596
vn -0.7276 -0.1406 0.6715
vn -0.9927 -0.1209 -0.0051
vn -0.9935 -0.1142 -0.0031
vn -0.9929 -0.1188 -0.0010
vn -0.9938 -0.1116 -0.0004
vn -0.9930 -0.1183 -0.0000
vn -0.9938 -0.1109 -0.0000
vn -0.9929 -0.1188 0.0010
vn -0.9938 -0.1116 0.0004
vn -0.9927 -0.1209 0.0051
vn -0.9935 -0.1142 0.0031
vn -0.9924 -0.1227 0.0085
vn -0.9932 -0.1162 0.0055
vn -0.9911 -0.1330 0.0080
vn -0.9909 -0.1337 0.0131
vn -0.9895 -0.1443 0.0079
vn -0.9896 -0.1430 0.0139
vn -0.9912 -0.1325 0.0016
vn -0.9892 -0.1466 0.0009
vn -0.9873 -0.1589 0.0028
vn -0.9880 -0.1546 0.0080
vn -0.9862 -0.1657 -0.0022
vn -0.9830 -0.1833 -0.0096
vn -0.9846 -0.1749 -0.0077
vn -0.9806 -0.1960 -0.0083
vn -0.9799 -0.1987 -0.0180
vn -0.9820 -0.1879 -0.0180
vn -0.9766 -0.2147 -0.0123
vn -0.9798 -0.2001 -0.0000
vn -0.9756 -0.2196 -0.0000
vn -0.9806 -0.1960 0.0083
vn -0.9766 -0.2147 0.0123
vn -0.9862 -0.1657 0.0022
vn -0.9858 -0.1680 -0.0000
vn -0.9892 -0.1466 -0.0009
vn -0.9891 -0.1475 -0.0000
vn -0.9912 -0.1325 -0.0016
vn -0.9912 -0.1325 -0.0000
vn -0.9911 -0.1330 -0.0080
vn -0.9895 -0.1443 -0.0079
vn -0.7403 -0.1578 0.6535
vn -0.7422 -0.1643 0.6497
vn -0.7413 -0.1708 0.6491
vn -0.9873 -0.1589 -0.0028
vn -0.7350 -0.1844 0.6525
vn -0.9830 -0.1833 0.0096
vn -0.7380 -0.1944 0.6462
vn -0.9799 -0.1987 0.0180
vn -0.0795 -0.1040 0.9914
vn -0.0837 -0.1068 0.9908
vn -0.0433 -0.1105 0.9929
vn -0.0456 -0.1136 0.9925
vn -0.0725 -0.1015 0.9922
vn -0.0399 -0.1084 0.9933
vn -0.0650 -0.1026 0.9926
vn -0.0361 -0.1108 0.9932
vn -0.0570 -0.1023 0.9931
vn -0.0319 -0.1119 0.9932
vn -0.0000 -0.1150 0.9934
vn -0.0000 -0.1134 0.9935
vn 0.0319 -0.1119 0.9932
vn 0.0361 -0.1108 0.9932
vn 0.0399 -0.1084 0.9933
vn -0.0000 -0.1104 0.9939
vn 0.0433 -0.1105 0.9929
vn -0.0000 -0.1124 0.9937
vn 0.0456 -0.1136 0.9925
vn -0.0000 -0.1156 0.9933
vn 0.0795 -0.1040 0.9914
vn 0.0837 -0.1068 0.9908
vn 0.7350 -0.1844 0.6525
vn 0.7380 -0.1944 0.6462
vn 0.7413 -0.1708 0.6491
vn 0.0725 -0.1015 0.9922
vn 0.7422 -0.1643 0.6497
vn 0.0650 -0.1026 0.9926
vn 0.7403 -0.1578 0.6535
vn 0.0570 -0.1023 0.9931
vn 0.9911 -0.1330 -0.0080
vn 0.9895 -0.1443 -0.0079
vn 0.9912 -0.1325 -0.0016
vn 0.9892 -0.1466 -0.0009
vn 0.9873 -0.1589 -0.0028
vn 0.9862 -0.1657 0.0022
vn 0.9830 -0.1833 0.0096
vn 0.9806 -0.1960 0.0083
vn 0.9799 -0.1987 0.0180
vn 0.9766 -0.2147 0.0123
vn 0.9798 -0.2001 -0.0000
vn 0.9756 -0.2196 -0.0000
vn 0.9806 -0.1960 -0.0083
vn 0.9766 -0.2147 -0.0123
vn 0.9862 -0.1657 -0.0022
vn 0.9858 -0.1680 -0.0000
vn 0.9892 -0.1466 0.0009
vn 0.9891 -0.1475 -0.0000
vn 0.9912 -0.1325 0.0016
vn 0.9912 -0.1325 -0.0000
vn 0.9911 -0.1330 0.0080
vn 0.9895 -0.1443 0.0079
vn 0.9909 -0.1337 0.0131
vn 0.9896 -0.1430 0.0139
vn 0.9880 -0.1546 0.0080
vn 0.9873 -0.1589 0.0028
vn 0.9846 -0.1749 -0.0077
vn 0.9830 -0.1833 -0.0096
vn 0.9820 -0.1879 -0.0180
vn 0.9799 -0.1987 -0.0180
vn 0.9969 -0.0785 -0.0050
vn 0.9970 -0.0767 -0.0033
vn 0.9955 -0.0944 -0.0034
vn 0.9954 -0.0960 -0.0052
vn 0.9964 -0.0827 -0.0174
vn 0.9949 -0.0990 -0.0184
vn 0.9779 -0.0983 -0.1843
vn 0.9761 -0.1109 -0.1866
vn 0.9848 0.1726 -0.0194
vn 0.9834 0.1815 -0.0087
vn 0.9784 0.1259 -0.1640
vn 0.6462 -0.1084 -0.7554
vn 0.6746 0.0728 -0.7346
vn 0.6321 -0.1167 -0.7661
vn 0.1061 -0.0817 -0.9910
vn 0.1101 -0.0748 -0.9911
vn 0.1111 0.0609 -0.9919
vn 0.5099 0.6206 -0.5957
vn 0.6427 0.7546 -0.1321
vn 0.1147 0.7155 -0.6892
vn 0.0701 0.9944 -0.0787
vn 0.0691 0.7290 -0.6810
vn 0.0443 0.9926 -0.1129
vn 0.0603 0.0796 -0.9950
vn 0.6068 0.7943 -0.0296
vn 0.0920 0.9954 -0.0286
vn 0.6013 0.7988 -0.0186
vn 0.0938 0.9954 -0.0198
vn 0.5997 0.8001 -0.0134
vn 0.0942 0.9955 -0.0142
vn 0.5990 0.8007 -0.0090
vn 0.0943 0.9955 -0.0093
vn 0.5986 0.8010 -0.0045
vn 0.0944 0.9955 -0.0046
vn 0.5985 0.8011 -0.0000
vn 0.0944 0.9955 -0.0000
vn 0.5986 0.8010 0.0045
vn 0.0944 0.9955 0.0046
vn 0.5990 0.8007 0.0090
vn 0.0943 0.9955 0.0093
vn 0.5997 0.8001 0.0134
vn 0.0942 0.9955 0.0142
vn 0.6013 0.7988 0.0186
vn 0.0938 0.9954 0.0198
vn 0.6068 0.7943 0.0296
vn 0.0920 0.9954 0.0286
vn 0.6427 0.7546 0.1321
vn 0.0701 0.9944 0.0787
vn 0.9784 0.1259 0.1640
vn 0.9848 0.1726 0.0194
vn 0.9834 0.1815 0.0087
vn 0.9964 -0.0827 0.0174
vn 0.9969 -0.0785 0.0050
vn 0.9779 -0.0983 0.1843
vn 0.6746 0.0728 0.7346
vn 0.6462 -0.1084 0.7554
vn 0.5099 0.6206 0.5957
vn 0.6321 -0.1167 0.7661
vn 0.9761 -0.1109 0.1866
vn 0.9949 -0.0990 0.0184
vn 0.1101 -0.0748 0.9911
vn 0.1061 -0.0817 0.9910
vn 0.1111 0.0609 0.9919
vn 0.0528 -0.0749 0.9958
vn 0.0507 -0.0841 0.9952
vn 0.0450 -0.0833 0.9955
vn 0.0430 -0.0932 0.9947
vn 0.0603 0.0796 0.9950
vn 0.0522 0.0754 0.9958
vn 0.0419 0.0692 0.9967
vn 0.0361 -0.0916 0.9951
vn 0.0345 -0.1016 0.9942
vn 0.0290 0.0642 0.9975
vn 0.0251 -0.0977 0.9949
vn 0.0240 -0.1078 0.9939
vn 0.0137 -0.1015 0.9947
vn 0.0131 -0.1115 0.9937
vn -0.0000 -0.1028 0.9947
vn 0.0157 0.0613 0.9980
vn -0.0000 0.0605 0.9982
vn -0.0137 -0.1015 0.9947
vn -0.0131 -0.1115 0.9937
vn -0.0157 0.0613 0.9980
vn -0.0290 0.0642 0.9975
vn -0.0251 -0.0977 0.9949
vn -0.0240 -0.1078 0.9939
vn -0.0361 -0.0916 0.9951
vn -0.0345 -0.1016 0.9942
vn -0.0450 -0.0833 0.9955
vn -0.0430 -0.0932 0.9947
vn -0.0419 0.0692 0.9967
vn -0.0522 0.0754 0.9958
vn -0.0528 -0.0749 0.9958
vn -0.0507 -0.0841 0.9952
vn -0.0603 0.0796 0.9950
vn -0.1111 0.0609 0.9919
vn -0.1101 -0.0748 0.9911
vn -0.1061 -0.0817 0.9910
vn -0.6462 -0.1084 0.7554
vn -0.6321 -0.1167 0.7661
vn -0.9779 -0.0983 0.1843
vn -0.9761 -0.1109 0.1866
vn -0.6746 0.0728 0.7346
vn -0.9784 0.1259 0.1640
vn -0.5099 0.6206 0.5957
vn -0.6427 0.7546 0.1321
vn -0.1147 0.7154 0.6892
vn -0.0701 0.9944 0.0787
vn -0.9848 0.1726 0.0194
vn -0.6068 0.7943 0.0296
vn -0.0920 0.9954 0.0286
vn -0.9834 0.1815 0.0087
vn -0.6013 0.7988 0.0186
vn -0.0938 0.9954 0.0198
vn -0.5997 0.8001 0.0134
vn -0.0942 0.9955 0.0142
vn -0.9829 0.1843 0.0063
vn -0.9826 0.1856 0.0045
vn -0.5990 0.8007 0.0090
vn -0.0943 0.9955 0.0093
vn -0.9825 0.1863 0.0023
vn -0.5986 0.8010 0.0045
vn -0.0944 0.9955 0.0046
vn -0.9824 0.1866 -0.0000
vn -0.5985 0.8011 -0.0000
vn -0.0944 0.9955 -0.0000
vn -0.9825 0.1864 -0.0023
vn -0.5986 0.8010 -0.0045
vn -0.0944 0.9955 -0.0046
vn -0.9826 0.1856 -0.0045
vn -0.5990 0.8007 -0.0090
vn -0.0943 0.9955 -0.0093
vn -0.9829 0.1843 -0.0063
vn -0.5997 0.8001 -0.0134
vn -0.0942 0.9955 -0.0142
vn -0.9834 0.1815 -0.0087
vn -0.6013 0.7988 -0.0186
vn -0.0938 0.9954 -0.0198
vn -0.9848 0.1726 -0.0194
vn -0.6068 0.7943 -0.0296
vn -0.0920 0.9954 -0.0286
vn -0.9784 0.1259 -0.1640
vn -0.6427 0.7546 -0.1321
vn -0.0701 0.9944 -0.0787
vn -0.1147 0.7154 -0.6892
vn -0.5099 0.6206 -0.5957
vn -0.6746 0.0728 -0.7346
vn -0.9779 -0.0983 -0.1843
vn -0.6462 -0.1084 -0.7554
vn -0.9964 -0.0827 -0.0174
vn -0.9762 -0.1109 -0.1866
vn -0.9949 -0.0990 -0.0184
vn -0.6321 -0.1167 -0.7661
vn -0.9969 -0.0785 -0.0050
vn -0.9954 -0.0960 -0.0052
vn -0.9970 -0.0767 -0.0033
vn -0.9955 -0.0944 -0.0034
vn -0.9971 -0.0758 -0.0025
vn -0.9956 -0.0936 -0.0025
vn -0.9972 -0.0753 -0.0013
vn -0.9957 -0.0932 -0.0013
vn -0.9972 -0.0752 -0.0000
vn -0.9957 -0.0930 -0.0000
vn -0.9972 -0.0753 0.0013
vn -0.9957 -0.0932 0.0013
vn -0.9971 -0.0758 0.0025
vn -0.9956 -0.0936 0.0025
vn -0.9970 -0.0767 0.0033
vn -0.9955 -0.0944 0.0034
vn -0.9969 -0.0785 0.0050
vn -0.9954 -0.0960 0.0052
vn -0.9964 -0.0827 0.0174
vn -0.9949 -0.0990 0.0184
vn -0.1101 -0.0748 -0.9911
vn -0.1061 -0.0817 -0.9910
vn -0.0528 -0.0749 -0.9958
vn -0.0507 -0.0841 -0.9952
vn -0.1111 0.0609 -0.9919
vn -0.0603 0.0796 -0.9950
vn -0.0691 0.7290 -0.6810
vn -0.0443 0.9926 -0.1129
vn -0.0522 0.0754 -0.9958
vn -0.0589 0.7280 -0.6831
vn -0.0367 0.9927 -0.1145
vn -0.0469 0.7263 -0.6858
vn -0.0281 0.9930 -0.1145
vn -0.0419 0.0692 -0.9967
vn -0.0290 0.0642 -0.9975
vn -0.0322 0.7251 -0.6879
vn -0.0189 0.9932 -0.1149
vn -0.0157 0.0613 -0.9980
vn -0.0170 0.7243 -0.6893
vn -0.0098 0.9933 -0.1149
vn -0.0000 0.0605 -0.9982
vn -0.0000 0.7240 -0.6898
vn -0.0000 0.9934 -0.1148
vn 0.0157 0.0613 -0.9980
vn 0.0170 0.7243 -0.6893
vn 0.0098 0.9933 -0.1149
vn 0.0290 0.0642 -0.9975
vn 0.0322 0.7251 -0.6879
vn 0.0189 0.9932 -0.1149
vn 0.0419 0.0692 -0.9967
vn 0.0469 0.7263 -0.6858
vn 0.0281 0.9930 -0.1145
vn 0.0522 0.0754 -0.9958
vn 0.0589 0.7280 -0.6831
vn 0.0367 0.9927 -0.1145
vn 0.0528 -0.0749 -0.9958
vn 0.0450 -0.0833 -0.9955
vn 0.0361 -0.0916 -0.9951
vn 0.0430 -0.0932 -0.9947
vn 0.0345 -0.1016 -0.9942
vn 0.0507 -0.0841 -0.9952
vn 0.0251 -0.0977 -0.9949
vn 0.0240 -0.1077 -0.9939
vn 0.0137 -0.1015 -0.9947
vn 0.0131 -0.1115 -0.9937
vn -0.0000 -0.1028 -0.9947
vn -0.0000 -0.1128 -0.9936
vn -0.0137 -0.1015 -0.9947
vn -0.0131 -0.1115 -0.9937
vn -0.0251 -0.0977 -0.9949
vn -0.0240 -0.1077 -0.9939
vn -0.0361 -0.0916 -0.9951
vn -0.0345 -0.1016 -0.9942
vn -0.0450 -0.0833 -0.9955
vn -0.0430 -0.0932 -0.9947
vn -0.0691 0.7290 0.6810
vn -0.0443 0.9926 0.1129
vn -0.0589 0.7280 0.6831
vn -0.0367 0.9927 0.1145
vn -0.0469 0.7263 0.6858
vn -0.0281 0.9930 0.1145
vn -0.0322 0.7251 0.6879
vn -0.0189 0.9932 0.1149
vn -0.0170 0.7243 0.6893
vn -0.0098 0.9933 0.1150
vn -0.0000 0.7240 0.6898
vn -0.0000 0.9934 0.1148
vn 0.0170 0.7243 0.6893
vn 0.0098 0.9933 0.1150
vn 0.0322 0.7251 0.6879
vn 0.0189 0.9932 0.1149
vn 0.0469 0.7263 0.6858
vn 0.0281 0.9930 0.1145
vn 0.0589 0.7280 0.6831
vn 0.0367 0.9927 0.1145
vn 0.0691 0.7290 0.6810
vn 0.0443 0.9926 0.1129
vn 0.1147 0.7154 0.6892
vn 0.9954 -0.0960 0.0052
vn 0.9970 -0.0767 0.0033
vn 0.9955 -0.0944 0.0034
vn 0.9829 0.1843 0.0063
vn 0.9826 0.1856 0.0045
vn 0.9971 -0.0758 0.0025
vn 0.9956 -0.0936 0.0025
vn 0.9972 -0.0753 0.0013
vn 0.9957 -0.0932 0.0013
vn 0.9825 0.1864 0.0023
vn 0.9824 0.1866 -0.0000
vn 0.9972 -0.0752 -0.0000
vn 0.9957 -0.0930 -0.0000
vn 0.9972 -0.0753 -0.0013
vn 0.9957 -0.0932 -0.0013
vn 0.9825 0.1864 -0.0023
vn 0.9826 0.1856 -0.0045
vn 0.9971 -0.0758 -0.0025
vn 0.9956 -0.0936 -0.0025
vn 0.9829 0.1843 -0.0063
vn -0.2378 -0.9713 -0.0000
vn -0.2383 -0.9635 -0.1218
vn -0.0486 -0.9932 -0.1055
vn -0.0419 -0.9991 -0.0000
vn -0.2085 -0.8288 -0.5192
vn -0.0625 -0.8798 -0.4712
vn -0.2708 -0.8065 -0.5256
vn -0.3161 -0.9400 -0.1287
vn -0.3189 -0.9478 0.0006
vn -0.4568 -0.8895 0.0073
vn -0.4496 -0.8860 -0.1131
vn -0.3882 -0.7802 -0.4905
vn -0.3164 -0.9397 0.1298
vn -0.4544 -0.8817 0.1271
vn -0.2383 -0.9635 0.1218
vn -0.5143 -0.8496 0.1172
vn -0.5122 -0.8587 0.0156
vn -0.5017 -0.8607 -0.0864
vn -0.4049 -0.9143 0.0110
vn -0.3926 -0.9166 -0.0755
vn -0.4124 -0.9059 0.0967
vn -0.4732 -0.7511 0.4603
vn -0.4126 -0.8160 0.4049
vn -0.3978 -0.7697 0.4992
vn -0.2924 -0.4123 0.8628
vn -0.3119 -0.4672 0.8273
vn -0.2163 -0.4061 0.8879
vn -0.2712 -0.8060 0.5262
vn -0.1335 -0.4010 0.9063
vn -0.2085 -0.8288 0.5192
vn -0.0993 -0.4066 0.9082
vn -0.0147 -0.0998 0.9949
vn -0.0321 -0.1036 0.9941
vn -0.0642 -0.1087 0.9920
vn 0.0100 -0.0216 0.9997
vn -0.0034 -0.0201 0.9998
vn -0.0185 -0.0187 0.9997
vn -0.1246 -0.1093 0.9862
vn -0.0700 -0.0100 0.9975
vn -0.1321 -0.0014 0.9912
vn -0.1803 -0.1220 0.9760
vn -0.2394 -0.1288 0.9623
vn -0.2002 0.0119 0.9797
vn -0.3264 -0.5114 0.7949
vn -0.4555 -0.4664 0.7583
vn -0.4047 -0.0794 0.9110
vn -0.3743 0.0629 0.9252
vn -0.6457 0.0185 0.7633
vn -0.6664 -0.3530 0.6567
vn -0.6241 0.1427 0.7682
vn -0.7292 0.1792 0.6604
vn -0.7526 0.0732 0.6544
vn -0.7642 -0.2857 0.5783
vn -0.5782 -0.7542 0.3111
vn -0.5419 -0.7690 0.3391
vn -0.4043 -0.8410 0.3596
vn -0.3477 -0.9349 0.0715
vn -0.3412 -0.9368 0.0774
vn -0.3077 -0.9483 0.0776
vn -0.3170 -0.9451 0.0798
vn -0.3506 -0.8619 0.3664
vn -0.2773 -0.9608 0.0020
vn -0.3036 -0.9528 0.0029
vn -0.2492 -0.9660 -0.0683
vn -0.2884 -0.9547 -0.0727
vn -0.2143 -0.9100 -0.3549
vn -0.3205 -0.8615 -0.3937
vn -0.1320 -0.9358 -0.3268
vn 0.1396 -0.6556 -0.7421
vn -0.0216 -0.6080 -0.7936
vn -0.1141 -0.5399 -0.8340
vn -0.4295 -0.7891 -0.4392
vn -0.2010 -0.4580 -0.8659
vn -0.1990 -0.4150 -0.8878
vn -0.1332 -0.4011 -0.9063
vn -0.0445 -0.1139 -0.9925
vn -0.0320 -0.1036 -0.9941
vn -0.0101 -0.1410 -0.9900
vn -0.0993 -0.4066 -0.9082
vn -0.0147 -0.0998 -0.9949
vn -0.0034 -0.0201 -0.9998
vn 0.0100 -0.0215 -0.9997
vn 0.0005 -0.0238 -0.9997
vn 0.0511 -0.1052 -0.9931
vn -0.0194 -0.4493 -0.8932
vn 0.0811 -0.0391 -0.9959
vn 0.3799 -0.1295 -0.9159
vn 0.3763 -0.2333 -0.8966
vn 0.2383 -0.4726 -0.8484
vn 0.4264 -0.7852 -0.4489
vn 0.4699 -0.8767 -0.1029
vn 0.7633 -0.4335 -0.4789
vn 0.8529 -0.5100 -0.1113
vn 0.9396 -0.3172 -0.1286
vn 0.8058 -0.2676 -0.5283
vn 0.3798 -0.1073 -0.9188
vn 0.8093 -0.2285 -0.5412
vn 0.9534 -0.2692 -0.1363
vn 0.3911 -0.0884 -0.9161
vn 0.8274 -0.1931 -0.5273
vn 0.9669 -0.2207 -0.1284
vn 0.9755 -0.2198 -0.0000
vn 0.9624 -0.2717 -0.0000
vn 0.9465 -0.3226 -0.0000
vn 0.9669 -0.2207 0.1284
vn 0.9534 -0.2692 0.1363
vn 0.9396 -0.3172 0.1286
vn 0.8540 -0.5203 -0.0000
vn 0.8529 -0.5100 0.1113
vn 0.4704 -0.8825 -0.0000
vn 0.4699 -0.8767 0.1029
vn 0.7633 -0.4335 0.4789
vn 0.4264 -0.7852 0.4489
vn 0.8058 -0.2676 0.5283
vn 0.3799 -0.1295 0.9159
vn 0.3763 -0.2333 0.8966
vn 0.2383 -0.4726 0.8484
vn -0.0486 -0.9932 0.1055
vn -0.0625 -0.8798 0.4711
vn -0.0194 -0.4493 0.8932
vn 0.0511 -0.1052 0.9931
vn 0.0811 -0.0391 0.9959
vn 0.0885 -0.0250 0.9958
vn 0.3798 -0.1073 0.9188
vn 0.0159 -0.0045 0.9999
vn 0.0198 0.0132 0.9997
vn 0.0897 -0.0090 0.9959
vn 0.3911 -0.0885 0.9161
vn 0.0992 0.0633 0.9930
vn 0.0397 0.0929 0.9949
vn 0.4438 0.0014 0.8961
vn 0.4611 0.2834 0.8409
vn 0.2184 0.3934 0.8930
vn 0.1277 0.3981 0.9084
vn 0.0957 0.4111 0.9065
vn 0.0267 0.1052 0.9941
vn 0.0076 0.0189 0.9998
vn 0.0313 0.4559 0.8895
vn 0.0030 0.1249 0.9922
vn -0.0057 0.0251 0.9997
vn 0.0028 -0.0008 1.0000
vn -0.0094 0.0025 1.0000
vn -0.0542 0.0401 0.9977
vn -0.0586 0.0141 0.9982
vn -0.1213 0.0280 0.9922
vn -0.1144 0.0586 0.9917
vn -0.0471 0.1529 0.9871
vn -0.0916 0.1875 0.9780
vn -0.0274 0.5006 0.8653
vn -0.0200 0.5562 0.8308
vn -0.1435 0.2230 0.9642
vn -0.0155 0.6018 0.7985
vn -0.1827 0.0805 0.9799
vn -0.3586 0.1311 0.9243
vn -0.3119 0.2692 0.9112
vn -0.1494 0.6310 0.7612
vn -0.6102 0.1997 0.7666
vn -0.5657 0.3156 0.7618
vn -0.3877 0.6446 0.6589
vn -0.7159 0.2280 0.6599
vn -0.6810 0.3300 0.6537
vn -0.5052 0.6402 0.5787
vn -0.6163 0.3259 0.7170
vn -0.4320 0.6541 0.6209
vn -0.6524 0.2133 0.7272
vn -0.4880 0.1720 0.8557
vn -0.4470 0.3048 0.8410
vn -0.2589 0.6657 0.6999
vn -0.2053 0.2585 0.9440
vn -0.0434 0.6474 0.7609
vn -0.2498 0.1091 0.9621
vn -0.0694 0.0594 0.9958
vn -0.0249 0.2128 0.9768
vn 0.1031 0.6092 0.7863
vn 0.0344 0.1941 0.9804
vn 0.1506 0.5940 0.7903
vn -0.0091 0.0418 0.9991
vn -0.0038 0.0371 0.9993
vn 0.0392 0.1837 0.9822
vn 0.1549 0.5945 0.7890
vn -0.0101 0.1742 0.9847
vn -0.0548 0.0469 0.9974
vn 0.1136 0.6120 0.7826
vn -0.0395 0.6381 0.7689
vn -0.2573 0.3334 0.9070
vn -0.2929 0.1284 0.9475
vn -0.2975 0.0841 0.9510
vn -0.0652 0.0184 0.9977
vn -0.0139 0.0039 0.9999
vn -0.3165 0.0443 0.9475
vn -0.0714 -0.0114 0.9974
vn -0.0227 -0.0298 0.9993
vn -0.0297 -0.0309 0.9991
vn -0.0195 0.0055 0.9998
vn -0.0799 0.0226 0.9966
vn -0.0903 -0.0143 0.9958
vn -0.0722 -0.1836 0.9803
vn -0.1324 -0.1685 0.9768
vn -0.0628 -0.1773 0.9821
vn -0.1820 -0.5850 0.7903
vn -0.2296 -0.5737 0.7863
vn -0.1788 -0.5873 0.7894
vn -0.1005 -0.1439 0.9845
vn -0.2240 -0.5804 0.7830
vn -0.3979 -0.1493 0.9052
vn -0.3753 -0.5274 0.7622
vn -0.3343 -0.8969 0.2896
vn -0.6167 -0.6837 0.3901
vn -0.2704 -0.9058 0.3262
vn -0.2865 -0.9560 0.0633
vn -0.3578 -0.9322 0.0552
vn -0.6441 -0.7610 0.0776
vn -0.3607 -0.9327 -0.0000
vn -0.6376 -0.7704 -0.0000
vn -0.2879 -0.9577 -0.0000
vn -0.2862 -0.9561 -0.0634
vn -0.3578 -0.9322 -0.0552
vn -0.6441 -0.7610 -0.0776
vn -0.3343 -0.8969 -0.2896
vn -0.2689 -0.9061 -0.3268
vn -0.6167 -0.6837 -0.3901
vn -0.3753 -0.5274 -0.7622
vn -0.2240 -0.5803 -0.7830
vn -0.1750 -0.5879 -0.7898
vn -0.2516 -0.9051 -0.3427
vn -0.1539 -0.5902 -0.7925
vn -0.2726 -0.9596 -0.0700
vn -0.2653 -0.9614 -0.0732
vn -0.2263 -0.9086 -0.3510
vn -0.1019 -0.5991 -0.7942
vn -0.1508 -0.9212 -0.3587
vn -0.2488 -0.9656 -0.0762
vn 0.0488 -0.6221 -0.7814
vn 0.2612 -0.6469 -0.7165
vn -0.0358 -0.9375 -0.3462
vn -0.2229 -0.9719 -0.0759
vn -0.2708 -0.9626 -0.0018
vn -0.2696 -0.9630 -0.0017
vn -0.2720 -0.9623 -0.0007
vn -0.2768 -0.9584 0.0700
vn -0.2884 -0.9551 0.0677
vn -0.3081 -0.9489 0.0679
vn -0.3402 -0.8816 0.3271
vn -0.2822 -0.8975 0.3389
vn -0.4312 -0.8431 0.3214
vn -0.3730 -0.5303 0.7613
vn -0.5670 -0.4336 0.7004
vn -0.5217 -0.7931 0.3144
vn -0.3304 -0.9413 0.0692
vn -0.7093 -0.3338 0.6208
vn -0.2693 -0.9631 -0.0011
vn -0.2714 -0.9625 -0.0001
vn -0.1987 -0.9772 -0.0742
vn -0.1908 -0.9790 -0.0719
vn -0.2761 -0.9611 0.0022
vn -0.2203 -0.9731 -0.0669
vn -0.0085 -0.9511 -0.3087
vn 0.1011 -0.9455 -0.3096
vn 0.3924 -0.6610 -0.6396
vn 0.5040 -0.6399 -0.5800
vn 0.4281 -0.6474 -0.6305
vn 0.0643 -0.9436 -0.3247
vn 0.6094 -0.3240 -0.7236
vn 0.6800 -0.3302 -0.6547
vn 0.4385 -0.3000 -0.8472
vn 0.6510 -0.2127 -0.7287
vn 0.7158 -0.2284 -0.6599
vn 0.4861 -0.1712 -0.8570
vn 0.2486 -0.1084 -0.9625
vn 0.2005 -0.2526 -0.9466
vn 0.0688 -0.0591 -0.9959
vn 0.0239 -0.2107 -0.9773
vn -0.0380 -0.1927 -0.9805
vn 0.0051 -0.0406 -0.9992
vn -0.0583 -0.1784 -0.9822
vn -0.0181 -0.0310 -0.9994
vn -0.0094 0.0026 -1.0000
vn 0.0153 -0.0043 -0.9999
vn 0.0793 -0.0224 -0.9966
vn 0.0008 0.0358 -0.9994
vn 0.0256 0.0319 -0.9992
vn 0.0896 0.0145 -0.9959
vn 0.2688 -0.0375 -0.9625
vn 0.2592 -0.0732 -0.9630
vn 0.4959 -0.1400 -0.8570
vn 0.5040 -0.1081 -0.8569
vn 0.3042 0.1112 -0.9461
vn 0.5315 0.0280 -0.8466
vn 0.1310 0.1672 -0.9772
vn 0.2280 0.5637 -0.7939
vn 0.3711 0.5043 -0.7798
vn 0.5636 0.4160 -0.7136
vn 0.6662 -0.1590 -0.7286
vn 0.6893 -0.0409 -0.7233
vn 0.7041 0.3311 -0.6281
vn 0.7296 -0.1797 -0.6598
vn 0.7525 -0.0732 -0.6545
vn 0.7640 0.2855 -0.5786
vn 0.6292 -0.1474 -0.7631
vn 0.6612 -0.0280 -0.7497
vn 0.6786 0.3610 -0.6396
vn 0.3793 -0.0706 -0.9226
vn 0.4165 0.0736 -0.9062
vn 0.4597 0.4902 -0.7406
vn 0.2343 0.1270 -0.9638
vn 0.2987 0.5329 -0.7917
vn 0.2001 -0.0194 -0.9796
vn 0.1254 -0.0026 -0.9921
vn 0.1458 0.1299 -0.9807
vn 0.1841 0.5197 -0.8343
vn 0.0597 0.0106 -0.9982
vn 0.0651 0.1264 -0.9898
vn 0.0675 0.4918 -0.8681
vn 0.0128 0.0201 -0.9997
vn 0.0212 0.1206 -0.9925
vn 0.0466 0.4548 -0.8894
vn 0.0267 0.1052 -0.9941
vn 0.0957 0.4112 -0.9065
vn 0.0076 0.0189 -0.9998
vn 0.0198 0.0132 -0.9997
vn 0.0397 0.0929 -0.9949
vn 0.1277 0.3981 -0.9084
vn 0.0992 0.0633 -0.9930
vn 0.0897 -0.0090 -0.9959
vn 0.2184 0.3934 -0.8930
vn 0.4611 0.2834 -0.8409
vn 0.4438 0.0014 -0.8961
vn 0.0885 -0.0250 -0.9958
vn 0.0159 -0.0045 -0.9999
vn 0.0028 -0.0008 -1.0000
vn 0.0092 -0.0026 -1.0000
vn 0.0455 -0.0400 -0.9982
vn 0.0561 -0.0158 -0.9983
vn 0.1084 -0.0629 -0.9921
vn 0.1190 -0.0335 -0.9923
vn 0.1809 -0.0877 -0.9796
vn 0.1911 -0.0539 -0.9801
vn 0.3695 -0.1043 -0.9234
vn 0.3602 -0.1380 -0.9226
vn 0.1342 -0.2286 -0.9642
vn 0.3171 -0.2792 -0.9063
vn 0.0568 -0.1851 -0.9811
vn 0.6133 -0.2036 -0.7632
vn 0.5782 -0.3220 -0.7497
vn 0.6207 -0.1753 -0.7642
vn 0.7230 -0.2042 -0.6600
vn 0.6593 -0.1861 -0.7285
vn 0.8808 -0.0254 -0.4728
vn 0.7787 0.4470 -0.4404
vn 0.9938 -0.0067 -0.1108
vn 0.8603 0.4993 -0.1025
vn 0.8637 0.5041 -0.0000
vn 1.0000 0.0012 -0.0000
vn 0.8603 0.4993 0.1025
vn 0.9938 -0.0067 0.1108
vn 0.8808 -0.0254 0.4729
vn 0.8274 -0.1931 0.5273
vn 0.7787 0.4470 0.4404
vn 0.8093 -0.2285 0.5412
vn 0.4111 0.7829 0.4670
vn 0.4812 0.8703 0.1051
vn 0.2564 0.8157 0.5186
vn 0.3013 0.9458 0.1216
vn 0.4897 0.8719 -0.0000
vn 0.3057 0.9521 -0.0000
vn 0.3013 0.9458 -0.1216
vn 0.4812 0.8703 -0.1051
vn 0.4111 0.7829 -0.4670
vn 0.2564 0.8157 -0.5186
vn 0.1917 0.8282 -0.5267
vn 0.2231 0.9662 -0.1293
vn 0.0801 0.8635 -0.4980
vn 0.0845 0.9891 -0.1202
vn 0.0822 0.9966 0.0002
vn 0.2249 0.9744 -0.0000
vn 0.2231 0.9662 0.1293
vn 0.0825 0.9892 0.1213
vn 0.0264 0.9946 -0.1007
vn 0.0195 0.9998 0.0007
vn 0.0156 0.9944 0.1040
vn 0.1468 0.9855 -0.0852
vn 0.1362 0.9907 0.0004
vn 0.1262 0.9882 0.0866
vn -0.0001 0.8893 0.4573
vn 0.0721 0.8627 0.5006
vn 0.0793 0.9126 0.4010
vn 0.1513 0.9189 0.3645
vn 0.2242 0.9715 0.0770
vn 0.0956 0.9290 0.3574
vn 0.2336 0.9693 0.0768
vn -0.0550 0.9402 0.3360
vn 0.1994 0.9769 0.0768
vn -0.0952 0.9466 0.3080
vn 0.1930 0.9786 0.0711
vn -0.0283 0.9498 0.3114
vn 0.2109 0.9751 0.0690
vn 0.0733 0.9449 0.3191
vn 0.2337 0.9699 0.0677
vn 0.1702 0.9300 0.3259
vn 0.2537 0.9649 0.0676
vn 0.2285 0.9128 0.3385
vn 0.2653 0.9616 0.0700
vn 0.2474 0.9075 0.3396
vn 0.2672 0.9612 0.0692
vn 0.2434 0.9133 0.3266
vn 0.2559 0.9646 0.0633
vn 0.1851 0.9387 0.2907
vn 0.1833 0.9815 0.0553
vn -0.1451 0.9864 0.0771
vn -0.1637 0.9052 0.3922
vn -0.6800 0.7202 0.1376
vn -0.5907 0.6008 0.5386
vn -0.7305 0.3026 0.6122
vn -0.9062 0.3858 0.1729
vn -0.1350 0.9908 -0.0000
vn -0.6734 0.7393 -0.0000
vn -0.9172 0.3984 -0.0000
vn -0.1451 0.9864 -0.0771
vn -0.6800 0.7202 -0.1376
vn -0.9062 0.3858 -0.1729
vn -0.9624 0.2716 -0.0000
vn -0.9461 0.2669 -0.1837
vn -0.9461 0.2669 0.1837
vn -0.9746 0.1432 0.1723
vn -0.9904 0.1385 -0.0000
vn -0.9746 0.1432 -0.1723
vn -0.9590 -0.2834 -0.0000
vn -0.9546 -0.2652 0.1359
vn -0.9546 -0.2652 -0.1359
vn -0.8241 -0.2125 -0.5251
vn -0.7831 0.1236 -0.6095
vn -0.3166 0.0443 -0.9475
vn -0.3980 -0.1493 -0.9052
vn -0.0714 -0.0114 -0.9974
vn -0.1005 -0.1439 -0.9845
vn -0.0652 0.0184 -0.9977
vn -0.2975 0.0841 -0.9510
vn -0.0548 0.0469 -0.9974
vn -0.2929 0.1284 -0.9475
vn -0.0101 0.1742 -0.9847
vn 0.0437 0.1823 -0.9823
vn -0.2572 0.3335 -0.9070
vn -0.0395 0.6381 -0.7689
vn 0.1136 0.6121 -0.7826
vn 0.1586 0.5930 -0.7894
vn 0.0685 0.1840 -0.9805
vn 0.1779 0.5836 -0.7923
vn 0.2449 0.9127 -0.3271
vn 0.2592 0.9029 -0.3428
vn 0.2830 0.8925 -0.3514
vn 0.2562 0.9645 -0.0635
vn 0.2696 0.9604 -0.0700
vn 0.2768 0.9581 -0.0732
vn 0.3555 0.8626 -0.3599
vn 0.2931 0.9530 -0.0763
vn 0.4630 0.8150 -0.3483
vn 0.3186 0.9448 -0.0761
vn 0.5519 0.7670 -0.3272
vn 0.3422 0.9367 -0.0745
vn 0.5834 0.7498 -0.3122
vn 0.3499 0.9340 -0.0721
vn 0.4895 0.8149 -0.3102
vn 0.3212 0.9446 -0.0667
vn 0.3760 0.8674 -0.3261
vn 0.2929 0.9537 -0.0679
vn 0.2928 0.8881 -0.3544
vn 0.2537 0.9644 -0.0742
vn 0.1767 0.8996 -0.3994
vn 0.0473 0.8915 -0.4505
vn 0.2398 0.9708 0.0006
vn 0.2663 0.9639 0.0018
vn 0.2675 0.9636 0.0021
vn 0.2723 0.9622 -0.0002
vn 0.2743 0.9616 -0.0011
vn 0.2740 0.9617 -0.0017
vn 0.2728 0.9621 -0.0018
vn 0.2715 0.9624 -0.0006
vn 0.2689 0.9632 -0.0002
vn 0.2556 0.9668 -0.0000
vn 0.1810 0.9835 -0.0000
vn 0.1833 0.9815 -0.0553
vn 0.1851 0.9387 -0.2907
vn -0.1637 0.9052 -0.3922
vn -0.5907 0.6008 -0.5386
vn -0.7305 0.3026 -0.6122
vn -0.7484 0.2112 -0.6287
vn -0.8241 -0.2125 0.5251
vn -0.7831 0.1236 0.6095
vn -0.7484 0.2112 0.6287
vn 0.1917 0.8281 0.5267
vn -0.6956 0.0446 0.7170
vn -0.5403 -0.0257 0.8411
vn -0.6676 0.1596 0.7272
vn -0.5059 0.1088 0.8557
vn -0.3100 -0.1129 0.9440
vn -0.2700 0.0379 0.9621
vn -0.2597 0.0734 0.9629
vn -0.4966 0.1403 0.8565
vn -0.6598 0.1864 0.7279
vn -0.7227 0.2037 0.6604
vn -0.6182 0.1716 0.7671
vn -0.3671 0.0971 0.9251
vn -0.1911 0.0460 0.9805
vn -0.2637 -0.9029 0.3395
vn -0.2750 -0.9589 0.0691
vn -0.2747 -0.9615 -0.0002
vn 0.9620 -0.2716 -0.0285
vn 0.9466 -0.3212 -0.0268
vn 0.9385 -0.3122 -0.1473
vn 0.9512 -0.2685 -0.1521
vn 0.8534 -0.5208 -0.0230
vn 0.8615 -0.4913 -0.1284
vn 0.9459 -0.3245 -0.0000
vn 0.8488 -0.5287 -0.0000
vn 0.9466 -0.3212 0.0268
vn 0.8534 -0.5208 0.0230
vn 0.9620 -0.2716 0.0285
vn 0.4640 -0.8856 0.0206
vn 0.4624 -0.8867 -0.0000
vn 0.4641 -0.8856 -0.0206
vn -0.0467 -0.9987 0.0209
vn -0.0390 -0.9992 -0.0000
vn -0.0467 -0.9987 -0.0209
vn -0.2310 -0.9727 0.0241
vn -0.2284 -0.9736 -0.0000
vn -0.2310 -0.9727 -0.0241
vn -0.0715 -0.9906 -0.1167
vn 0.4683 -0.8766 -0.1110
vn -0.2337 -0.9631 -0.1332
vn -0.1893 -0.8367 -0.5139
vn 0.0113 -0.8530 -0.5218
vn 0.4297 -0.8162 -0.3863
vn 0.6951 -0.4797 -0.5354
vn 0.7946 -0.2800 -0.5388
vn 0.2275 -0.4421 -0.8676
vn 0.3625 -0.1805 -0.9143
vn 0.0545 -0.1104 -0.9924
vn -0.0505 -0.4255 -0.9036
vn -0.2341 -0.8283 -0.5090
vn -0.1188 -0.4197 -0.8999
vn -0.0265 -0.0937 -0.9952
vn -0.2773 -0.8115 -0.5144
vn -0.1809 -0.3891 -0.9033
vn -0.1046 -0.0659 -0.9923
vn -0.0845 0.0238 -0.9961
vn -0.0000 -0.0000 -1.0000
vn 0.0845 -0.0238 -0.9961
vn -0.0545 0.1104 -0.9924
vn 0.0265 0.0937 -0.9952
vn 0.1046 0.0659 -0.9923
vn 0.3954 -0.1114 -0.9117
vn 0.4044 -0.0348 -0.9139
vn 0.8131 -0.2293 -0.5351
vn 0.8237 -0.1756 -0.5391
vn 0.4314 0.2602 -0.8638
vn 0.8441 0.0537 -0.5335
vn 0.1809 0.3891 -0.9033
vn 0.2773 0.8115 -0.5144
vn 0.4626 0.7167 -0.5218
vn 0.7981 0.4703 -0.3765
vn 0.9633 -0.2245 -0.1472
vn 0.9914 -0.0274 -0.1277
vn 0.8591 0.4998 -0.1102
vn 0.9749 -0.2211 -0.0268
vn 0.9997 0.0018 -0.0230
vn 0.8600 0.5098 -0.0205
vn 0.9999 0.0109 -0.0000
vn 0.8592 0.5117 -0.0000
vn 0.9760 -0.2179 -0.0000
vn 0.9749 -0.2211 0.0268
vn 0.9997 0.0018 0.0230
vn 0.8600 0.5098 0.0206
vn 0.9914 -0.0274 0.1277
vn 0.9633 -0.2245 0.1472
vn 0.8591 0.4998 0.1102
vn 0.7982 0.4703 0.3765
vn 0.8441 0.0537 0.5335
vn 0.8237 -0.1756 0.5391
vn 0.8131 -0.2294 0.5351
vn 0.9512 -0.2685 0.1521
vn 0.7946 -0.2800 0.5388
vn 0.9385 -0.3122 0.1473
vn 0.8615 -0.4913 0.1284
vn 0.6951 -0.4797 0.5354
vn 0.4297 -0.8162 0.3863
vn 0.4683 -0.8766 0.1110
vn -0.0715 -0.9906 0.1167
vn 0.0113 -0.8530 0.5218
vn -0.2337 -0.9631 0.1332
vn -0.1892 -0.8367 0.5139
vn -0.2341 -0.8283 0.5090
vn -0.2692 -0.9532 0.1375
vn -0.2717 -0.9620 0.0256
vn -0.2773 -0.8115 0.5144
vn -0.3048 -0.9431 0.1331
vn -0.3120 -0.9498 0.0241
vn -0.2718 -0.9624 -0.0000
vn -0.3147 -0.9492 -0.0000
vn -0.2717 -0.9620 -0.0257
vn -0.3120 -0.9498 -0.0241
vn -0.2692 -0.9532 -0.1375
vn -0.3048 -0.9431 -0.1331
vn -0.4598 -0.8804 -0.1162
vn -0.4626 -0.7167 -0.5218
vn -0.4850 -0.8743 -0.0208
vn -0.8600 -0.5098 -0.0205
vn -0.8591 -0.4998 -0.1102
vn -0.7982 -0.4703 -0.3765
vn -0.4314 -0.2602 -0.8638
vn -0.8441 -0.0537 -0.5335
vn -0.4044 0.0348 -0.9139
vn -0.8237 0.1756 -0.5391
vn -0.8131 0.2294 -0.5351
vn -0.3954 0.1114 -0.9117
vn -0.7946 0.2800 -0.5388
vn -0.3625 0.1805 -0.9143
vn -0.2275 0.4422 -0.8676
vn 0.0505 0.4255 -0.9036
vn -0.6951 0.4797 -0.5354
vn -0.4297 0.8162 -0.3863
vn -0.0113 0.8530 -0.5218
vn 0.1893 0.8367 -0.5139
vn 0.2341 0.8283 -0.5090
vn 0.1188 0.4197 -0.8999
vn 0.2692 0.9532 -0.1375
vn 0.3048 0.9431 -0.1331
vn 0.2337 0.9631 -0.1332
vn 0.2717 0.9620 -0.0256
vn 0.3120 0.9498 -0.0241
vn 0.2310 0.9727 -0.0241
vn 0.0715 0.9906 -0.1167
vn 0.0467 0.9987 -0.0209
vn -0.4683 0.8766 -0.1110
vn -0.4640 0.8856 -0.0206
vn -0.4624 0.8866 -0.0000
vn 0.0390 0.9992 -0.0000
vn 0.2284 0.9736 -0.0000
vn -0.4640 0.8856 0.0206
vn 0.0467 0.9987 0.0209
vn 0.2310 0.9727 0.0241
vn 0.2717 0.9620 0.0257
vn 0.2718 0.9624 -0.0000
vn 0.3120 0.9498 0.0241
vn 0.3147 0.9492 -0.0000
vn 0.4919 0.8707 -0.0000
vn 0.4850 0.8743 -0.0208
vn 0.4850 0.8743 0.0208
vn 0.4598 0.8804 0.1162
vn 0.3048 0.9431 0.1331
vn 0.2773 0.8115 0.5144
vn 0.4626 0.7167 0.5218
vn 0.1809 0.3891 0.9033
vn 0.4313 0.2602 0.8638
vn 0.4044 -0.0348 0.9139
vn 0.1046 0.0659 0.9923
vn 0.1188 0.4197 0.8999
vn 0.2341 0.8283 0.5090
vn 0.0265 0.0937 0.9952
vn -0.0545 0.1104 0.9924
vn 0.0505 0.4255 0.9036
vn 0.1892 0.8367 0.5139
vn -0.2275 0.4421 0.8676
vn -0.3625 0.1805 0.9143
vn -0.0113 0.8530 0.5218
vn -0.4297 0.8162 0.3863
vn -0.6951 0.4797 0.5354
vn -0.7946 0.2800 0.5388
vn -0.3954 0.1114 0.9117
vn -0.8131 0.2293 0.5351
vn -0.0845 0.0238 0.9961
vn -0.1046 -0.0659 0.9923
vn -0.4044 0.0348 0.9139
vn -0.8237 0.1756 0.5391
vn -0.4314 -0.2602 0.8638
vn -0.1809 -0.3891 0.9033
vn -0.8441 -0.0537 0.5335
vn -0.7982 -0.4703 0.3765
vn -0.4626 -0.7167 0.5218
vn -0.1188 -0.4197 0.8999
vn -0.0265 -0.0937 0.9952
vn 0.0545 -0.1104 0.9924
vn -0.0505 -0.4255 0.9036
vn 0.2275 -0.4422 0.8676
vn 0.3625 -0.1805 0.9143
vn 0.3954 -0.1114 0.9117
vn 0.0845 -0.0238 0.9961
vn -0.0000 -0.0000 1.0000
vn -0.4598 -0.8804 0.1162
vn -0.8591 -0.4998 0.1102
vn -0.4850 -0.8743 0.0208
vn -0.8600 -0.5098 0.0205
vn -0.8592 -0.5117 -0.0000
vn -0.4919 -0.8707 -0.0000
vn -0.9999 -0.0109 -0.0000
vn -0.9997 -0.0018 -0.0230
vn -0.9997 -0.0018 0.0230
vn -0.9760 0.2179 -0.0000
vn -0.9749 0.2211 -0.0268
vn -0.9749 0.2211 0.0268
vn -0.9914 0.0274 0.1277
vn -0.9633 0.2245 0.1472
vn -0.9512 0.2685 0.1521
vn -0.9620 0.2716 0.0285
vn -0.9385 0.3122 0.1473
vn -0.9466 0.3212 0.0268
vn -0.9624 0.2717 -0.0000
vn -0.9459 0.3245 -0.0000
vn -0.9620 0.2716 -0.0285
vn -0.9466 0.3212 -0.0268
vn -0.9512 0.2685 -0.1521
vn -0.9633 0.2245 -0.1472
vn -0.9385 0.3122 -0.1473
vn -0.9914 0.0274 -0.1277
vn -0.8615 0.4913 -0.1284
vn -0.8534 0.5208 -0.0230
vn -0.8488 0.5287 -0.0000
vn -0.8534 0.5208 0.0230
vn -0.8615 0.4913 0.1284
vn -0.4683 0.8766 0.1110
vn 0.0715 0.9906 0.1167
vn 0.2337 0.9631 0.1332
vn 0.2692 0.9532 0.1375
vn 0.4598 0.8804 -0.1162
vn -0.0172 0.0170 0.9997
vn -0.0030 -0.0045 1.0000
vn -0.0040 0.4200 0.9075
vn -0.0228 0.4332 0.9010
vn -0.1147 0.4461 0.8876
vn -0.0879 0.0628 0.9941
vn -0.1181 0.5682 0.8144
vn -0.0244 0.5721 0.8198
vn -0.0043 0.5722 0.8201
vn -0.0040 0.7058 0.7084
vn -0.0228 0.6952 0.7184
vn -0.1147 0.6782 0.7259
vn -0.0000 0.7085 0.7057
vn -0.0000 0.5722 0.8201
vn -0.0000 0.4164 0.9092
vn 0.0043 0.5722 0.8201
vn 0.0040 0.4200 0.9075
vn 0.0040 0.7058 0.7084
vn 0.0228 0.6952 0.7184
vn 0.0244 0.5721 0.8198
vn 0.0228 0.4332 0.9010
vn 0.1181 0.5682 0.8144
vn 0.1147 0.6782 0.7259
vn 0.1147 0.4461 0.8876
vn 0.4111 0.5211 0.7480
vn 0.4142 0.6602 0.6265
vn 0.4150 0.3556 0.8374
vn 0.0879 0.0628 0.9941
vn 0.3319 -0.0654 0.9410
vn 0.0172 0.0170 0.9997
vn 0.0099 -0.5040 0.8636
vn 0.0477 -0.4869 0.8721
vn 0.1391 -0.4775 0.8676
vn 0.5694 -0.3496 0.7441
vn 0.2053 -0.6891 0.6950
vn 0.7956 0.0599 0.6028
vn 0.9204 -0.2060 0.3324
vn 0.5937 -0.5999 0.5364
vn 0.1848 -0.7861 0.5898
vn 0.5753 -0.6704 0.4687
vn 0.1799 -0.8066 0.5631
vn 0.9253 -0.3106 0.2175
vn 0.9214 -0.3802 0.0800
vn 0.5925 -0.7094 0.3817
vn 0.1846 -0.8245 0.5350
vn 0.5733 -0.8152 0.0820
vn 0.7994 -0.5385 -0.2665
vn 0.2038 -0.8886 0.4110
vn 0.1408 -0.9777 0.1560
vn 0.3350 -0.9031 -0.2687
vn 0.4142 -0.6602 -0.6265
vn 0.4111 -0.5211 -0.7480
vn 0.8272 -0.3200 -0.4619
vn 0.9853 -0.0971 -0.1404
vn 0.4150 -0.3556 -0.8374
vn 0.7956 -0.0599 -0.6028
vn 0.9204 0.2060 -0.3324
vn 0.9253 0.3106 -0.2175
vn 0.9214 0.3802 -0.0800
vn 0.9853 0.0971 0.1404
vn 0.8272 0.3200 0.4619
vn 0.7994 0.5385 0.2665
vn 0.5733 0.8152 -0.0820
vn 0.3350 0.9031 0.2687
vn 0.5925 0.7094 -0.3817
vn 0.1846 0.8245 -0.5350
vn 0.2038 0.8886 -0.4110
vn 0.1408 0.9777 -0.1560
vn 0.0884 0.9090 0.4072
vn 0.0477 0.9857 -0.1619
vn 0.0173 0.9308 0.3652
vn 0.0099 0.9836 -0.1798
vn 0.0030 0.9388 0.3444
vn 0.0018 0.9825 -0.1861
vn -0.0000 0.9407 0.3392
vn -0.0000 0.9823 -0.1875
vn -0.0030 0.9388 0.3444
vn -0.0018 0.9825 -0.1861
vn -0.0173 0.9308 0.3652
vn -0.0099 0.9836 -0.1798
vn -0.0884 0.9090 0.4072
vn -0.0477 0.9857 -0.1619
vn -0.1408 0.9777 -0.1560
vn -0.3350 0.9031 0.2687
vn -0.4142 0.6602 0.6265
vn -0.4111 0.5211 0.7480
vn -0.7994 0.5385 0.2665
vn -0.5733 0.8152 -0.0820
vn -0.8272 0.3200 0.4619
vn -0.4150 0.3556 0.8374
vn -0.7956 0.0599 0.6028
vn -0.9853 0.0971 0.1404
vn -0.9204 -0.2060 0.3324
vn -0.9214 0.3802 -0.0800
vn -0.5694 -0.3496 0.7441
vn -0.3319 -0.0654 0.9410
vn -0.5937 -0.5999 0.5364
vn -0.1848 -0.7861 0.5898
vn -0.2053 -0.6891 0.6950
vn -0.1391 -0.4775 0.8676
vn -0.0477 -0.4869 0.8721
vn -0.0099 -0.5040 0.8636
vn -0.0402 -0.7508 0.6594
vn -0.0079 -0.7430 0.6693
vn -0.0089 -0.8044 0.5940
vn -0.0449 -0.8054 0.5911
vn -0.0463 -0.8191 0.5718
vn -0.1799 -0.8066 0.5631
vn -0.0094 -0.8199 0.5724
vn -0.0089 -0.8349 0.5504
vn -0.0449 -0.8324 0.5523
vn -0.1846 -0.8245 0.5350
vn -0.0402 -0.8774 0.4781
vn -0.0079 -0.8840 0.4674
vn -0.2038 -0.8886 0.4110
vn -0.1408 -0.9777 0.1560
vn -0.0477 -0.9857 0.1619
vn -0.0099 -0.9836 0.1798
vn -0.0018 -0.9825 0.1861
vn -0.0015 -0.8864 0.4628
vn -0.0016 -0.8361 0.5486
vn -0.0000 -0.9823 0.1875
vn -0.0000 -0.8870 0.4618
vn -0.0000 -0.8364 0.5482
vn -0.0017 -0.8200 0.5724
vn -0.0016 -0.8031 0.5958
vn -0.0000 -0.8028 0.5962
vn -0.0015 -0.7395 0.6732
vn -0.0000 -0.7387 0.6740
vn -0.0000 -0.5112 0.8595
vn -0.0018 -0.5099 0.8603
vn -0.0000 -0.0099 1.0000
vn 0.0018 -0.5099 0.8602
vn 0.0030 -0.0045 1.0000
vn 0.0015 -0.7395 0.6732
vn 0.0079 -0.7430 0.6693
vn 0.0016 -0.8031 0.5958
vn 0.0089 -0.8044 0.5940
vn 0.0402 -0.7508 0.6594
vn 0.0449 -0.8054 0.5911
vn 0.0463 -0.8191 0.5718
vn 0.0094 -0.8199 0.5724
vn 0.0449 -0.8324 0.5523
vn 0.0089 -0.8349 0.5504
vn 0.0402 -0.8774 0.4781
vn 0.0079 -0.8840 0.4674
vn 0.0099 -0.9836 0.1798
vn 0.0477 -0.9857 0.1619
vn 0.0884 -0.9090 -0.4072
vn 0.0173 -0.9308 -0.3652
vn 0.1147 -0.6782 -0.7259
vn 0.0228 -0.6952 -0.7184
vn 0.0030 -0.9388 -0.3444
vn 0.0018 -0.9825 0.1861
vn 0.0040 -0.7058 -0.7084
vn -0.0000 -0.7085 -0.7057
vn -0.0000 -0.9407 -0.3392
vn -0.0040 -0.7058 -0.7084
vn -0.0030 -0.9388 -0.3444
vn -0.0228 -0.6952 -0.7184
vn -0.0173 -0.9308 -0.3652
vn -0.0884 -0.9090 -0.4072
vn -0.1147 -0.6782 -0.7259
vn -0.3350 -0.9031 -0.2688
vn -0.4142 -0.6602 -0.6265
vn -0.1181 -0.5682 -0.8144
vn -0.4111 -0.5211 -0.7480
vn -0.0244 -0.5721 -0.8198
vn -0.0228 -0.4332 -0.9010
vn -0.1147 -0.4461 -0.8876
vn -0.4150 -0.3556 -0.8374
vn -0.0879 -0.0628 -0.9941
vn -0.0172 -0.0170 -0.9997
vn -0.3319 0.0654 -0.9410
vn -0.1391 0.4775 -0.8676
vn -0.0477 0.4869 -0.8721
vn -0.0099 0.5040 -0.8636
vn -0.0018 0.5099 -0.8602
vn -0.0030 0.0045 -1.0000
vn -0.0040 -0.4200 -0.9075
vn -0.0000 0.5112 -0.8594
vn -0.0000 0.0099 -1.0000
vn -0.0000 -0.4164 -0.9092
vn -0.0000 -0.5722 -0.8201
vn -0.0043 -0.5722 -0.8201
vn 0.0043 -0.5722 -0.8201
vn 0.0040 -0.4200 -0.9075
vn 0.0244 -0.5721 -0.8198
vn 0.0228 -0.4332 -0.9010
vn 0.1181 -0.5682 -0.8144
vn 0.1147 -0.4461 -0.8876
vn 0.0879 -0.0628 -0.9941
vn 0.3319 0.0654 -0.9410
vn 0.0172 -0.0170 -0.9997
vn 0.0099 0.5040 -0.8636
vn 0.0477 0.4869 -0.8721
vn 0.1391 0.4775 -0.8676
vn 0.5694 0.3496 -0.7441
vn 0.2053 0.6891 -0.6949
vn 0.5937 0.5999 -0.5364
vn 0.1848 0.7861 -0.5898
vn 0.1799 0.8066 -0.5631
vn 0.5753 0.6704 -0.4687
vn 0.0463 0.8191 -0.5718
vn 0.0449 0.8324 -0.5523
vn 0.0449 0.8054 -0.5911
vn 0.0094 0.8199 -0.5724
vn 0.0089 0.8349 -0.5504
vn 0.0089 0.8044 -0.5940
vn 0.0402 0.7508 -0.6594
vn 0.0079 0.7430 -0.6693
vn 0.0015 0.7395 -0.6732
vn 0.0018 0.5099 -0.8602
vn 0.0016 0.8031 -0.5958
vn -0.0000 0.8028 -0.5962
vn -0.0000 0.7387 -0.6740
vn -0.0016 0.8031 -0.5958
vn -0.0015 0.7395 -0.6732
vn -0.0089 0.8044 -0.5940
vn -0.0079 0.7430 -0.6693
vn -0.0402 0.7508 -0.6594
vn -0.0449 0.8054 -0.5911
vn -0.2053 0.6891 -0.6949
vn -0.1848 0.7861 -0.5898
vn -0.1799 0.8066 -0.5631
vn -0.0463 0.8191 -0.5718
vn -0.0094 0.8199 -0.5724
vn -0.1846 0.8245 -0.5350
vn -0.0449 0.8324 -0.5523
vn -0.0089 0.8349 -0.5504
vn -0.0016 0.8361 -0.5486
vn -0.0017 0.8200 -0.5724
vn -0.0000 0.8364 -0.5482
vn 0.0016 0.8361 -0.5486
vn 0.0017 0.8200 -0.5724
vn 0.0015 0.8864 -0.4628
vn 0.0079 0.8840 -0.4674
vn -0.0000 0.8870 -0.4618
vn -0.0015 0.8864 -0.4628
vn -0.0079 0.8840 -0.4674
vn -0.0402 0.8774 -0.4781
vn -0.2038 0.8886 -0.4110
vn -0.5925 0.7094 -0.3817
vn -0.5753 0.6704 -0.4687
vn -0.9253 0.3106 -0.2176
vn -0.9204 0.2060 -0.3324
vn -0.5937 0.5999 -0.5364
vn -0.5694 0.3496 -0.7441
vn -0.7956 -0.0599 -0.6028
vn -0.8272 -0.3200 -0.4619
vn -0.9853 -0.0971 -0.1404
vn -0.7994 -0.5385 -0.2665
vn -0.9214 -0.3802 0.0800
vn -0.9253 -0.3106 0.2176
vn -0.5753 -0.6704 0.4687
vn -0.5925 -0.7094 0.3817
vn -0.5733 -0.8152 0.0820
vn 0.0402 0.8774 -0.4781
vn 0.0030 0.0045 -1.0000
vn 0.0015 -0.8864 0.4628
vn 0.0016 -0.8361 0.5486
vn 0.0017 -0.8200 0.5724
vn -0.4142 0.6602 0.6266
vn -0.2053 0.6891 -0.6950
vn -0.9253 -0.3106 0.2175
vn -0.5753 -0.6703 0.4687
vn -0.3350 -0.9031 -0.2687
vn -0.0018 -0.9825 0.1860
vn -0.1391 -0.4774 0.8676
vn 0.0018 -0.5099 0.8603
vn 0.0879 0.0629 0.9941
vn 0.1391 -0.4774 0.8676
vn 0.9253 -0.3106 0.2176
vn -0.0000 0.5112 -0.8595
vn 0.0018 -0.9825 0.1860
vn 0.0402 -0.7508 0.6593
vn 0.2053 0.6891 -0.6950
vn -0.0300 0.0170 0.9994
vn -0.0052 -0.0046 1.0000
vn -0.0069 0.4199 0.9075
vn -0.0395 0.4326 0.9007
vn -0.1932 0.4398 0.8770
vn -0.1518 0.0624 0.9864
vn -0.2001 0.5606 0.8036
vn -0.0423 0.5717 0.8194
vn -0.0075 0.5722 0.8201
vn -0.1936 0.6701 0.7166
vn -0.0396 0.6951 0.7178
vn -0.0070 0.7058 0.7084
vn -0.5885 0.4622 0.6634
vn -0.5864 0.3274 0.7409
vn -0.5867 0.5797 0.5654
vn -0.1533 0.9015 0.4047
vn -0.5093 0.8195 0.2629
vn -0.0302 0.9304 0.3652
vn -0.0174 0.9836 -0.1797
vn -0.0869 0.9835 -0.1585
vn -0.2621 0.9511 -0.1634
vn -0.7448 0.6601 -0.0980
vn -0.3257 0.8532 -0.4074
vn -0.9046 0.3753 0.2022
vn -0.9694 0.2394 -0.0536
vn -0.7485 0.5788 -0.3236
vn -0.3051 0.7984 -0.5191
vn -0.7376 0.5534 -0.3869
vn -0.3000 0.7821 -0.5461
vn -0.9707 0.1968 -0.1377
vn -0.9691 0.1331 -0.2074
vn -0.7488 0.5016 -0.4332
vn -0.3055 0.7621 -0.5709
vn -0.7409 0.3157 -0.5928
vn -0.9032 -0.0588 -0.4252
vn -0.3274 0.6733 -0.6629
vn -0.2582 0.4758 -0.8408
vn -0.5031 0.0420 -0.8632
vn -0.5864 -0.3274 -0.7409
vn -0.5885 -0.4622 -0.6634
vn -0.9170 -0.2277 -0.3275
vn -0.9949 -0.0574 -0.0827
vn -0.5867 -0.5798 -0.5654
vn -0.9046 -0.3753 -0.2022
vn -0.9694 -0.2394 0.0536
vn -0.9707 -0.1968 0.1376
vn -0.9949 0.0574 0.0827
vn -0.9691 -0.1331 0.2074
vn -0.7376 -0.5534 0.3869
vn -0.7488 -0.5016 0.4332
vn -0.7485 -0.5788 0.3236
vn -0.3000 -0.7821 0.5461
vn -0.3055 -0.7621 0.5709
vn -0.3051 -0.7984 0.5191
vn -0.7448 -0.6601 0.0980
vn -0.3257 -0.8532 0.4074
vn -0.5093 -0.8195 -0.2629
vn -0.2621 -0.9511 0.1634
vn -0.0785 -0.8306 0.5513
vn -0.0702 -0.8758 0.4775
vn -0.0870 -0.9835 0.1585
vn -0.0158 -0.8348 0.5504
vn -0.0140 -0.8838 0.4676
vn -0.0174 -0.9836 0.1797
vn -0.0031 -0.9825 0.1861
vn -0.0026 -0.8864 0.4629
vn -0.0029 -0.8361 0.5486
vn -0.0000 -0.8870 0.4619
vn -0.0030 -0.8200 0.5724
vn -0.0168 -0.8199 0.5723
vn -0.0158 -0.8044 0.5939
vn -0.0029 -0.8031 0.5958
vn -0.0026 -0.7395 0.6731
vn -0.0140 -0.7430 0.6691
vn -0.0000 -0.5112 0.8594
vn -0.0031 -0.5099 0.8602
vn -0.0175 -0.5038 0.8636
vn -0.0701 -0.7496 0.6582
vn -0.0785 -0.8037 0.5898
vn -0.0871 -0.4830 0.8713
vn -0.2582 -0.4758 0.8408
vn -0.3274 -0.6733 0.6629
vn -0.0811 -0.8173 0.5705
vn -0.7409 -0.3157 0.5928
vn -0.5031 -0.0420 0.8632
vn -0.9032 0.0588 0.4252
vn -0.9170 0.2277 0.3275
vn 0.0031 -0.5099 0.8602
vn 0.0052 -0.0045 1.0000
vn 0.0069 0.4199 0.9075
vn 0.0175 -0.5038 0.8636
vn 0.0300 0.0170 0.9994
vn 0.0395 0.4326 0.9007
vn 0.0423 0.5717 0.8194
vn 0.0075 0.5722 0.8201
vn 0.0070 0.7058 0.7084
vn 0.0396 0.6951 0.7178
vn 0.2001 0.5606 0.8036
vn 0.1936 0.6701 0.7166
vn 0.1932 0.4398 0.8771
vn 0.5885 0.4622 0.6634
vn 0.5867 0.5797 0.5654
vn 0.5864 0.3274 0.7409
vn 0.1518 0.0624 0.9864
vn 0.5031 -0.0420 0.8632
vn 0.0871 -0.4830 0.8713
vn 0.2582 -0.4758 0.8408
vn 0.7409 -0.3156 0.5928
vn 0.3274 -0.6733 0.6629
vn 0.9032 0.0588 0.4252
vn 0.9691 -0.1331 0.2074
vn 0.7488 -0.5016 0.4332
vn 0.3055 -0.7621 0.5709
vn 0.7376 -0.5534 0.3869
vn 0.3000 -0.7821 0.5461
vn 0.9707 -0.1968 0.1377
vn 0.9694 -0.2394 0.0536
vn 0.7485 -0.5788 0.3236
vn 0.3051 -0.7984 0.5191
vn 0.7448 -0.6601 0.0980
vn 0.9046 -0.3753 -0.2022
vn 0.3257 -0.8532 0.4074
vn 0.2621 -0.9511 0.1634
vn 0.5093 -0.8195 -0.2629
vn 0.5867 -0.5797 -0.5654
vn 0.5885 -0.4622 -0.6634
vn 0.9170 -0.2277 -0.3275
vn 0.9949 -0.0574 -0.0827
vn 0.5864 -0.3274 -0.7409
vn 0.9032 -0.0588 -0.4252
vn 0.9691 0.1332 -0.2074
vn 0.9707 0.1968 -0.1377
vn 0.9694 0.2394 -0.0536
vn 0.9949 0.0574 0.0827
vn 0.9170 0.2277 0.3275
vn 0.9046 0.3753 0.2022
vn 0.7448 0.6601 -0.0980
vn 0.5093 0.8195 0.2629
vn 0.7485 0.5788 -0.3236
vn 0.3051 0.7984 -0.5191
vn 0.3257 0.8532 -0.4074
vn 0.2621 0.9511 -0.1634
vn 0.1533 0.9015 0.4047
vn 0.0869 0.9835 -0.1585
vn 0.0302 0.9304 0.3653
vn 0.0174 0.9836 -0.1797
vn 0.0052 0.9388 0.3444
vn 0.0031 0.9825 -0.1861
vn -0.0052 0.9388 0.3444
vn -0.0031 0.9825 -0.1861
vn -0.0026 0.8864 -0.4629
vn -0.0140 0.8839 -0.4676
vn -0.0029 0.8361 -0.5486
vn -0.0158 0.8348 -0.5504
vn -0.0702 0.8758 -0.4775
vn -0.0785 0.8306 -0.5513
vn -0.0811 0.8173 -0.5705
vn -0.0168 0.8199 -0.5723
vn -0.0785 0.8037 -0.5898
vn -0.0158 0.8044 -0.5939
vn -0.0701 0.7496 -0.6582
vn -0.0140 0.7430 -0.6691
vn -0.0175 0.5038 -0.8636
vn -0.0871 0.4830 -0.8713
vn -0.1518 -0.0624 -0.9864
vn -0.0300 -0.0171 -0.9994
vn -0.1932 -0.4398 -0.8771
vn -0.0395 -0.4326 -0.9007
vn -0.0031 0.5099 -0.8602
vn -0.0052 0.0045 -1.0000
vn -0.0069 -0.4199 -0.9075
vn -0.0075 -0.5722 -0.8201
vn -0.0423 -0.5717 -0.8194
vn -0.0070 -0.7058 -0.7084
vn -0.0396 -0.6951 -0.7178
vn 0.0075 -0.5722 -0.8201
vn 0.0069 -0.4199 -0.9075
vn 0.0070 -0.7058 -0.7084
vn 0.0396 -0.6951 -0.7178
vn 0.0423 -0.5717 -0.8194
vn 0.0395 -0.4326 -0.9007
vn 0.2001 -0.5605 -0.8036
vn 0.1935 -0.6701 -0.7166
vn 0.1932 -0.4398 -0.8771
vn 0.1533 -0.9015 -0.4047
vn 0.0302 -0.9304 -0.3653
vn 0.0869 -0.9835 0.1585
vn 0.0174 -0.9836 0.1797
vn 0.0052 -0.9388 -0.3444
vn 0.0031 -0.9825 0.1861
vn -0.0052 -0.9388 -0.3444
vn -0.0302 -0.9304 -0.3653
vn -0.1533 -0.9015 -0.4047
vn -0.1935 -0.6701 -0.7166
vn -0.2001 -0.5606 -0.8036
vn 0.0026 -0.8864 0.4629
vn 0.0140 -0.8838 0.4676
vn 0.0158 -0.8348 0.5504
vn 0.0029 -0.8361 0.5486
vn 0.0030 -0.8200 0.5724
vn 0.0168 -0.8199 0.5723
vn 0.0029 -0.8031 0.5958
vn 0.0158 -0.8044 0.5939
vn 0.0026 -0.7395 0.6731
vn 0.0140 -0.7430 0.6691
vn 0.0701 -0.7496 0.6582
vn 0.0785 -0.8037 0.5898
vn 0.0811 -0.8173 0.5705
vn 0.0785 -0.8306 0.5513
vn 0.0702 -0.8758 0.4775
vn 0.1518 -0.0624 -0.9864
vn 0.5031 0.0420 -0.8632
vn 0.0300 -0.0171 -0.9994
vn 0.0175 0.5038 -0.8636
vn 0.0871 0.4830 -0.8713
vn 0.2582 0.4758 -0.8408
vn 0.7409 0.3157 -0.5928
vn 0.3274 0.6733 -0.6629
vn 0.7488 0.5016 -0.4332
vn 0.3055 0.7621 -0.5709
vn 0.3000 0.7821 -0.5461
vn 0.7376 0.5534 -0.3869
vn 0.0811 0.8173 -0.5705
vn 0.0785 0.8306 -0.5513
vn 0.0785 0.8037 -0.5898
vn 0.0168 0.8199 -0.5723
vn 0.0158 0.8348 -0.5504
vn 0.0158 0.8044 -0.5939
vn 0.0701 0.7496 -0.6582
vn 0.0140 0.7430 -0.6691
vn 0.0026 0.7395 -0.6731
vn 0.0031 0.5099 -0.8602
vn 0.0029 0.8031 -0.5958
vn -0.0029 0.8031 -0.5958
vn -0.0026 0.7395 -0.6731
vn -0.0030 0.8200 -0.5724
vn 0.0029 0.8361 -0.5486
vn 0.0030 0.8200 -0.5724
vn 0.0026 0.8864 -0.4629
vn 0.0140 0.8839 -0.4676
vn 0.0702 0.8758 -0.4775
vn 0.0052 0.0045 -1.0000
vn -0.1794 -0.0014 0.9838
vn -0.1837 -0.0096 0.9829
vn -0.7191 -0.0601 0.6923
vn -0.7069 -0.0439 0.7060
vn 0.0206 0.0133 0.9997
vn 0.0245 0.0085 0.9997
vn 0.2232 0.0246 0.9745
vn 0.2294 0.0228 0.9731
vn 0.2529 0.0187 0.9673
vn 0.0367 -0.0019 0.9993
vn -0.1840 -0.0270 0.9825
vn 0.2795 0.0385 0.9594
vn 0.0484 0.0116 0.9988
vn -0.1900 -0.0204 0.9816
vn 0.0553 0.0762 0.9956
vn -0.1965 0.0394 0.9797
vn 0.2948 0.1077 0.9495
vn 0.7706 0.0826 0.6320
vn 0.7764 0.1504 0.6120
vn 0.7515 0.0551 0.6574
vn 0.9829 0.0673 0.1712
vn 0.9845 0.0941 0.1478
vn 0.9806 0.1456 0.1314
vn 0.7662 0.2269 0.6013
vn 0.9709 0.2019 0.1291
vn 0.2931 0.1884 0.9373
vn 0.2839 0.2220 0.9328
vn 0.7629 0.2603 0.5917
vn 0.9661 0.2257 0.1255
vn 0.9822 0.1849 -0.0316
vn 0.9781 0.2060 -0.0288
vn 0.9647 0.1722 -0.1994
vn 0.9607 0.1945 -0.1980
vn 0.9731 0.1206 -0.1962
vn 0.9902 0.1360 -0.0311
vn 0.9958 0.0902 -0.0184
vn 0.9797 0.0728 -0.1869
vn 0.9979 0.0644 -0.0030
vn 0.9824 0.0484 -0.1802
vn 0.7300 -0.0178 -0.6832
vn 0.7216 0.0404 -0.6912
vn 0.7283 -0.0298 -0.6847
vn 0.1773 -0.1100 -0.9780
vn 0.1753 -0.1179 -0.9774
vn 0.1643 -0.0638 -0.9843
vn 0.7054 0.1148 -0.6994
vn 0.1436 0.0165 -0.9895
vn 0.6755 0.1464 -0.7227
vn 0.1066 0.0495 -0.9931
vn -0.0985 -0.0207 -0.9949
vn -0.1033 0.0147 -0.9945
vn -0.2880 -0.0470 -0.9565
vn -0.2600 -0.0110 -0.9656
vn -0.7688 -0.1007 -0.6316
vn -0.7003 -0.0655 -0.7108
vn -0.3104 -0.1237 -0.9425
vn -0.7788 -0.1596 -0.6066
vn -0.0883 -0.0985 -0.9912
vn -0.9799 -0.1463 -0.1355
vn -0.9840 -0.1123 -0.1383
vn -0.9826 -0.0963 -0.1585
vn -0.9909 -0.1339 0.0089
vn -0.9944 -0.1057 0.0073
vn -0.9956 -0.0936 0.0017
vn -0.9843 -0.0891 0.1525
vn -0.9871 -0.0775 0.1404
vn -0.9800 -0.1210 0.1581
vn -0.9889 -0.1486 0.0031
vn -0.9750 -0.1637 -0.1501
vn -0.9766 -0.1401 0.1631
vn -0.9777 -0.1235 0.1698
vn -0.9915 -0.1301 -0.0048
vn -0.9743 -0.1437 -0.1735
vn -0.9803 -0.0895 0.1759
vn -0.9954 -0.0955 -0.0102
vn -0.9757 -0.1050 -0.1925
vn -0.9809 -0.0722 0.1808
vn -0.9969 -0.0779 -0.0110
vn -0.9767 -0.0850 -0.1971
vn -0.7257 -0.1188 -0.6777
vn -0.7161 -0.0933 -0.6917
vn -0.2293 -0.0979 -0.9684
vn -0.2142 -0.0743 -0.9739
vn -0.2566 -0.1460 -0.9554
vn -0.7432 -0.1685 -0.6475
vn -0.2898 -0.1669 -0.9424
vn -0.7643 -0.1917 -0.6157
vn -0.0667 -0.1458 -0.9871
vn -0.0458 -0.1297 -0.9905
vn -0.0292 -0.0862 -0.9958
vn 0.1794 -0.0733 -0.9810
vn -0.0204 -0.0650 -0.9977
vn 0.1861 -0.0549 -0.9810
vn 0.7235 -0.0186 -0.6901
vn 0.7331 -0.0118 -0.6800
vn 0.9834 0.0360 -0.1781
vn 0.9844 0.0300 -0.1733
vn 0.9988 0.0482 0.0079
vn 0.9991 0.0398 0.0127
vn 0.9802 0.0520 0.1911
vn 0.9788 0.0438 0.2000
vn 0.7322 0.0469 0.6795
vn 0.7267 0.0424 0.6857
vn -0.7252 -0.0916 0.6824
vn -0.7353 -0.0989 0.6705
vn -0.7468 -0.0553 0.6627
vn -0.1933 0.1169 0.9741
vn -0.7528 0.0052 0.6582
vn -0.1923 0.1500 0.9698
vn -0.7726 0.0253 0.6344
vn 0.0595 0.1551 0.9861
vn 0.0602 0.1885 0.9802
vn -0.1662 0.9841 -0.0622
vn -0.1462 0.9872 -0.0639
vn -0.1487 0.9848 -0.0903
vn -0.1689 0.9812 -0.0938
vn -0.2097 0.9760 -0.0581
vn -0.2155 0.9751 -0.0531
vn -0.1768 0.9828 -0.0537
vn -0.2075 0.9736 -0.0949
vn -0.4051 0.9073 0.1122
vn -0.4972 0.8672 -0.0267
vn -0.2574 0.9624 -0.0867
vn -0.4508 0.8912 -0.0503
vn -0.2157 0.9755 -0.0436
vn -0.1810 0.9826 -0.0425
vn -0.4301 0.9017 -0.0441
vn -0.2127 0.9765 -0.0351
vn -0.1809 0.9829 -0.0337
vn -0.4085 0.9122 -0.0309
vn -0.2087 0.9777 -0.0237
vn -0.1799 0.9834 -0.0225
vn -0.2055 0.9786 -0.0110
vn -0.1791 0.9838 -0.0103
vn -0.2042 0.9789 -0.0000
vn -0.1788 0.9839 -0.0000
vn -0.3909 0.9203 -0.0149
vn -0.3841 0.9233 -0.0000
vn -0.3909 0.9203 0.0149
vn -0.2055 0.9786 0.0110
vn -0.1791 0.9838 0.0103
vn -0.4085 0.9122 0.0309
vn -0.2087 0.9777 0.0237
vn -0.1799 0.9834 0.0225
vn -0.2127 0.9765 0.0351
vn -0.1809 0.9829 0.0337
vn -0.4301 0.9017 0.0441
vn -0.4508 0.8912 0.0503
vn -0.2157 0.9755 0.0436
vn -0.1810 0.9826 0.0425
vn -0.4972 0.8672 0.0267
vn -0.2155 0.9751 0.0531
vn -0.1768 0.9828 0.0537
vn -0.4051 0.9073 -0.1122
vn -0.2097 0.9760 0.0581
vn -0.1662 0.9841 0.0622
vn -0.2075 0.9736 0.0949
vn -0.2574 0.9624 0.0867
vn -0.1689 0.9812 0.0938
vn -0.2259 0.9220 0.3144
vn -0.2700 0.9080 0.3203
vn -0.1920 0.9353 0.2974
vn -0.1696 0.9476 0.2706
vn -0.1487 0.9848 0.0903
vn -0.1462 0.9872 0.0639
vn -0.1226 0.9888 0.0856
vn -0.1208 0.9907 0.0630
vn -0.1391 0.9603 0.2418
vn -0.1892 0.5958 0.7805
vn -0.2051 0.5626 0.8009
vn -0.1605 0.6360 0.7548
vn -0.1393 0.0678 0.9879
vn -0.1482 0.0545 0.9875
vn -0.1210 0.0904 0.9885
vn -0.1181 0.6687 0.7341
vn -0.1001 0.9701 0.2212
vn -0.0911 0.1117 0.9896
vn -0.0621 0.1240 0.9903
vn -0.0786 0.6869 0.7225
vn -0.0656 0.9752 0.2112
vn -0.0410 0.1294 0.9907
vn -0.0461 0.6958 0.7168
vn -0.0344 0.9778 0.2068
vn -0.0000 0.1297 0.9916
vn -0.0000 0.6944 0.7196
vn -0.0000 0.9784 0.2067
vn 0.0461 0.6958 0.7168
vn 0.0344 0.9778 0.2068
vn 0.0410 0.1294 0.9907
vn 0.0621 0.1240 0.9903
vn 0.0786 0.6869 0.7225
vn 0.0656 0.9752 0.2112
vn 0.0592 0.9950 0.0804
vn 0.0300 0.9964 0.0797
vn -0.0000 0.9968 0.0795
vn 0.0296 0.9977 0.0613
vn -0.0000 0.9981 0.0610
vn 0.0587 0.9964 0.0615
vn 0.0895 0.9926 0.0819
vn 0.1001 0.9701 0.2212
vn 0.0885 0.9942 0.0617
vn 0.1208 0.9907 0.0630
vn 0.1226 0.9888 0.0856
vn 0.1391 0.9603 0.2418
vn 0.1462 0.9872 0.0639
vn 0.1487 0.9848 0.0903
vn 0.1696 0.9476 0.2706
vn 0.1662 0.9841 0.0622
vn 0.1689 0.9812 0.0938
vn 0.1920 0.9353 0.2974
vn 0.2259 0.9220 0.3144
vn 0.2075 0.9736 0.0949
vn 0.2097 0.9760 0.0581
vn 0.2700 0.9080 0.3203
vn 0.2574 0.9624 0.0867
vn 0.4051 0.9073 -0.1122
vn 0.4972 0.8672 0.0267
vn 0.2155 0.9751 0.0531
vn 0.1768 0.9828 0.0537
vn 0.4508 0.8912 0.0503
vn 0.2157 0.9755 0.0436
vn 0.1810 0.9826 0.0425
vn 0.2127 0.9765 0.0351
vn 0.1809 0.9829 0.0337
vn 0.2087 0.9777 0.0237
vn 0.1799 0.9834 0.0225
vn 0.4301 0.9017 0.0441
vn 0.4085 0.9122 0.0309
vn 0.2055 0.9786 0.0110
vn 0.1791 0.9838 0.0103
vn 0.3909 0.9203 0.0149
vn 0.3841 0.9233 -0.0000
vn 0.2042 0.9789 -0.0000
vn 0.1788 0.9839 -0.0000
vn 0.2055 0.9786 -0.0110
vn 0.1791 0.9838 -0.0103
vn 0.2087 0.9777 -0.0237
vn 0.1799 0.9834 -0.0225
vn 0.3909 0.9203 -0.0149
vn 0.4085 0.9122 -0.0309
vn 0.2127 0.9765 -0.0351
vn 0.1809 0.9829 -0.0337
vn 0.4301 0.9017 -0.0441
vn 0.4508 0.8912 -0.0503
vn 0.2157 0.9755 -0.0436
vn 0.1810 0.9826 -0.0425
vn 0.4972 0.8672 -0.0267
vn 0.2155 0.9751 -0.0531
vn 0.1768 0.9828 -0.0537
vn 0.4051 0.9073 0.1122
vn 0.2097 0.9760 -0.0581
vn 0.1662 0.9841 -0.0622
vn 0.2075 0.9736 -0.0949
vn 0.2574 0.9624 -0.0867
vn 0.1689 0.9812 -0.0938
vn 0.2259 0.9220 -0.3144
vn 0.2700 0.9080 -0.3203
vn 0.1920 0.9353 -0.2974
vn 0.1696 0.9476 -0.2706
vn 0.1487 0.9848 -0.0903
vn 0.1462 0.9872 -0.0639
vn 0.1226 0.9888 -0.0856
vn 0.1208 0.9907 -0.0630
vn 0.1391 0.9603 -0.2418
vn 0.1892 0.5958 -0.7805
vn 0.2051 0.5626 -0.8009
vn 0.1606 0.6360 -0.7548
vn 0.1393 0.0678 -0.9879
vn 0.1482 0.0545 -0.9875
vn 0.1210 0.0904 -0.9885
vn 0.1181 0.6687 -0.7341
vn 0.1001 0.9701 -0.2212
vn 0.0911 0.1117 -0.9896
vn 0.0621 0.1240 -0.9903
vn 0.0786 0.6869 -0.7225
vn 0.0656 0.9752 -0.2112
vn 0.0410 0.1294 -0.9907
vn 0.0461 0.6958 -0.7168
vn 0.0344 0.9778 -0.2068
vn -0.0000 0.1297 -0.9916
vn -0.0000 0.6944 -0.7196
vn -0.0000 0.9784 -0.2067
vn -0.0461 0.6958 -0.7168
vn -0.0344 0.9778 -0.2068
vn -0.0410 0.1294 -0.9907
vn -0.0621 0.1240 -0.9903
vn -0.0786 0.6869 -0.7225
vn -0.0656 0.9752 -0.2112
vn -0.0592 0.9950 -0.0804
vn -0.0300 0.9964 -0.0797
vn -0.0000 0.9968 -0.0795
vn -0.0296 0.9977 -0.0613
vn -0.0000 0.9981 -0.0610
vn -0.0587 0.9964 -0.0615
vn -0.0895 0.9926 -0.0819
vn -0.1001 0.9701 -0.2212
vn -0.0885 0.9942 -0.0617
vn -0.1208 0.9907 -0.0630
vn -0.1226 0.9888 -0.0856
vn -0.1391 0.9603 -0.2418
vn -0.1696 0.9476 -0.2706
vn -0.1920 0.9353 -0.2974
vn -0.1892 0.5958 -0.7805
vn -0.2051 0.5626 -0.8009
vn -0.1605 0.6360 -0.7548
vn -0.1393 0.0678 -0.9879
vn -0.1482 0.0545 -0.9875
vn -0.1210 0.0904 -0.9885
vn -0.1181 0.6687 -0.7341
vn -0.0911 0.1117 -0.9896
vn -0.0478 -0.1160 -0.9921
vn -0.0690 -0.1126 -0.9912
vn -0.0914 -0.1064 -0.9901
vn -0.0280 -0.3420 -0.9393
vn -0.0355 -0.3270 -0.9443
vn -0.0395 -0.3062 -0.9511
vn -0.1068 -0.0965 -0.9896
vn -0.0253 -0.3032 -0.9526
vn -0.1151 -0.0851 -0.9897
vn -0.0685 -0.1814 -0.9810
vn -0.1275 -0.0700 -0.9894
vn -0.1579 0.0524 -0.9861
vn -0.1160 -0.0902 -0.9891
vn -0.1408 -0.1081 -0.9841
vn -0.1439 -0.0667 -0.9873
vn -0.1691 0.0555 -0.9840
vn -0.2261 0.5438 -0.8082
vn -0.2545 0.5337 -0.8065
vn -0.2700 0.9080 -0.3203
vn -0.2259 0.9220 -0.3144
vn -0.2419 0.5319 -0.8115
vn -0.2470 0.9141 -0.3215
vn -0.2287 0.9706 -0.0745
vn -0.2274 0.9467 0.2283
vn -0.0387 0.9481 -0.3155
vn -0.0082 0.9984 -0.0565
vn 0.0215 0.9770 0.2120
vn -0.0932 0.6256 0.7746
vn -0.2702 0.5635 0.7807
vn 0.0819 0.6499 0.7556
vn 0.0333 0.2088 0.9774
vn -0.1451 0.1881 0.9714
vn 0.0889 0.2097 0.9737
vn 0.2896 0.6076 0.7395
vn 0.1367 0.2013 0.9699
vn 0.3696 0.9030 0.2191
vn 0.6173 0.7550 0.2212
vn 0.4556 0.5344 0.7120
vn 0.1803 0.1887 0.9653
vn 0.0772 0.0550 0.9955
vn 0.0831 0.0600 0.9947
vn 0.0809 0.0680 0.9944
vn 0.0288 -0.1010 0.9945
vn 0.0688 -0.0933 0.9933
vn -0.0394 -0.0992 0.9943
vn 0.1871 0.1826 0.9652
vn 0.0530 0.0617 0.9967
vn -0.1476 -0.0773 0.9860
vn -0.1692 0.1201 0.9782
vn -0.2436 0.0023 0.9699
vn 0.0104 0.2409 0.9705
vn 0.5256 0.4874 0.6973
vn 0.4044 0.5787 0.7082
vn 0.7114 0.6683 0.2173
vn 0.6006 0.7788 0.1809
vn -0.2308 0.8167 0.5289
vn -0.6102 0.4738 0.6350
vn -0.2502 0.9646 0.0838
vn -0.8672 0.4980 -0.0000
vn -0.9599 0.2786 0.0326
vn -0.7570 0.2625 0.5983
vn -0.9913 -0.1126 0.0675
vn -0.8043 -0.0767 0.5892
vn -0.6266 -0.4029 0.6671
vn -0.8314 -0.5398 0.1314
vn -0.5500 -0.8082 0.2106
vn -0.3715 -0.5592 0.7412
vn -0.1308 -0.6124 0.7797
vn -0.2399 -0.9343 0.2637
vn -0.0106 -0.9603 0.2787
vn 0.0323 -0.6123 0.7900
vn 0.0975 -0.6036 0.7913
vn 0.0657 -0.0872 0.9940
vn 0.1014 -0.9565 0.2736
vn 0.0271 -0.9708 0.2383
vn -0.0393 -0.6567 0.7531
vn -0.0932 -0.1198 0.9884
vn -0.1164 0.0526 0.9918
vn 0.0542 0.0736 0.9958
vn -0.7048 -0.0697 0.7060
vn -0.7308 0.0801 0.6779
vn -0.6592 -0.2610 0.7052
vn -0.9377 -0.3015 0.1724
vn -0.9744 -0.1654 0.1523
vn -0.9892 -0.0560 0.1358
vn -0.7315 0.3983 0.5535
vn -0.9320 0.3439 0.1147
vn -0.9257 0.3781 -0.0117
vn -0.9968 -0.0797 -0.0080
vn -0.9058 0.4208 -0.0500
vn -0.9964 -0.0788 -0.0310
vn -0.8957 0.4422 -0.0480
vn -0.9967 -0.0749 -0.0308
vn -0.8839 0.4663 -0.0352
vn -0.9975 -0.0664 -0.0229
vn -0.8732 0.4870 -0.0178
vn -0.9983 -0.0570 -0.0116
vn -0.8686 0.4955 -0.0000
vn -0.9986 -0.0527 -0.0000
vn -0.9983 -0.0570 0.0116
vn -0.8732 0.4870 0.0177
vn -0.8839 0.4663 0.0352
vn -0.9975 -0.0664 0.0229
vn -0.9772 -0.2120 0.0118
vn -0.9768 -0.2142 0.0052
vn -0.9766 -0.2149 -0.0000
vn -0.9261 -0.3771 -0.0131
vn -0.9242 -0.3818 -0.0000
vn -0.9317 -0.3629 -0.0181
vn -0.9781 -0.2074 0.0169
vn -0.9967 -0.0749 0.0308
vn -0.9389 -0.3439 -0.0164
vn -0.9453 -0.3260 -0.0130
vn -0.9798 -0.1994 0.0164
vn -0.9964 -0.0788 0.0310
vn -0.9500 -0.3109 -0.0299
vn -0.9822 -0.1880 -0.0048
vn -0.9968 -0.0797 0.0080
vn -0.9377 -0.3015 -0.1724
vn -0.9744 -0.1654 -0.1523
vn -0.9892 -0.0560 -0.1358
vn -0.7048 -0.0697 -0.7060
vn -0.6592 -0.2610 -0.7052
vn -0.7308 0.0801 -0.6779
vn -0.1164 0.0526 -0.9918
vn -0.0932 -0.1198 -0.9884
vn -0.1451 0.1881 -0.9714
vn -0.2702 0.5635 -0.7807
vn -0.7315 0.3983 -0.5535
vn -0.9320 0.3439 -0.1147
vn -0.0932 0.6256 -0.7746
vn -0.2274 0.9467 -0.2283
vn 0.0333 0.2088 -0.9774
vn 0.0889 0.2097 -0.9737
vn 0.0819 0.6499 -0.7556
vn 0.0215 0.9770 -0.2120
vn 0.1367 0.2013 -0.9699
vn 0.2896 0.6076 -0.7395
vn 0.3696 0.9030 -0.2191
vn 0.4556 0.5344 -0.7120
vn 0.6173 0.7550 -0.2212
vn 0.1803 0.1887 -0.9653
vn 0.0772 0.0550 -0.9955
vn 0.0831 0.0600 -0.9947
vn 0.0809 0.0680 -0.9944
vn 0.0288 -0.1010 -0.9945
vn 0.0688 -0.0933 -0.9933
vn -0.0394 -0.0992 -0.9943
vn 0.1871 0.1826 -0.9652
vn 0.0530 0.0617 -0.9967
vn -0.1476 -0.0773 -0.9860
vn -0.1692 0.1201 -0.9782
vn -0.2436 0.0023 -0.9699
vn 0.0104 0.2409 -0.9705
vn 0.4044 0.5787 -0.7082
vn 0.5256 0.4874 -0.6973
vn 0.7114 0.6683 -0.2173
vn 0.6006 0.7788 -0.1809
vn -0.6102 0.4738 -0.6350
vn -0.2308 0.8167 -0.5289
vn -0.2502 0.9646 -0.0838
vn -0.7570 0.2625 -0.5983
vn -0.9599 0.2786 -0.0326
vn -0.8043 -0.0767 -0.5892
vn -0.9913 -0.1126 -0.0675
vn -0.6266 -0.4029 -0.6671
vn -0.8314 -0.5398 -0.1314
vn -0.3715 -0.5592 -0.7412
vn -0.5500 -0.8082 -0.2106
vn -0.1308 -0.6124 -0.7797
vn -0.2399 -0.9343 -0.2637
vn 0.0323 -0.6123 -0.7900
vn -0.0106 -0.9603 -0.2787
vn 0.0657 -0.0872 -0.9940
vn 0.0975 -0.6036 -0.7913
vn 0.1014 -0.9565 -0.2736
vn -0.0393 -0.6567 -0.7531
vn 0.0271 -0.9708 -0.2383
vn 0.0542 0.0736 -0.9958
vn -0.3943 -0.7468 -0.5356
vn -0.1932 -0.9126 -0.3604
vn -0.6362 -0.7333 -0.2400
vn -0.0896 -0.9652 -0.2456
vn -0.6710 -0.7332 -0.1101
vn -0.0969 -0.9819 -0.1629
vn -0.6569 -0.7454 -0.1131
vn -0.0881 -0.9784 -0.1871
vn -0.6416 -0.7557 -0.1313
vn -0.0779 -0.9725 -0.2194
vn -0.6210 -0.7745 -0.1208
vn -0.0632 -0.9780 -0.1990
vn -0.6041 -0.7934 -0.0746
vn -0.0504 -0.9914 -0.1212
vn -0.5987 -0.8009 -0.0000
vn -0.0459 -0.9989 -0.0000
vn -0.0504 -0.9914 0.1212
vn -0.6041 -0.7934 0.0746
vn -0.9261 -0.3771 0.0131
vn -0.0632 -0.9780 0.1990
vn -0.6210 -0.7745 0.1208
vn -0.9317 -0.3629 0.0181
vn -0.6416 -0.7557 0.1313
vn -0.9389 -0.3439 0.0164
vn -0.0779 -0.9725 0.2194
vn -0.0881 -0.9784 0.1871
vn -0.6569 -0.7454 0.1131
vn -0.9453 -0.3260 0.0130
vn -0.6710 -0.7332 0.1101
vn -0.9500 -0.3109 0.0299
vn -0.0969 -0.9819 0.1629
vn -0.0896 -0.9652 0.2456
vn -0.6362 -0.7333 0.2400
vn -0.3943 -0.7468 0.5356
vn -0.1932 -0.9126 0.3604
vn 0.0874 -0.9958 0.0276
vn 0.1218 -0.9925 0.0129
vn 0.0487 -0.9777 -0.2041
vn 0.0724 -0.9695 -0.2341
vn -0.0818 -0.6665 -0.7410
vn -0.1239 -0.4863 -0.8650
vn -0.1518 -0.1839 -0.9712
vn -0.1473 -0.0719 -0.9865
vn -0.1305 -0.6745 -0.7266
vn -0.1484 -0.2104 -0.9663
vn -0.1404 -0.0771 -0.9871
vn -0.1399 0.0608 -0.9883
vn -0.1682 0.0580 -0.9840
vn -0.1205 0.5452 -0.8296
vn -0.0917 0.0637 -0.9938
vn 0.1044 0.5455 -0.8316
vn 0.3280 0.9043 -0.2733
vn -0.0412 0.0633 -0.9971
vn 0.3273 0.5047 -0.7988
vn 0.6069 0.7661 -0.2115
vn 0.6270 0.7789 0.0137
vn 0.3599 0.9327 -0.0222
vn 0.7150 0.6781 -0.1701
vn 0.7238 0.6893 0.0322
vn 0.5840 0.8117 0.0114
vn 0.5994 0.7830 -0.1662
vn 0.4310 0.4668 -0.7723
vn 0.3028 0.5470 -0.7805
vn -0.0321 0.0666 -0.9973
vn -0.1914 0.1161 -0.9746
vn -0.2162 0.7288 -0.6498
vn -0.2651 0.9292 -0.2576
vn -0.6434 0.3174 -0.6967
vn -0.8513 0.4603 -0.2520
vn -0.8585 0.4967 -0.1277
vn -0.2795 0.9559 -0.0908
vn -0.9547 0.2707 -0.1233
vn -0.9307 0.2486 -0.2683
vn -0.9880 -0.1165 -0.1017
vn -0.9588 -0.1186 -0.2583
vn -0.8410 -0.5380 -0.0568
vn -0.8201 -0.5248 -0.2279
vn -0.5740 -0.8188 -0.0097
vn -0.5672 -0.7956 -0.2130
vn -0.2658 -0.9637 0.0252
vn -0.2787 -0.9381 -0.2058
vn -0.0326 -0.9987 0.0383
vn -0.0640 -0.9765 -0.2057
vn -0.2571 -0.6648 -0.7014
vn -0.1709 -0.2213 -0.9601
vn -0.4505 -0.5837 -0.6755
vn -0.2246 -0.2069 -0.9522
vn -0.1343 -0.0704 -0.9884
vn -0.1336 -0.0764 -0.9881
vn -0.3103 -0.1684 -0.9356
vn -0.1599 -0.0535 -0.9857
vn -0.3914 -0.0888 -0.9159
vn -0.3399 0.0073 -0.9404
vn -0.7416 0.1575 -0.6521
vn -0.7734 -0.1215 -0.6222
vn -0.6444 -0.4149 -0.6424
vn -0.9822 -0.1880 0.0048
vn 0.1301 -0.9805 0.1476
vn 0.1228 -0.9805 0.1535
vn 0.1783 -0.9757 0.1274
vn 0.1733 -0.9779 0.1170
vn 0.1687 -0.9796 0.1092
vn 0.1350 -0.9788 0.1543
vn 0.1314 -0.9707 0.2010
vn 0.1081 -0.9743 0.1977
vn 0.1364 -0.9624 0.2350
vn 0.1110 -0.9661 0.2331
vn 0.1394 -0.9672 0.2123
vn 0.1141 -0.9710 0.2100
vn 0.1159 -0.9850 0.1275
vn 0.1398 -0.9817 0.1293
vn 0.1401 -0.9901 -0.0000
vn 0.1167 -0.9932 -0.0000
vn 0.1159 -0.9850 -0.1275
vn 0.1398 -0.9817 -0.1293
vn 0.1394 -0.9672 -0.2123
vn 0.1141 -0.9710 -0.2100
vn 0.1110 -0.9661 -0.2331
vn 0.1364 -0.9624 -0.2350
vn 0.1314 -0.9707 -0.2010
vn 0.1081 -0.9743 -0.1977
vn 0.1350 -0.9788 -0.1543
vn 0.1228 -0.9805 -0.1535
vn 0.1687 -0.9796 -0.1091
vn 0.1733 -0.9779 -0.1170
vn 0.1783 -0.9757 -0.1274
vn 0.1301 -0.9805 -0.1476
vn 0.2654 -0.9609 -0.0783
vn 0.2667 -0.9589 -0.0971
vn 0.3249 -0.9448 -0.0427
vn 0.3274 -0.9431 -0.0581
vn 0.2646 -0.9628 -0.0553
vn 0.3213 -0.9464 -0.0335
vn 0.2905 -0.9559 -0.0436
vn 0.3108 -0.9501 -0.0266
vn 0.2262 -0.9731 -0.0440
vn 0.2313 -0.9727 -0.0195
vn 0.2165 -0.9703 0.1077
vn 0.2973 -0.9521 0.0712
vn 0.3328 -0.9416 0.0518
vn 0.3337 -0.9421 -0.0321
vn 0.1929 -0.7229 0.6635
vn 0.1879 -0.7875 0.5869
vn -0.0685 -0.1814 0.9810
vn -0.0253 -0.3032 0.9526
vn 0.1087 -0.7722 0.6260
vn -0.0395 -0.3062 0.9511
vn 0.0574 -0.7848 0.6171
vn -0.0355 -0.3270 0.9443
vn 0.1295 -0.9848 0.1161
vn 0.0256 -0.7982 0.6019
vn -0.0280 -0.3420 0.9393
vn 0.0688 -0.9915 0.1102
vn 0.1416 -0.9898 -0.0153
vn 0.0769 -0.9969 -0.0158
vn 0.1430 -0.9890 -0.0372
vn 0.0784 -0.9963 -0.0345
vn 0.0327 -0.9989 -0.0344
vn 0.0318 -0.9994 -0.0167
vn -0.0000 -0.9994 -0.0343
vn -0.0000 -0.9999 -0.0165
vn 0.0272 -0.9940 0.1056
vn -0.0000 -0.9943 0.1062
vn -0.0272 -0.9940 0.1056
vn -0.0318 -0.9994 -0.0167
vn -0.0327 -0.9989 -0.0344
vn -0.0688 -0.9915 0.1102
vn -0.0769 -0.9969 -0.0158
vn -0.0784 -0.9963 -0.0345
vn -0.1416 -0.9898 -0.0153
vn -0.1430 -0.9890 -0.0372
vn -0.1295 -0.9848 0.1161
vn -0.2165 -0.9703 0.1077
vn -0.2313 -0.9727 -0.0195
vn -0.2262 -0.9731 -0.0440
vn -0.3108 -0.9501 -0.0266
vn -0.2973 -0.9521 0.0712
vn -0.2905 -0.9559 -0.0436
vn -0.3328 -0.9416 0.0518
vn -0.3337 -0.9421 -0.0321
vn -0.3213 -0.9464 -0.0335
vn -0.3249 -0.9448 -0.0427
vn -0.3274 -0.9431 -0.0581
vn -0.1929 -0.7229 0.6635
vn -0.1879 -0.7875 0.5869
vn 0.0685 -0.1814 0.9810
vn 0.0253 -0.3032 0.9526
vn 0.0395 -0.3062 0.9511
vn -0.1087 -0.7722 0.6260
vn 0.0355 -0.3270 0.9443
vn -0.0574 -0.7848 0.6171
vn 0.0280 -0.3420 0.9393
vn -0.0256 -0.7982 0.6019
vn -0.0030 -0.8051 0.5931
vn 0.0244 -0.3493 0.9367
vn -0.0000 -0.3514 0.9362
vn -0.0000 -0.8046 0.5938
vn -0.0244 -0.3493 0.9367
vn 0.0030 -0.8051 0.5931
vn -0.0478 -0.1160 0.9921
vn -0.0340 -0.1177 0.9925
vn -0.0000 -0.1186 0.9929
vn -0.0690 -0.1126 0.9912
vn -0.0914 -0.1064 0.9901
vn -0.1068 -0.0965 0.9896
vn -0.1151 -0.0851 0.9897
vn -0.1579 0.0524 0.9861
vn -0.1275 -0.0700 0.9894
vn -0.1160 -0.0902 0.9891
vn -0.1439 -0.0667 0.9873
vn -0.1408 -0.1081 0.9841
vn -0.1691 0.0555 0.9840
vn -0.2261 0.5438 0.8082
vn -0.2545 0.5337 0.8065
vn -0.2470 0.9141 0.3215
vn -0.2419 0.5319 0.8115
vn -0.1682 0.0580 0.9840
vn -0.1205 0.5452 0.8296
vn -0.1399 0.0608 0.9883
vn -0.0387 0.9481 0.3155
vn -0.2287 0.9706 0.0745
vn -0.0082 0.9984 0.0565
vn 0.3280 0.9043 0.2733
vn 0.3599 0.9327 0.0222
vn 0.6270 0.7789 -0.0137
vn 0.6069 0.7661 0.2116
vn 0.1044 0.5455 0.8316
vn 0.3273 0.5047 0.7988
vn -0.0917 0.0637 0.9938
vn -0.0412 0.0633 0.9971
vn 0.4310 0.4668 0.7723
vn -0.0321 0.0666 0.9973
vn 0.7150 0.6781 0.1701
vn 0.5994 0.7830 0.1662
vn 0.3028 0.5469 0.7805
vn -0.1914 0.1161 0.9746
vn -0.2651 0.9292 0.2576
vn -0.2161 0.7287 0.6498
vn -0.6434 0.3174 0.6967
vn -0.8513 0.4603 0.2520
vn -0.2795 0.9559 0.0908
vn -0.8585 0.4967 0.1277
vn 0.5840 0.8117 -0.0114
vn 0.7238 0.6893 -0.0322
vn -0.9547 0.2707 0.1233
vn -0.9307 0.2486 0.2683
vn -0.9880 -0.1165 0.1017
vn -0.9588 -0.1186 0.2583
vn -0.8410 -0.5380 0.0568
vn -0.8201 -0.5248 0.2279
vn -0.5740 -0.8188 0.0097
vn -0.5672 -0.7956 0.2130
vn -0.2658 -0.9637 -0.0252
vn -0.2787 -0.9381 0.2058
vn -0.0326 -0.9987 -0.0383
vn -0.0640 -0.9765 0.2057
vn 0.0874 -0.9958 -0.0276
vn 0.0487 -0.9777 0.2041
vn 0.1218 -0.9925 -0.0129
vn 0.0724 -0.9695 0.2340
vn -0.1239 -0.4863 0.8650
vn -0.0818 -0.6665 0.7410
vn -0.1518 -0.1839 0.9712
vn -0.1473 -0.0719 0.9865
vn -0.1484 -0.2104 0.9663
vn -0.1305 -0.6745 0.7266
vn -0.1404 -0.0771 0.9871
vn -0.1709 -0.2213 0.9601
vn -0.1336 -0.0764 0.9881
vn -0.1343 -0.0704 0.9884
vn -0.2246 -0.2069 0.9522
vn -0.2571 -0.6648 0.7014
vn -0.4505 -0.5837 0.6755
vn -0.6444 -0.4149 0.6424
vn -0.3103 -0.1684 0.9356
vn -0.7734 -0.1215 0.6222
vn -0.3914 -0.0888 0.9159
vn -0.1599 -0.0535 0.9857
vn -0.3399 0.0073 0.9404
vn -0.7416 0.1575 0.6521
vn 0.0340 -0.1177 0.9925
vn 0.0478 -0.1160 0.9921
vn 0.0690 -0.1126 0.9912
vn 0.0911 0.1117 0.9896
vn 0.1210 0.0904 0.9885
vn 0.0914 -0.1064 0.9901
vn 0.1393 0.0678 0.9879
vn 0.1068 -0.0965 0.9896
vn 0.1482 0.0545 0.9875
vn 0.1151 -0.0851 0.9897
vn 0.1275 -0.0700 0.9894
vn 0.1579 0.0524 0.9861
vn 0.1160 -0.0902 0.9891
vn 0.1408 -0.1081 0.9841
vn 0.1439 -0.0667 0.9873
vn 0.1691 0.0555 0.9840
vn 0.2261 0.5438 0.8082
vn 0.2051 0.5626 0.8009
vn 0.2545 0.5337 0.8065
vn 0.1892 0.5958 0.7805
vn 0.1605 0.6360 0.7548
vn 0.1181 0.6687 0.7341
vn 0.2419 0.5319 0.8115
vn 0.2470 0.9141 0.3215
vn 0.1682 0.0580 0.9840
vn 0.1399 0.0608 0.9883
vn 0.1205 0.5452 0.8296
vn 0.0387 0.9481 0.3155
vn 0.2287 0.9706 0.0745
vn 0.0082 0.9984 0.0565
vn 0.2274 0.9467 -0.2283
vn -0.0215 0.9770 -0.2120
vn 0.0932 0.6256 -0.7746
vn 0.2702 0.5635 -0.7807
vn -0.0819 0.6499 -0.7556
vn -0.0333 0.2088 -0.9774
vn 0.1451 0.1881 -0.9714
vn -0.0889 0.2097 -0.9737
vn -0.2896 0.6076 -0.7395
vn -0.1367 0.2013 -0.9699
vn -0.3696 0.9030 -0.2191
vn -0.6173 0.7550 -0.2212
vn -0.4556 0.5344 -0.7120
vn -0.1803 0.1887 -0.9653
vn -0.0772 0.0550 -0.9955
vn -0.0831 0.0600 -0.9947
vn -0.0809 0.0680 -0.9944
vn -0.0288 -0.1010 -0.9945
vn -0.0688 -0.0933 -0.9933
vn 0.0394 -0.0992 -0.9943
vn -0.1871 0.1826 -0.9652
vn -0.0530 0.0617 -0.9967
vn 0.1476 -0.0773 -0.9860
vn 0.1692 0.1201 -0.9782
vn 0.2436 0.0023 -0.9699
vn -0.0104 0.2409 -0.9705
vn -0.5256 0.4874 -0.6973
vn -0.4044 0.5787 -0.7082
vn -0.7114 0.6683 -0.2173
vn -0.6006 0.7788 -0.1809
vn 0.2308 0.8167 -0.5289
vn 0.6102 0.4738 -0.6350
vn 0.2502 0.9646 -0.0838
vn 0.8672 0.4979 -0.0000
vn 0.9599 0.2786 -0.0326
vn 0.7570 0.2625 -0.5983
vn 0.9913 -0.1126 -0.0675
vn 0.8043 -0.0767 -0.5892
vn 0.6266 -0.4029 -0.6671
vn 0.8314 -0.5398 -0.1314
vn 0.5500 -0.8082 -0.2106
vn 0.3715 -0.5592 -0.7412
vn 0.1308 -0.6124 -0.7797
vn 0.2399 -0.9343 -0.2637
vn 0.0106 -0.9603 -0.2787
vn -0.0323 -0.6123 -0.7900
vn -0.0975 -0.6036 -0.7913
vn -0.0657 -0.0872 -0.9940
vn -0.1014 -0.9565 -0.2736
vn -0.0271 -0.9708 -0.2383
vn 0.0393 -0.6567 -0.7531
vn 0.0932 -0.1198 -0.9884
vn 0.1164 0.0526 -0.9918
vn -0.0542 0.0736 -0.9958
vn 0.7048 -0.0697 -0.7060
vn 0.7308 0.0801 -0.6779
vn 0.6592 -0.2610 -0.7052
vn 0.9377 -0.3015 -0.1724
vn 0.9744 -0.1654 -0.1523
vn 0.9892 -0.0560 -0.1358
vn 0.7315 0.3983 -0.5535
vn 0.9320 0.3439 -0.1147
vn 0.9257 0.3781 0.0117
vn 0.9968 -0.0797 0.0080
vn 0.9058 0.4208 0.0500
vn 0.9964 -0.0788 0.0310
vn 0.8957 0.4422 0.0480
vn 0.9967 -0.0749 0.0308
vn 0.8839 0.4663 0.0352
vn 0.9975 -0.0664 0.0229
vn 0.8732 0.4870 0.0178
vn 0.9983 -0.0570 0.0116
vn 0.8686 0.4955 -0.0000
vn 0.9986 -0.0527 -0.0000
vn 0.9983 -0.0570 -0.0116
vn 0.8732 0.4870 -0.0178
vn 0.8839 0.4663 -0.0352
vn 0.9975 -0.0664 -0.0229
vn 0.9772 -0.2120 -0.0118
vn 0.9768 -0.2142 -0.0052
vn 0.9766 -0.2149 -0.0000
vn 0.9261 -0.3771 0.0131
vn 0.9242 -0.3818 -0.0000
vn 0.9317 -0.3629 0.0181
vn 0.9781 -0.2074 -0.0169
vn 0.9967 -0.0749 -0.0308
vn 0.9389 -0.3439 0.0164
vn 0.9453 -0.3260 0.0130
vn 0.9798 -0.1994 -0.0164
vn 0.9964 -0.0788 -0.0310
vn 0.9500 -0.3109 0.0299
vn 0.9822 -0.1880 0.0048
vn 0.9968 -0.0797 -0.0080
vn 0.9377 -0.3015 0.1724
vn 0.9744 -0.1654 0.1523
vn 0.9892 -0.0560 0.1358
vn 0.7048 -0.0697 0.7060
vn 0.6592 -0.2610 0.7052
vn 0.7308 0.0801 0.6779
vn 0.1164 0.0526 0.9918
vn 0.0932 -0.1198 0.9884
vn 0.1451 0.1881 0.9714
vn 0.2702 0.5635 0.7807
vn 0.7315 0.3983 0.5535
vn 0.9320 0.3439 0.1147
vn 0.0932 0.6256 0.7746
vn 0.2274 0.9467 0.2283
vn -0.0333 0.2088 0.9774
vn -0.0889 0.2097 0.9737
vn -0.0819 0.6499 0.7556
vn -0.0215 0.9770 0.2120
vn -0.1367 0.2013 0.9699
vn -0.2896 0.6076 0.7395
vn -0.3696 0.9030 0.2191
vn -0.4556 0.5344 0.7120
vn -0.6173 0.7550 0.2212
vn -0.1803 0.1887 0.9653
vn -0.0772 0.0550 0.9955
vn -0.0831 0.0600 0.9947
vn -0.0809 0.0680 0.9944
vn -0.0288 -0.1010 0.9945
vn -0.0688 -0.0933 0.9933
vn 0.0394 -0.0992 0.9943
vn -0.1871 0.1826 0.9652
vn -0.0530 0.0617 0.9967
vn 0.1476 -0.0773 0.9860
vn 0.1692 0.1201 0.9782
vn 0.2436 0.0023 0.9699
vn -0.0104 0.2409 0.9705
vn -0.4044 0.5787 0.7082
vn -0.5256 0.4874 0.6973
vn -0.7114 0.6683 0.2173
vn -0.6006 0.7788 0.1809
vn 0.6102 0.4738 0.6350
vn 0.2308 0.8167 0.5289
vn 0.2502 0.9646 0.0838
vn 0.7570 0.2625 0.5983
vn 0.9599 0.2786 0.0326
vn 0.8043 -0.0767 0.5892
vn 0.9913 -0.1126 0.0675
vn 0.6266 -0.4029 0.6671
vn 0.8314 -0.5398 0.1314
vn 0.3715 -0.5592 0.7412
vn 0.5500 -0.8082 0.2106
vn 0.1308 -0.6124 0.7797
vn 0.2399 -0.9343 0.2637
vn -0.0323 -0.6123 0.7900
vn 0.0106 -0.9603 0.2787
vn -0.0657 -0.0872 0.9940
vn -0.0975 -0.6036 0.7913
vn -0.1014 -0.9565 0.2736
vn 0.0393 -0.6567 0.7531
vn -0.0271 -0.9708 0.2383
vn -0.0542 0.0736 0.9958
vn 0.3943 -0.7468 0.5356
vn 0.1932 -0.9126 0.3604
vn 0.6362 -0.7333 0.2400
vn 0.0896 -0.9652 0.2456
vn 0.6710 -0.7332 0.1101
vn 0.0969 -0.9819 0.1629
vn 0.6569 -0.7454 0.1131
vn 0.0881 -0.9784 0.1871
vn 0.6416 -0.7557 0.1313
vn 0.0779 -0.9725 0.2194
vn 0.6210 -0.7745 0.1208
vn 0.0632 -0.9780 0.1990
vn 0.6041 -0.7934 0.0746
vn 0.0504 -0.9914 0.1212
vn 0.5987 -0.8009 -0.0000
vn 0.0459 -0.9989 -0.0000
vn 0.0504 -0.9914 -0.1212
vn 0.6041 -0.7934 -0.0746
vn 0.9261 -0.3771 -0.0131
vn 0.0632 -0.9780 -0.1990
vn 0.6210 -0.7745 -0.1208
vn 0.9317 -0.3629 -0.0181
vn 0.6416 -0.7557 -0.1313
vn 0.9389 -0.3439 -0.0164
vn 0.0779 -0.9725 -0.2194
vn 0.0881 -0.9784 -0.1871
vn 0.6569 -0.7454 -0.1131
vn 0.9453 -0.3260 -0.0130
vn 0.6710 -0.7332 -0.1101
vn 0.9500 -0.3109 -0.0299
vn 0.0969 -0.9819 -0.1629
vn 0.0896 -0.9652 -0.2456
vn 0.6362 -0.7333 -0.2400
vn 0.3943 -0.7468 -0.5356
vn 0.1932 -0.9126 -0.3604
vn -0.0874 -0.9958 -0.0276
vn -0.1218 -0.9925 -0.0129
vn -0.0487 -0.9777 0.2041
vn -0.0724 -0.9695 0.2340
vn 0.0818 -0.6665 0.7410
vn 0.1239 -0.4863 0.8650
vn 0.1518 -0.1839 0.9712
vn 0.1473 -0.0719 0.9865
vn 0.1305 -0.6745 0.7266
vn 0.1484 -0.2104 0.9663
vn 0.1404 -0.0771 0.9871
vn 0.1709 -0.2213 0.9601
vn 0.1336 -0.0764 0.9881
vn 0.0917 0.0637 0.9938
vn 0.1343 -0.0704 0.9884
vn 0.0412 0.0633 0.9971
vn 0.2246 -0.2069 0.9522
vn 0.2571 -0.6648 0.7014
vn 0.4505 -0.5837 0.6755
vn 0.2787 -0.9381 0.2058
vn 0.5672 -0.7956 0.2130
vn 0.0640 -0.9765 0.2057
vn 0.0326 -0.9987 -0.0383
vn 0.2658 -0.9637 -0.0252
vn 0.5740 -0.8188 0.0097
vn 0.8410 -0.5380 0.0568
vn 0.8201 -0.5248 0.2279
vn 0.9880 -0.1165 0.1017
vn 0.9588 -0.1186 0.2583
vn 0.6444 -0.4149 0.6424
vn 0.7734 -0.1215 0.6222
vn 0.3914 -0.0888 0.9159
vn 0.3103 -0.1684 0.9356
vn 0.3399 0.0073 0.9404
vn 0.1599 -0.0535 0.9857
vn 0.1914 0.1161 0.9746
vn 0.0321 0.0666 0.9973
vn -0.4310 0.4668 0.7723
vn -0.3273 0.5047 0.7988
vn -0.3028 0.5469 0.7805
vn -0.7150 0.6781 0.1701
vn -0.6069 0.7661 0.2116
vn -0.5994 0.7830 0.1662
vn 0.2161 0.7288 0.6498
vn 0.2651 0.9292 0.2576
vn 0.6434 0.3174 0.6967
vn 0.8512 0.4603 0.2520
vn 0.8585 0.4967 0.1277
vn 0.2795 0.9559 0.0908
vn -0.5840 0.8117 -0.0114
vn -0.7238 0.6893 -0.0322
vn -0.6270 0.7789 -0.0137
vn -0.3599 0.9327 0.0222
vn -0.3280 0.9043 0.2733
vn -0.1044 0.5455 0.8316
vn 0.9547 0.2707 0.1233
vn 0.9307 0.2486 0.2683
vn 0.7416 0.1575 0.6521
vn 0.9822 -0.1880 -0.0048
vn -0.1301 -0.9805 -0.1476
vn -0.1228 -0.9805 -0.1535
vn -0.1783 -0.9757 -0.1274
vn -0.1733 -0.9779 -0.1170
vn -0.1687 -0.9796 -0.1092
vn -0.1350 -0.9788 -0.1543
vn -0.1314 -0.9707 -0.2010
vn -0.1081 -0.9743 -0.1977
vn -0.1364 -0.9624 -0.2350
vn -0.1110 -0.9661 -0.2331
vn -0.1394 -0.9672 -0.2123
vn -0.1141 -0.9710 -0.2100
vn -0.1159 -0.9850 -0.1275
vn -0.1398 -0.9817 -0.1293
vn -0.1401 -0.9901 -0.0000
vn -0.1167 -0.9932 -0.0000
vn -0.1159 -0.9850 0.1275
vn -0.1398 -0.9817 0.1293
vn -0.1394 -0.9672 0.2123
vn -0.1141 -0.9710 0.2100
vn -0.1364 -0.9624 0.2350
vn -0.1110 -0.9661 0.2331
vn -0.1314 -0.9707 0.2010
vn -0.1081 -0.9743 0.1977
vn -0.1350 -0.9788 0.1543
vn -0.1228 -0.9805 0.1535
vn -0.1687 -0.9796 0.1092
vn -0.1733 -0.9779 0.1170
vn -0.1783 -0.9757 0.1274
vn -0.1301 -0.9805 0.1476
vn -0.2654 -0.9609 0.0783
vn -0.2667 -0.9589 0.0971
vn -0.3249 -0.9448 0.0427
vn -0.3274 -0.9431 0.0581
vn -0.2646 -0.9628 0.0553
vn -0.3213 -0.9464 0.0335
vn -0.2905 -0.9559 0.0436
vn -0.3108 -0.9501 0.0266
vn -0.2262 -0.9731 0.0440
vn -0.2313 -0.9727 0.0195
vn -0.2165 -0.9703 -0.1077
vn -0.2973 -0.9521 -0.0712
vn -0.3327 -0.9416 -0.0518
vn -0.3337 -0.9421 0.0321
vn -0.1929 -0.7229 -0.6635
vn -0.1879 -0.7875 -0.5869
vn 0.0685 -0.1814 -0.9810
vn 0.0253 -0.3032 -0.9526
vn -0.1087 -0.7722 -0.6260
vn 0.0395 -0.3062 -0.9511
vn -0.0574 -0.7848 -0.6171
vn 0.0355 -0.3270 -0.9443
vn -0.1295 -0.9848 -0.1161
vn -0.0256 -0.7982 -0.6019
vn 0.0280 -0.3420 -0.9393
vn -0.0688 -0.9915 -0.1102
vn -0.1416 -0.9898 0.0153
vn -0.0769 -0.9969 0.0158
vn -0.1430 -0.9890 0.0372
vn -0.0784 -0.9963 0.0345
vn -0.0327 -0.9989 0.0344
vn -0.0318 -0.9994 0.0167
vn -0.0000 -0.9994 0.0343
vn -0.0000 -0.9999 0.0165
vn -0.0272 -0.9940 -0.1056
vn -0.0000 -0.9943 -0.1062
vn 0.0318 -0.9994 0.0167
vn 0.0327 -0.9989 0.0344
vn 0.0272 -0.9940 -0.1056
vn -0.0030 -0.8051 -0.5931
vn -0.0000 -0.8046 -0.5938
vn 0.0030 -0.8051 -0.5931
vn 0.0256 -0.7982 -0.6019
vn 0.0688 -0.9915 -0.1102
vn 0.0769 -0.9969 0.0158
vn -0.0244 -0.3493 -0.9367
vn -0.0000 -0.3514 -0.9362
vn 0.0574 -0.7848 -0.6171
vn 0.1295 -0.9848 -0.1161
vn 0.1087 -0.7722 -0.6260
vn 0.2165 -0.9703 -0.1077
vn 0.1879 -0.7875 -0.5869
vn 0.2973 -0.9521 -0.0712
vn 0.1929 -0.7229 -0.6635
vn 0.3328 -0.9416 -0.0518
vn 0.3108 -0.9501 0.0266
vn 0.3337 -0.9421 0.0321
vn 0.3274 -0.9431 0.0581
vn 0.3249 -0.9448 0.0427
vn 0.2667 -0.9589 0.0971
vn 0.2654 -0.9609 0.0783
vn 0.3213 -0.9464 0.0335
vn 0.2646 -0.9628 0.0553
vn 0.2905 -0.9559 0.0436
vn 0.2262 -0.9731 0.0440
vn 0.2313 -0.9727 0.0195
vn 0.1416 -0.9898 0.0153
vn 0.1430 -0.9890 0.0372
vn 0.0784 -0.9963 0.0345
vn -0.0340 -0.1177 -0.9925
vn -0.0000 -0.1186 -0.9929
vn 0.0340 -0.1177 -0.9925
vn 0.0244 -0.3493 -0.9367
vn 0.0478 -0.1160 -0.9921
vn 0.0690 -0.1126 -0.9912
vn 0.0914 -0.1064 -0.9901
vn 0.1068 -0.0965 -0.9896
vn 0.1151 -0.0851 -0.9897
vn 0.1579 0.0524 -0.9861
vn 0.1275 -0.0700 -0.9894
vn 0.1160 -0.0902 -0.9891
vn 0.1439 -0.0667 -0.9873
vn 0.1408 -0.1081 -0.9841
vn 0.1691 0.0555 -0.9840
vn 0.2261 0.5438 -0.8082
vn 0.2545 0.5337 -0.8065
vn 0.2470 0.9141 -0.3215
vn 0.2419 0.5319 -0.8115
vn 0.1682 0.0580 -0.9840
vn 0.1205 0.5452 -0.8296
vn 0.1399 0.0608 -0.9883
vn 0.0387 0.9481 -0.3155
vn 0.2287 0.9706 -0.0745
vn 0.0082 0.9984 -0.0565
vn -0.3280 0.9043 -0.2733
vn -0.3599 0.9327 -0.0222
vn -0.6270 0.7789 0.0137
vn -0.6069 0.7661 -0.2116
vn -0.1044 0.5455 -0.8316
vn -0.3273 0.5047 -0.7988
vn 0.0917 0.0637 -0.9938
vn 0.0412 0.0633 -0.9971
vn -0.4310 0.4668 -0.7723
vn 0.0321 0.0666 -0.9973
vn -0.7150 0.6781 -0.1701
vn -0.5994 0.7830 -0.1662
vn -0.3027 0.5469 -0.7805
vn 0.1914 0.1161 -0.9746
vn 0.2651 0.9292 -0.2576
vn 0.2161 0.7288 -0.6498
vn 0.6434 0.3174 -0.6967
vn 0.8513 0.4603 -0.2520
vn 0.2795 0.9559 -0.0908
vn 0.8585 0.4967 -0.1277
vn -0.5840 0.8117 0.0114
vn -0.7238 0.6893 0.0322
vn 0.9547 0.2707 -0.1233
vn 0.9307 0.2486 -0.2683
vn 0.9880 -0.1165 -0.1017
vn 0.9588 -0.1186 -0.2583
vn 0.8410 -0.5380 -0.0568
vn 0.8201 -0.5248 -0.2279
vn 0.5740 -0.8188 -0.0097
vn 0.5672 -0.7956 -0.2130
vn 0.2658 -0.9637 0.0252
vn 0.2787 -0.9381 -0.2058
vn 0.0326 -0.9987 0.0383
vn 0.0640 -0.9765 -0.2057
vn -0.0874 -0.9958 0.0276
vn -0.0487 -0.9777 -0.2041
vn -0.1218 -0.9925 0.0129
vn -0.0724 -0.9695 -0.2341
vn 0.1239 -0.4863 -0.8650
vn 0.0818 -0.6665 -0.7410
vn 0.1518 -0.1839 -0.9712
vn 0.1473 -0.0719 -0.9865
vn 0.1484 -0.2104 -0.9663
vn 0.1305 -0.6745 -0.7266
vn 0.1404 -0.0771 -0.9871
vn 0.1709 -0.2213 -0.9601
vn 0.1336 -0.0764 -0.9881
vn 0.1343 -0.0704 -0.9884
vn 0.2246 -0.2069 -0.9522
vn 0.2571 -0.6648 -0.7014
vn 0.4505 -0.5837 -0.6755
vn 0.6444 -0.4149 -0.6424
vn 0.3103 -0.1684 -0.9356
vn 0.7734 -0.1215 -0.6222
vn 0.3914 -0.0888 -0.9159
vn 0.1599 -0.0535 -0.9857
vn 0.3399 0.0073 -0.9404
vn 0.7416 0.1575 -0.6521
vn -0.2654 -0.9609 -0.0783
vn -0.2646 -0.9628 -0.0553
vn -0.2667 -0.9589 -0.0971
vn 0.9798 -0.1994 0.0164
vn 0.9781 -0.2073 0.0169
vn 0.9772 -0.2120 0.0118
vn 0.9768 -0.2142 0.0052
vn 0.9257 0.3781 -0.0117
vn 0.9058 0.4208 -0.0500
vn 0.8957 0.4422 -0.0480
vn -0.9798 -0.1994 -0.0164
vn -0.9781 -0.2074 -0.0169
vn -0.9772 -0.2120 -0.0118
vn -0.9768 -0.2142 -0.0052
vn -0.9257 0.3781 0.0117
vn -0.9058 0.4208 0.0500
vn -0.8957 0.4422 0.0480
vn 0.0300 0.9964 -0.0797
vn 0.0296 0.9977 -0.0613
vn 0.0587 0.9964 -0.0615
vn 0.0592 0.9950 -0.0804
vn 0.0895 0.9926 -0.0819
vn 0.0885 0.9942 -0.0617
vn -0.0300 0.9964 0.0797
vn -0.0296 0.9977 0.0613
vn -0.0587 0.9964 0.0615
vn -0.0592 0.9950 0.0804
vn -0.0895 0.9926 0.0819
vn -0.0885 0.9942 0.0617
vn 0.1794 -0.0014 0.9838
vn 0.7069 -0.0439 0.7060
vn 0.7191 -0.0601 0.6923
vn 0.1837 -0.0096 0.9829
vn -0.0206 0.0133 0.9997
vn -0.0245 0.0085 0.9997
vn -0.2233 0.0246 0.9745
vn -0.2294 0.0228 0.9731
vn -0.0367 -0.0019 0.9993
vn -0.2529 0.0187 0.9673
vn 0.1840 -0.0270 0.9825
vn -0.2795 0.0385 0.9594
vn -0.0484 0.0116 0.9988
vn 0.1900 -0.0204 0.9816
vn -0.0553 0.0762 0.9956
vn 0.1965 0.0394 0.9797
vn -0.2948 0.1077 0.9495
vn -0.7764 0.1504 0.6120
vn -0.7706 0.0826 0.6320
vn -0.7515 0.0551 0.6574
vn -0.9845 0.0941 0.1478
vn -0.9829 0.0673 0.1712
vn -0.9806 0.1456 0.1314
vn -0.7662 0.2269 0.6013
vn -0.9709 0.2019 0.1291
vn -0.2931 0.1884 0.9373
vn -0.2839 0.2220 0.9328
vn -0.7629 0.2603 0.5917
vn -0.9661 0.2257 0.1255
vn -0.9822 0.1849 -0.0316
vn -0.9781 0.2060 -0.0288
vn -0.9647 0.1722 -0.1994
vn -0.9607 0.1945 -0.1980
vn -0.9731 0.1206 -0.1962
vn -0.9902 0.1360 -0.0311
vn -0.9958 0.0902 -0.0184
vn -0.9797 0.0728 -0.1869
vn -0.9979 0.0644 -0.0030
vn -0.9824 0.0484 -0.1802
vn -0.7216 0.0404 -0.6912
vn -0.7300 -0.0178 -0.6832
vn -0.7283 -0.0298 -0.6847
vn -0.1753 -0.1179 -0.9774
vn -0.1773 -0.1100 -0.9780
vn -0.1643 -0.0638 -0.9843
vn -0.7054 0.1148 -0.6994
vn -0.1436 0.0165 -0.9895
vn -0.6755 0.1464 -0.7227
vn -0.1066 0.0495 -0.9931
vn 0.0985 -0.0207 -0.9949
vn 0.1033 0.0147 -0.9945
vn 0.2880 -0.0470 -0.9565
vn 0.2600 -0.0110 -0.9656
vn 0.7003 -0.0655 -0.7108
vn 0.7688 -0.1007 -0.6316
vn 0.7788 -0.1596 -0.6066
vn 0.3104 -0.1237 -0.9425
vn 0.0883 -0.0985 -0.9912
vn 0.9840 -0.1123 -0.1383
vn 0.9799 -0.1463 -0.1355
vn 0.9826 -0.0963 -0.1585
vn 0.9909 -0.1339 0.0089
vn 0.9944 -0.1057 0.0073
vn 0.9956 -0.0936 0.0017
vn 0.9843 -0.0891 0.1525
vn 0.9871 -0.0775 0.1404
vn 0.9800 -0.1210 0.1581
vn 0.9889 -0.1486 0.0031
vn 0.9750 -0.1637 -0.1501
vn 0.9766 -0.1401 0.1631
vn 0.9777 -0.1235 0.1698
vn 0.9915 -0.1301 -0.0048
vn 0.9743 -0.1437 -0.1735
vn 0.9803 -0.0895 0.1759
vn 0.9954 -0.0955 -0.0102
vn 0.9757 -0.1050 -0.1925
vn 0.9809 -0.0722 0.1808
vn 0.9969 -0.0779 -0.0110
vn 0.9767 -0.0850 -0.1971
vn 0.7257 -0.1188 -0.6777
vn 0.7161 -0.0933 -0.6917
vn 0.2293 -0.0979 -0.9684
vn 0.2142 -0.0743 -0.9739
vn 0.2566 -0.1460 -0.9554
vn 0.7432 -0.1685 -0.6475
vn 0.2898 -0.1669 -0.9424
vn 0.7643 -0.1917 -0.6157
vn 0.0667 -0.1458 -0.9871
vn 0.0458 -0.1297 -0.9905
vn 0.0292 -0.0862 -0.9958
vn -0.1794 -0.0733 -0.9810
vn 0.0204 -0.0650 -0.9977
vn -0.1861 -0.0549 -0.9810
vn -0.7235 -0.0186 -0.6901
vn -0.7331 -0.0118 -0.6800
vn -0.9834 0.0360 -0.1781
vn -0.9844 0.0300 -0.1733
vn -0.9988 0.0482 0.0079
vn -0.9991 0.0398 0.0127
vn -0.9802 0.0520 0.1911
vn -0.9788 0.0438 0.2000
vn -0.7322 0.0469 0.6795
vn -0.7267 0.0424 0.6857
vn 0.7252 -0.0916 0.6824
vn 0.7353 -0.0989 0.6705
vn 0.7468 -0.0553 0.6627
vn 0.7528 0.0052 0.6582
vn 0.1933 0.1169 0.9741
vn 0.7726 0.0253 0.6344
vn 0.1923 0.1500 0.9698
vn -0.0595 0.1551 0.9861
vn -0.0602 0.1885 0.9802
vn -0.1794 -0.0014 -0.9838
vn -0.7069 -0.0439 -0.7060
vn -0.7191 -0.0601 -0.6923
vn -0.1837 -0.0096 -0.9829
vn 0.0206 0.0133 -0.9997
vn 0.0245 0.0085 -0.9997
vn 0.2233 0.0246 -0.9745
vn 0.2294 0.0228 -0.9731
vn 0.0367 -0.0019 -0.9993
vn 0.2529 0.0187 -0.9673
vn -0.1840 -0.0270 -0.9825
vn 0.2795 0.0385 -0.9594
vn 0.0484 0.0116 -0.9988
vn -0.1900 -0.0204 -0.9816
vn 0.0553 0.0762 -0.9956
vn -0.1965 0.0394 -0.9797
vn 0.2948 0.1077 -0.9495
vn 0.7764 0.1504 -0.6120
vn 0.7706 0.0826 -0.6320
vn 0.7515 0.0551 -0.6574
vn 0.9845 0.0941 -0.1478
vn 0.9829 0.0673 -0.1712
vn 0.9806 0.1456 -0.1314
vn 0.7662 0.2269 -0.6013
vn 0.9709 0.2019 -0.1291
vn 0.2931 0.1884 -0.9373
vn 0.2839 0.2220 -0.9328
vn 0.7629 0.2603 -0.5917
vn 0.9661 0.2257 -0.1255
vn 0.9822 0.1849 0.0316
vn 0.9781 0.2060 0.0288
vn 0.9647 0.1722 0.1994
vn 0.9607 0.1945 0.1980
vn 0.9731 0.1206 0.1962
vn 0.9902 0.1360 0.0311
vn 0.9958 0.0902 0.0184
vn 0.9797 0.0728 0.1869
vn 0.9979 0.0644 0.0030
vn 0.9824 0.0484 0.1802
vn 0.7216 0.0404 0.6912
vn 0.7300 -0.0178 0.6832
vn 0.7283 -0.0298 0.6847
vn 0.1753 -0.1179 0.9774
vn 0.1773 -0.1100 0.9780
vn 0.1643 -0.0638 0.9843
vn 0.7054 0.1148 0.6994
vn 0.1436 0.0165 0.9895
vn 0.6755 0.1464 0.7227
vn 0.1066 0.0495 0.9931
vn -0.0985 -0.0207 0.9949
vn -0.1033 0.0147 0.9945
vn -0.2880 -0.0470 0.9565
vn -0.2600 -0.0110 0.9656
vn -0.7003 -0.0655 0.7108
vn -0.7688 -0.1007 0.6316
vn -0.7788 -0.1596 0.6066
vn -0.3104 -0.1237 0.9425
vn -0.0883 -0.0985 0.9912
vn -0.9840 -0.1123 0.1383
vn -0.9799 -0.1463 0.1355
vn -0.9826 -0.0963 0.1585
vn -0.9909 -0.1339 -0.0089
vn -0.9944 -0.1057 -0.0073
vn -0.9956 -0.0936 -0.0017
vn -0.9843 -0.0891 -0.1525
vn -0.9871 -0.0775 -0.1404
vn -0.9800 -0.1210 -0.1581
vn -0.9889 -0.1486 -0.0031
vn -0.9750 -0.1638 0.1501
vn -0.9766 -0.1401 -0.1631
vn -0.9777 -0.1235 -0.1698
vn -0.9915 -0.1301 0.0048
vn -0.9743 -0.1437 0.1735
vn -0.9803 -0.0895 -0.1759
vn -0.9954 -0.0955 0.0102
vn -0.9757 -0.1050 0.1925
vn -0.9809 -0.0722 -0.1808
vn -0.9969 -0.0779 0.0110
vn -0.9767 -0.0850 0.1970
vn -0.7257 -0.1188 0.6777
vn -0.7161 -0.0933 0.6917
vn -0.2293 -0.0979 0.9684
vn -0.2142 -0.0743 0.9739
vn -0.2566 -0.1460 0.9554
vn -0.7432 -0.1685 0.6475
vn -0.2898 -0.1669 0.9424
vn -0.7643 -0.1917 0.6157
vn -0.0667 -0.1458 0.9871
vn -0.0458 -0.1297 0.9905
vn -0.0292 -0.0862 0.9958
vn 0.1794 -0.0733 0.9810
vn -0.0204 -0.0650 0.9977
vn 0.1861 -0.0549 0.9810
vn 0.7235 -0.0186 0.6901
vn 0.7331 -0.0118 0.6801
vn 0.9834 0.0360 0.1781
vn 0.9844 0.0300 0.1733
vn 0.9988 0.0482 -0.0079
vn 0.9991 0.0398 -0.0127
vn 0.9802 0.0520 -0.1911
vn 0.9788 0.0438 -0.2000
vn 0.7322 0.0469 -0.6795
vn 0.7267 0.0424 -0.6857
vn -0.7252 -0.0916 -0.6824
vn -0.7353 -0.0989 -0.6705
vn -0.7468 -0.0553 -0.6627
vn -0.7528 0.0052 -0.6582
vn -0.1933 0.1169 -0.9741
vn -0.7726 0.0253 -0.6344
vn -0.1923 0.1500 -0.9698
vn 0.0595 0.1551 -0.9861
vn 0.0602 0.1885 -0.9802
vn 0.1794 -0.0014 -0.9838
vn 0.1837 -0.0096 -0.9829
vn 0.7191 -0.0601 -0.6923
vn 0.7069 -0.0439 -0.7060
vn -0.0206 0.0133 -0.9997
vn -0.0245 0.0085 -0.9997
vn -0.2233 0.0246 -0.9745
vn -0.2294 0.0228 -0.9731
vn -0.2529 0.0187 -0.9673
vn -0.0367 -0.0019 -0.9993
vn 0.1840 -0.0270 -0.9825
vn -0.2795 0.0385 -0.9594
vn -0.0484 0.0116 -0.9988
vn 0.1900 -0.0204 -0.9816
vn -0.0553 0.0762 -0.9956
vn 0.1965 0.0394 -0.9797
vn -0.2948 0.1077 -0.9495
vn -0.7706 0.0826 -0.6320
vn -0.7764 0.1504 -0.6120
vn -0.7515 0.0551 -0.6574
vn -0.9829 0.0673 -0.1712
vn -0.9845 0.0941 -0.1478
vn -0.9806 0.1456 -0.1314
vn -0.7662 0.2269 -0.6013
vn -0.9709 0.2019 -0.1291
vn -0.2931 0.1884 -0.9373
vn -0.2839 0.2220 -0.9328
vn -0.7629 0.2603 -0.5917
vn -0.9661 0.2257 -0.1255
vn -0.9822 0.1849 0.0316
vn -0.9781 0.2060 0.0288
vn -0.9647 0.1722 0.1994
vn -0.9607 0.1945 0.1979
vn -0.9731 0.1206 0.1962
vn -0.9902 0.1360 0.0311
vn -0.9958 0.0902 0.0184
vn -0.9797 0.0728 0.1869
vn -0.9979 0.0644 0.0030
vn -0.9824 0.0484 0.1802
vn -0.7300 -0.0178 0.6832
vn -0.7216 0.0404 0.6912
vn -0.7283 -0.0298 0.6847
vn -0.1773 -0.1100 0.9780
vn -0.1753 -0.1179 0.9774
vn -0.1643 -0.0638 0.9843
vn -0.7054 0.1148 0.6994
vn -0.1436 0.0165 0.9895
vn -0.6755 0.1464 0.7227
vn -0.1066 0.0495 0.9931
vn 0.0985 -0.0207 0.9949
vn 0.1033 0.0147 0.9945
vn 0.2880 -0.0470 0.9565
vn 0.2600 -0.0110 0.9656
vn 0.7688 -0.1007 0.6316
vn 0.7003 -0.0655 0.7108
vn 0.3104 -0.1237 0.9425
vn 0.7788 -0.1596 0.6066
vn 0.0883 -0.0985 0.9912
vn 0.9799 -0.1463 0.1355
vn 0.9840 -0.1123 0.1383
vn 0.9826 -0.0963 0.1585
vn 0.9909 -0.1339 -0.0089
vn 0.9944 -0.1057 -0.0073
vn 0.9956 -0.0936 -0.0017
vn 0.9843 -0.0891 -0.1525
vn 0.9871 -0.0775 -0.1404
vn 0.9800 -0.1210 -0.1581
vn 0.9889 -0.1486 -0.0031
vn 0.9750 -0.1638 0.1501
vn 0.9766 -0.1401 -0.1631
vn 0.9777 -0.1235 -0.1698
vn 0.9915 -0.1301 0.0048
vn 0.9743 -0.1437 0.1735
vn 0.9803 -0.0895 -0.1759
vn 0.9954 -0.0955 0.0102
vn 0.9757 -0.1050 0.1925
vn 0.9809 -0.0722 -0.1808
vn 0.9969 -0.0779 0.0110
vn 0.9767 -0.0850 0.1971
vn 0.7257 -0.1188 0.6777
vn 0.7161 -0.0933 0.6917
vn 0.2293 -0.0979 0.9684
vn 0.2142 -0.0743 0.9739
vn 0.2566 -0.1460 0.9554
vn 0.7432 -0.1685 0.6475
vn 0.2898 -0.1669 0.9424
vn 0.7643 -0.1917 0.6157
vn 0.0667 -0.1458 0.9871
vn 0.0458 -0.1297 0.9905
vn 0.0292 -0.0862 0.9958
vn -0.1794 -0.0733 0.9810
vn 0.0204 -0.0650 0.9977
vn -0.1861 -0.0549 0.9810
vn -0.7235 -0.0186 0.6901
vn -0.7331 -0.0118 0.6800
vn -0.9834 0.0360 0.1781
vn -0.9844 0.0300 0.1733
vn -0.9988 0.0482 -0.0079
vn -0.9991 0.0398 -0.0127
vn -0.9802 0.0520 -0.1911
vn -0.9788 0.0438 -0.2000
vn -0.7322 0.0469 -0.6795
vn -0.7267 0.0424 -0.6857
vn 0.7252 -0.0916 -0.6824
vn 0.7353 -0.0989 -0.6705
vn 0.7468 -0.0553 -0.6627
vn 0.1933 0.1169 -0.9741
vn 0.7528 0.0052 -0.6582
vn 0.1923 0.1500 -0.9698
vn 0.7726 0.0253 -0.6344
vn -0.0595 0.1551 -0.9861
vn -0.0602 0.1885 -0.9802
vn 0.6560 0.4827 -0.5802
vn 0.7065 0.3725 -0.6018
vn 0.8517 0.4422 -0.2812
vn 0.7817 0.5502 -0.2935
vn 0.2770 0.4822 -0.8311
vn 0.2436 0.2674 -0.9323
vn -0.2448 0.5614 -0.7905
vn -0.3691 0.1912 -0.9095
vn 0.4855 0.7393 -0.4666
vn 0.2520 0.8161 -0.5201
vn -0.0168 0.9316 -0.3631
vn -0.5625 0.6446 -0.5178
vn -0.7608 0.2088 -0.6145
vn -0.1363 0.9715 -0.1937
vn -0.1273 0.9911 -0.0383
vn -0.6826 0.7274 -0.0698
vn -0.9717 0.2327 -0.0415
vn -0.6048 0.6825 0.4103
vn -0.8009 0.2142 0.5591
vn -0.5012 0.6382 0.5844
vn -0.6170 0.2132 0.7576
vn -0.1700 0.9830 0.0700
vn -0.1980 0.9624 0.1860
vn -0.0375 0.9993 0.0054
vn -0.0195 0.9998 0.0007
vn -0.0037 1.0000 -0.0005
vn -0.0159 0.9999 -0.0012
vn -0.0210 0.9998 -0.0014
vn -0.0092 1.0000 -0.0002
vn -0.0020 1.0000 0.0001
vn -0.0984 0.9949 0.0217
vn -0.0078 1.0000 0.0031
vn -0.0002 1.0000 0.0016
vn -0.0018 0.9998 0.0190
vn 0.0059 0.9997 0.0258
vn 0.0121 0.9825 0.1861
vn -0.0066 0.9992 0.0386
vn -0.2011 0.9790 -0.0339
vn -0.0326 0.9982 0.0499
vn -0.0321 0.9523 0.3034
vn -0.1877 0.9449 0.2681
vn -0.7356 0.6435 -0.2115
vn -0.6275 0.6164 0.4756
vn -0.6552 0.7554 -0.0077
vn -0.9595 0.2711 -0.0761
vn -0.9231 0.2920 -0.2504
vn -0.7992 0.3533 0.4864
vn -0.1474 0.2487 0.9573
vn -0.0766 0.5983 0.7976
vn -0.0189 0.3091 0.9508
vn 0.0116 0.8815 0.4720
vn -0.5697 0.6644 0.4837
vn -0.8006 0.2161 0.5588
vn -0.3903 0.5508 0.7378
vn -0.5045 0.1540 0.8496
vn -0.0773 0.9492 0.3049
vn -0.1372 0.9714 0.1939
vn 0.0428 0.9981 -0.0435
vn -0.0109 0.9999 -0.0049
vn 0.1367 0.9770 -0.1639
vn -0.0013 0.9970 0.0770
vn -0.1845 0.9702 -0.1570
vn 0.1996 0.9466 -0.2531
vn 0.1661 0.9397 -0.2988
vn -0.3547 0.8868 -0.2963
vn 0.5466 0.7773 -0.3116
vn 0.5040 0.8342 -0.2240
vn 0.0919 0.9599 -0.2648
vn -0.4317 0.8530 -0.2934
vn -0.5473 0.6139 -0.5689
vn -0.7873 0.5373 -0.3025
vn -0.8090 0.5303 -0.2536
vn -0.6472 0.2860 -0.7067
vn -0.8992 0.3061 -0.3126
vn -0.9029 0.3694 -0.2195
vn -0.2626 0.3068 -0.9148
vn -0.2831 0.5472 -0.7877
vn -0.2011 0.3986 -0.8948
vn -0.2433 0.5845 -0.7740
vn -0.3045 0.8960 -0.3231
vn -0.2909 0.8861 -0.3609
vn -0.3045 0.9367 0.1728
vn -0.2692 0.9589 0.0900
vn -0.2457 0.9428 0.2252
vn -0.3957 0.7494 0.5308
vn -0.2947 0.8016 0.5201
vn -0.2241 0.8732 0.4328
vn -0.2576 0.5822 0.7712
vn -0.1927 0.6578 0.7281
vn -0.4625 0.4963 0.7347
vn -0.4597 0.3828 0.8013
vn -0.2315 0.4650 0.8545
vn -0.1763 0.5257 0.8322
vn -0.3015 0.6693 0.6790
vn -0.3218 0.5333 0.7823
vn -0.5432 0.6709 0.5049
vn -0.6302 0.5320 0.5656
vn -0.2268 0.9012 0.3694
vn -0.3271 0.8905 0.3161
vn -0.3813 0.9244 0.0031
vn -0.7223 0.6915 -0.0000
vn -0.8204 0.5718 -0.0000
vn -0.3367 0.8892 -0.3098
vn -0.5487 0.6658 -0.5056
vn -0.6336 0.5260 -0.5674
vn -0.3333 0.6358 -0.6962
vn -0.3416 0.4798 -0.8081
vn -0.2632 0.9004 -0.3465
vn -0.1998 0.9795 0.0266
vn -0.5945 0.2781 0.7545
vn -0.5757 0.4140 0.7051
vn -0.4602 0.1784 0.8697
vn -0.4297 0.3844 0.8171
vn -0.3567 0.7245 0.5898
vn -0.4330 0.7299 0.5289
vn -0.1654 0.8451 0.5084
vn -0.1754 0.9464 0.2713
vn -0.2794 0.4693 0.8377
vn -0.3384 0.1369 0.9310
vn -0.7565 0.5410 -0.3674
vn -0.8344 0.4082 -0.3703
vn -0.5552 0.5454 -0.6279
vn -0.6039 0.4198 -0.6775
vn -0.4440 0.8416 -0.3074
vn -0.3941 0.8016 -0.4496
vn 0.0036 0.8615 -0.5078
vn -0.0000 0.5697 -0.8218
vn -0.0000 0.4504 -0.8928
vn 0.4010 0.8035 -0.4400
vn 0.5564 0.5497 -0.6231
vn 0.6037 0.4244 -0.6749
vn 0.7490 0.5703 -0.3373
vn 0.8210 0.4489 -0.3528
vn 0.7788 0.5927 -0.2053
vn 0.8588 0.4736 -0.1954
vn 0.4686 0.8419 -0.2676
vn 0.0284 0.9715 -0.2354
vn -0.1640 -0.4361 0.8848
vn -0.0000 -0.4667 0.8844
vn -0.0000 0.0943 0.9955
vn -0.2860 0.1079 0.9521
vn -0.7213 0.0749 0.6886
vn -0.5621 -0.3670 0.7412
vn -0.7761 0.3607 0.5172
vn -0.3297 0.5377 0.7760
vn -0.0000 0.5695 0.8220
vn 0.1640 -0.4361 0.8848
vn 0.2860 0.1079 0.9521
vn 0.3297 0.5377 0.7760
vn -0.0000 -0.7401 0.6725
vn 0.0503 -0.7358 0.6753
vn -0.0503 -0.7358 0.6753
vn 0.5621 -0.3670 0.7412
vn 0.7213 0.0749 0.6886
vn 0.2600 -0.6993 0.6658
vn 0.5567 -0.6311 0.5401
vn 0.8248 -0.3241 0.4632
vn 0.9621 0.0092 0.2727
vn 0.9753 0.1267 0.1807
vn 0.7761 0.3607 0.5172
vn 0.9623 0.2524 0.1010
vn 0.7308 0.6100 0.3062
vn 0.2911 0.8509 0.4373
vn -0.0000 0.8984 0.4392
vn 0.1633 0.9806 -0.1088
vn -0.0000 0.9904 -0.1384
vn 0.5712 0.8159 -0.0891
vn -0.1633 0.9806 -0.1088
vn -0.2911 0.8509 0.4373
vn -0.0000 0.8861 -0.4635
vn -0.0501 0.8872 -0.4586
vn 0.0501 0.8872 -0.4586
vn -0.5712 0.8159 -0.0891
vn -0.7308 0.6100 0.3062
vn -0.2589 0.8660 -0.4278
vn -0.5582 0.7235 -0.4062
vn -0.8287 0.5406 -0.1452
vn -0.9623 0.2524 0.1010
vn -0.9753 0.1267 0.1807
vn -0.9621 0.0092 0.2727
vn -0.9981 0.0348 0.0499
vn -0.9931 -0.0483 0.1067
vn -0.9932 0.1165 -0.0086
vn -0.9999 0.0075 0.0109
vn -0.9936 -0.0845 0.0743
vn -0.9937 0.0986 -0.0536
vn -0.9136 0.3586 -0.1916
vn -0.8986 0.3655 -0.2429
vn -0.5501 0.7013 -0.4533
vn -0.5397 0.6942 -0.4762
vn -0.8930 0.3689 -0.2576
vn -0.5367 0.6918 -0.4830
vn -0.9930 0.0971 -0.0678
vn -0.9936 0.0845 -0.0743
vn -0.8986 0.3539 -0.2595
vn -0.5401 0.6860 -0.4875
vn -0.9132 0.3037 -0.2718
vn -0.9931 0.0483 -0.1067
vn -0.5511 0.6664 -0.5022
vn -0.5567 0.6311 -0.5401
vn -0.8248 0.3241 -0.4632
vn -0.9621 -0.0092 -0.2727
vn -0.9981 -0.0348 -0.0500
vn -0.9753 -0.1267 -0.1807
vn -0.9999 -0.0075 -0.0109
vn -0.9937 -0.0986 0.0536
vn -0.9932 -0.1165 0.0086
vn -0.9623 -0.2524 -0.1010
vn -0.9136 -0.3586 0.1916
vn -0.8986 -0.3655 0.2429
vn -0.8287 -0.5406 0.1452
vn -0.5582 -0.7235 0.4062
vn -0.5501 -0.7013 0.4533
vn -0.5397 -0.6942 0.4762
vn -0.8930 -0.3689 0.2576
vn -0.5367 -0.6918 0.4830
vn -0.9930 -0.0971 0.0678
vn -0.8986 -0.3539 0.2595
vn -0.5401 -0.6860 0.4875
vn -0.9132 -0.3037 0.2718
vn -0.5511 -0.6664 0.5022
vn -0.5567 -0.6311 0.5401
vn -0.8248 -0.3241 0.4632
vn -0.2600 -0.6993 0.6658
vn -0.1584 -0.7922 0.5894
vn -0.0344 -0.7999 0.5992
vn -0.0385 -0.8153 0.5777
vn -0.1758 -0.8037 0.5686
vn -0.1814 -0.8064 0.5629
vn -0.0409 -0.8193 0.5719
vn -0.1758 -0.8107 0.5584
vn -0.0385 -0.8233 0.5662
vn -0.0000 -0.8242 0.5663
vn -0.0000 -0.8157 0.5785
vn 0.0385 -0.8153 0.5777
vn 0.0409 -0.8193 0.5719
vn 0.0385 -0.8233 0.5662
vn 0.1814 -0.8064 0.5629
vn 0.1758 -0.8037 0.5686
vn 0.1758 -0.8107 0.5584
vn 0.5367 -0.6918 0.4830
vn 0.5401 -0.6860 0.4875
vn 0.5397 -0.6942 0.4762
vn 0.1586 -0.8262 0.5405
vn 0.5501 -0.7013 0.4533
vn 0.0344 -0.8381 0.5444
vn 0.0501 -0.8872 0.4586
vn 0.2589 -0.8660 0.4278
vn 0.5582 -0.7235 0.4062
vn 0.8986 -0.3655 0.2429
vn 0.9136 -0.3586 0.1916
vn 0.8287 -0.5406 0.1452
vn 0.9937 -0.0986 0.0536
vn 0.9932 -0.1165 0.0086
vn 0.9623 -0.2524 -0.1010
vn 0.9981 -0.0348 -0.0499
vn 0.9753 -0.1267 -0.1807
vn 0.9999 -0.0075 -0.0109
vn 0.9936 0.0845 -0.0743
vn 0.9931 0.0483 -0.1067
vn 0.9621 -0.0092 -0.2727
vn 0.9132 0.3037 -0.2718
vn 0.8986 0.3539 -0.2595
vn 0.8248 0.3241 -0.4632
vn 0.5567 0.6311 -0.5401
vn 0.5511 0.6664 -0.5022
vn 0.5401 0.6860 -0.4875
vn 0.5367 0.6918 -0.4830
vn 0.8930 0.3689 -0.2576
vn 0.9930 0.0971 -0.0678
vn 0.5397 0.6942 -0.4762
vn 0.8986 0.3655 -0.2429
vn 0.9937 0.0986 -0.0536
vn 0.9999 0.0075 0.0109
vn 0.9936 -0.0845 0.0743
vn 0.9930 -0.0971 0.0678
vn 0.8930 -0.3689 0.2576
vn 0.8986 -0.3539 0.2595
vn 0.9132 -0.3037 0.2718
vn 0.5511 -0.6664 0.5022
vn 0.9931 -0.0483 0.1067
vn 0.1584 -0.7922 0.5894
vn 0.0344 -0.7999 0.5992
vn -0.0000 -0.7999 0.6002
vn 0.9981 0.0348 0.0500
vn 0.9932 0.1165 -0.0086
vn 0.9136 0.3586 -0.1916
vn 0.8287 0.5406 -0.1452
vn 0.5501 0.7013 -0.4533
vn 0.5582 0.7235 -0.4062
vn 0.2589 0.8660 -0.4278
vn 0.1586 0.8262 -0.5405
vn 0.0344 0.8381 -0.5444
vn 0.0385 0.8233 -0.5662
vn 0.1758 0.8107 -0.5584
vn 0.1814 0.8064 -0.5629
vn 0.0409 0.8193 -0.5719
vn 0.0385 0.8153 -0.5777
vn 0.1758 0.8037 -0.5686
vn 0.1584 0.7922 -0.5894
vn 0.0344 0.7999 -0.5992
vn 0.2600 0.6993 -0.6658
vn 0.0503 0.7358 -0.6753
vn -0.0000 0.7999 -0.6002
vn -0.0000 0.7401 -0.6725
vn -0.0000 0.8157 -0.5785
vn -0.0385 0.8153 -0.5777
vn -0.0344 0.7999 -0.5992
vn -0.0503 0.7358 -0.6753
vn -0.1584 0.7922 -0.5894
vn -0.1758 0.8037 -0.5686
vn -0.2600 0.6993 -0.6658
vn -0.1814 0.8064 -0.5629
vn -0.0409 0.8193 -0.5719
vn -0.1758 0.8107 -0.5584
vn -0.0385 0.8233 -0.5662
vn -0.0000 0.8242 -0.5663
vn -0.0000 0.8391 -0.5440
vn -0.0344 0.8381 -0.5444
vn -0.1586 0.8262 -0.5405
vn -0.5621 0.3670 -0.7412
vn -0.1640 0.4361 -0.8848
vn -0.7213 -0.0749 -0.6886
vn -0.2860 -0.1079 -0.9521
vn -0.0000 0.4666 -0.8844
vn -0.0000 -0.0943 -0.9955
vn 0.1640 0.4361 -0.8848
vn 0.2860 -0.1079 -0.9521
vn 0.3297 -0.5377 -0.7760
vn -0.0000 -0.5695 -0.8220
vn -0.3297 -0.5377 -0.7760
vn 0.2911 -0.8509 -0.4373
vn -0.0000 -0.8984 -0.4392
vn -0.2911 -0.8509 -0.4373
vn -0.7761 -0.3607 -0.5172
vn -0.7308 -0.6100 -0.3062
vn -0.5712 -0.8159 0.0891
vn -0.1633 -0.9806 0.1088
vn -0.0501 -0.8872 0.4586
vn -0.2589 -0.8660 0.4278
vn -0.1586 -0.8262 0.5405
vn -0.0344 -0.8381 0.5444
vn -0.0000 -0.8391 0.5440
vn -0.0000 -0.8861 0.4635
vn -0.0000 -0.9904 0.1384
vn 0.1633 -0.9806 0.1088
vn 0.5712 -0.8159 0.0891
vn 0.7308 -0.6100 -0.3062
vn 0.7761 -0.3607 -0.5172
vn 0.7213 -0.0749 -0.6886
vn 0.5621 0.3670 -0.7412
vn -0.5402 -0.6860 0.4875
vn 0.9981 -0.0348 -0.0500
vn 0.5402 0.6860 -0.4875
vn -0.5402 0.6860 -0.4875
vn -0.9620 -0.0092 -0.2727
vn -0.9981 0.0348 0.0500
vn -0.2600 0.6993 -0.6659
vn -0.0000 0.4667 -0.8844
vn 0.1586 0.8262 -0.5406
vt 0.707343 0.320080
vt 0.707343 0.000000
vt 0.862086 0.000198
vt 0.862086 0.320278
vt 0.689089 0.437630
vt 0.685421 0.437630
vt 0.685421 0.435419
vt 0.689090 0.435419
vt 0.681754 0.437630
vt 0.681752 0.435419
vt 0.681752 0.426578
vt 0.685421 0.426579
vt 0.689090 0.426579
vt 0.760405 0.416688
vt 0.764067 0.416689
vt 0.764166 0.425389
vt 0.760504 0.425388
vt 0.767734 0.416671
vt 0.767833 0.425371
vt 0.767859 0.427539
vt 0.764194 0.427555
vt 0.760533 0.427556
vt 0.685421 0.407675
vt 0.689090 0.407675
vt 0.681752 0.407675
vt 0.681752 0.384778
vt 0.685421 0.384776
vt 0.689090 0.384778
vt 0.759937 0.375547
vt 0.763599 0.375546
vt 0.763855 0.398083
vt 0.760193 0.398083
vt 0.767266 0.375530
vt 0.767523 0.398066
vt 0.685423 0.364654
vt 0.689092 0.364661
vt 0.681754 0.364661
vt 0.681766 0.347400
vt 0.685435 0.347384
vt 0.689104 0.347400
vt 0.759902 0.337454
vt 0.763564 0.337437
vt 0.763422 0.355578
vt 0.759760 0.355585
vt 0.767231 0.337437
vt 0.767089 0.355567
vt 0.788519 0.838362
vt 0.785394 0.838557
vt 0.790690 0.819845
vt 0.793811 0.819670
vt 0.782241 0.838671
vt 0.787533 0.819980
vt 0.788033 0.796831
vt 0.791190 0.796670
vt 0.794311 0.796522
vt 0.785327 0.775541
vt 0.788455 0.775416
vt 0.782176 0.775726
vt 0.764215 0.320277
vt 0.767881 0.320293
vt 0.760552 0.320310
vt 0.198944 0.882969
vt 0.198953 0.866454
vt 0.214403 0.866094
vt 0.214457 0.882608
vt 0.198954 0.844185
vt 0.214366 0.843826
vt 0.232251 0.843409
vt 0.232551 0.865671
vt 0.233046 0.882174
vt 0.189847 0.883173
vt 0.189853 0.866664
vt 0.191681 0.866623
vt 0.191672 0.883137
vt 0.189854 0.844396
vt 0.191682 0.844354
vt 0.198953 0.821916
vt 0.214403 0.821556
vt 0.198944 0.805400
vt 0.214457 0.805038
vt 0.233046 0.804605
vt 0.232551 0.821133
vt 0.247459 0.864974
vt 0.248992 0.881049
vt 0.246620 0.843074
vt 0.258561 0.842796
vt 0.259564 0.862244
vt 0.262318 0.875458
vt 0.247459 0.821135
vt 0.248992 0.804988
vt 0.262318 0.809957
vt 0.259564 0.823301
vt 0.268645 0.856964
vt 0.273188 0.861953
vt 0.269717 0.842536
vt 0.277405 0.842356
vt 0.268645 0.828158
vt 0.273188 0.822956
vt 0.189853 0.822128
vt 0.191681 0.822085
vt 0.189847 0.805619
vt 0.191672 0.805570
vt 0.797832 0.342059
vt 0.811039 0.330290
vt 0.816118 0.334713
vt 0.811067 0.344258
vt 0.830471 0.325035
vt 0.830472 0.332925
vt 0.830472 0.344352
vt 0.791818 0.372324
vt 0.792570 0.355958
vt 0.808627 0.356771
vt 0.808279 0.372054
vt 0.830472 0.356581
vt 0.830472 0.371295
vt 0.758066 0.744781
vt 0.761216 0.744760
vt 0.761216 0.767040
vt 0.758067 0.767060
vt 0.764362 0.744739
vt 0.764362 0.767019
vt 0.764360 0.783536
vt 0.761215 0.783562
vt 0.758067 0.783577
vt 0.830471 0.414692
vt 0.830472 0.412838
vt 0.852665 0.411767
vt 0.852663 0.413622
vt 0.830472 0.405393
vt 0.852666 0.404322
vt 0.869124 0.403521
vt 0.869122 0.410966
vt 0.869115 0.412823
vt 0.844826 0.333330
vt 0.849878 0.342388
vt 0.849903 0.328418
vt 0.863110 0.338913
vt 0.852317 0.354666
vt 0.852666 0.369916
vt 0.868372 0.352306
vt 0.869124 0.368599
vt 0.830472 0.389610
vt 0.852666 0.388501
vt 0.869124 0.387635
vt 0.791825 0.416547
vt 0.791819 0.414691
vt 0.808279 0.413906
vt 0.808278 0.415761
vt 0.791818 0.407246
vt 0.808279 0.406461
vt 0.791818 0.391360
vt 0.808279 0.390639
vt 0.758064 0.705984
vt 0.756628 0.706003
vt 0.756716 0.699619
vt 0.758026 0.699082
vt 0.756157 0.705990
vt 0.756376 0.699086
vt 0.757772 0.697995
vt 0.758030 0.790478
vt 0.756719 0.789958
vt 0.756631 0.783576
vt 0.757775 0.791556
vt 0.756379 0.790483
vt 0.756160 0.783582
vt 0.764357 0.705943
vt 0.764315 0.699040
vt 0.765587 0.699560
vt 0.765713 0.705943
vt 0.188776 0.797587
vt 0.189703 0.798714
vt 0.189258 0.799247
vt 0.188371 0.798678
vt 0.189298 0.805631
vt 0.765716 0.783516
vt 0.765590 0.789899
vt 0.764318 0.790437
vt 0.189703 0.890064
vt 0.189258 0.889541
vt 0.189298 0.883165
vt 0.188776 0.891100
vt 0.188371 0.890028
vt 0.758065 0.722501
vt 0.756625 0.722511
vt 0.756625 0.744789
vt 0.756148 0.744786
vt 0.756148 0.722507
vt 0.756627 0.767067
vt 0.756150 0.767066
vt 0.784905 0.414883
vt 0.784901 0.407437
vt 0.784927 0.416740
vt 0.690723 0.435408
vt 0.690718 0.437618
vt 0.690724 0.426567
vt 0.758930 0.425196
vt 0.758830 0.416495
vt 0.758961 0.427367
vt 0.875990 0.410494
vt 0.875967 0.412354
vt 0.875994 0.403048
vt 0.784901 0.391521
vt 0.784901 0.372271
vt 0.690724 0.407669
vt 0.690724 0.384813
vt 0.758618 0.397896
vt 0.758362 0.375400
vt 0.875994 0.387132
vt 0.875994 0.367882
vt 0.785844 0.355374
vt 0.792439 0.340698
vt 0.690726 0.364797
vt 0.690738 0.347681
vt 0.758185 0.355541
vt 0.758318 0.337588
vt 0.875052 0.351076
vt 0.868456 0.337035
vt 0.808510 0.327917
vt 0.830448 0.321682
vt 0.791425 0.339619
vt 0.807948 0.326668
vt 0.830302 0.320278
vt 0.852657 0.324514
vt 0.852386 0.325803
vt 0.758948 0.320699
vt 0.189300 0.822131
vt 0.189300 0.844398
vt 0.765720 0.722451
vt 0.765721 0.744729
vt 0.764361 0.722460
vt 0.189300 0.866665
vt 0.765721 0.767008
vt 0.680123 0.435407
vt 0.680122 0.426567
vt 0.680129 0.437618
vt 0.191524 0.890045
vt 0.198795 0.889879
vt 0.191524 0.798648
vt 0.198795 0.798475
vt 0.769516 0.425171
vt 0.769537 0.427342
vt 0.769418 0.416470
vt 0.680122 0.407669
vt 0.680122 0.384813
vt 0.214338 0.889517
vt 0.233136 0.889079
vt 0.214338 0.798113
vt 0.233136 0.797675
vt 0.769207 0.397871
vt 0.768951 0.375376
vt 0.680124 0.364797
vt 0.680136 0.347680
vt 0.249591 0.887750
vt 0.263613 0.880805
vt 0.249591 0.798237
vt 0.263613 0.804528
vt 0.768773 0.355517
vt 0.768907 0.337564
vt 0.785852 0.819712
vt 0.786321 0.797001
vt 0.780595 0.837927
vt 0.275337 0.864407
vt 0.280393 0.842276
vt 0.275337 0.820381
vt 0.769537 0.320674
vt 0.780595 0.776282
vt 0.760919 0.697933
vt 0.761171 0.699041
vt 0.764065 0.697954
vt 0.761212 0.705958
vt 0.761175 0.790478
vt 0.764068 0.791514
vt 0.760922 0.791576
vt 0.761215 0.722480
vt 0.017226 0.034169
vt 0.023213 0.008979
vt 0.026877 0.008802
vt 0.021602 0.031195
vt 0.027429 0.006273
vt 0.836132 0.454654
vt 0.831467 0.455188
vt 0.833396 0.450416
vt 0.838053 0.449881
vt 0.664283 0.000539
vt 0.640561 0.023231
vt 0.635762 0.022578
vt 0.659616 0.000000
vt 0.838863 0.453421
vt 0.858352 0.442875
vt 0.859653 0.438003
vt 0.554635 0.024478
vt 0.558977 0.027552
vt 0.555682 0.030211
vt 0.558351 0.059283
vt 0.562518 0.062808
vt 0.655724 0.058143
vt 0.650825 0.057603
vt 0.565625 0.093297
vt 0.559339 0.065779
vt 0.570242 0.096873
vt 0.629530 0.090393
vt 0.624489 0.089859
vt 0.006442 0.103652
vt 0.013214 0.068596
vt 0.016607 0.071782
vt 0.011138 0.100135
vt 0.017551 0.065281
vt 0.020604 0.036969
vt 0.010225 0.106974
vt 0.004319 0.143072
vt 0.008733 0.139318
vt 0.647368 0.130686
vt 0.642279 0.130316
vt -0.000000 0.186388
vt 0.008226 0.147081
vt 0.004618 0.182139
vt 0.623369 0.171604
vt 0.618210 0.171391
vt 0.572441 0.175669
vt 0.568104 0.141168
vt 0.571771 0.137289
vt 0.576939 0.179871
vt 0.567575 0.133362
vt 0.566590 0.100108
vt 0.572869 0.183850
vt 0.571627 0.218997
vt 0.575702 0.222937
vt 0.644099 0.214917
vt 0.638929 0.214878
vt 0.572869 0.263372
vt 0.571628 0.227062
vt 0.576939 0.267417
vt 0.623370 0.258246
vt 0.618211 0.258382
vt 0.000002 0.273386
vt 0.000537 0.228323
vt 0.004855 0.232427
vt 0.004214 0.269156
vt 0.004855 0.224423
vt 0.004213 0.190264
vt 0.004620 0.277227
vt 0.004321 0.313098
vt 0.008228 0.309330
vt 0.647368 0.300016
vt 0.642279 0.300318
vt 0.006445 0.355202
vt 0.008736 0.317022
vt 0.010228 0.351573
vt 0.629530 0.340912
vt 0.624489 0.341379
vt 0.566593 0.346716
vt 0.567577 0.312469
vt 0.571774 0.308375
vt 0.570245 0.349997
vt 0.568106 0.304696
vt 0.572441 0.271528
vt 0.565628 0.353465
vt 0.559344 0.379553
vt 0.562522 0.382316
vt 0.655724 0.374598
vt 0.650825 0.375087
vt 0.555687 0.415904
vt 0.558356 0.385988
vt 0.558982 0.418602
vt 0.640561 0.410539
vt 0.635762 0.411151
vt 0.017231 0.423070
vt 0.013218 0.386354
vt 0.017555 0.389802
vt 0.020609 0.419993
vt 0.016610 0.383438
vt 0.011141 0.358275
vt 0.021606 0.425603
vt 0.862389 0.003794
vt 0.887000 0.000000
vt 0.884200 0.004065
vt 0.862086 0.007415
vt 0.664283 0.434498
vt 0.659616 0.435006
vt 0.874173 0.441667
vt 0.871919 0.442206
vt 0.874287 0.438003
vt 0.824746 0.445892
vt 0.829383 0.446469
vt 0.831467 0.450866
vt 0.826825 0.450283
vt 0.823954 0.449441
vt 0.803191 0.442427
vt 0.801707 0.438002
vt 0.821519 0.484862
vt 0.824469 0.485570
vt 0.829249 0.486188
vt 0.819569 0.525164
vt 0.822578 0.525652
vt 0.827448 0.526163
vt 0.866562 0.517534
vt 0.869235 0.477564
vt 0.871534 0.477174
vt 0.868865 0.517339
vt 0.865585 0.558408
vt 0.867888 0.558431
vt 0.826832 0.567110
vt 0.821935 0.566792
vt 0.866354 0.121372
vt 0.865798 0.080991
vt 0.889118 0.080200
vt 0.889822 0.122956
vt 0.864156 0.041891
vt 0.886966 0.039365
vt 0.099871 0.426234
vt 0.143803 0.427156
vt 0.143797 0.432930
vt 0.100250 0.431990
vt 0.057427 0.423135
vt 0.058153 0.428839
vt 0.187727 0.425759
vt 0.187336 0.431519
vt 0.865798 0.162167
vt 0.889118 0.166216
vt 0.230145 0.422201
vt 0.229407 0.427913
vt 0.864156 0.202417
vt 0.886966 0.208515
vt 0.866562 0.599287
vt 0.868865 0.599526
vt 0.869235 0.639266
vt 0.871534 0.639700
vt 0.871919 0.674630
vt 0.874173 0.675213
vt 0.862086 0.238088
vt 0.884200 0.245379
vt 0.887000 0.249985
vt 0.862389 0.241710
vt 0.874287 0.678881
vt 0.265922 0.424282
vt 0.266931 0.418661
vt 0.270325 0.421702
vt 0.274173 0.384943
vt 0.269848 0.388438
vt 0.231460 0.389875
vt 0.188121 0.391936
vt 0.232119 0.383474
vt 0.270802 0.382064
vt 0.188462 0.385473
vt 0.143730 0.392911
vt 0.143734 0.386427
vt 0.099331 0.392417
vt 0.098999 0.385957
vt 0.055970 0.390824
vt 0.055319 0.384430
vt 0.050563 0.360706
vt 0.527854 0.732527
vt 0.525874 0.689832
vt 0.549359 0.687696
vt 0.552029 0.732150
vt 0.049920 0.353796
vt 0.095894 0.356134
vt 0.096236 0.363136
vt 0.049953 0.316953
vt 0.143860 0.356800
vt 0.143855 0.363831
vt 0.528539 0.776540
vt 0.552916 0.778955
vt 0.191816 0.355616
vt 0.191465 0.362621
vt 0.527854 0.820891
vt 0.552029 0.826209
vt 0.237759 0.352780
vt 0.237107 0.359698
vt 0.525874 0.864460
vt 0.549359 0.871948
vt 0.277414 0.350128
vt 0.276492 0.356840
vt 0.281216 0.353716
vt 0.583484 0.378427
vt 0.608287 0.345317
vt 0.613240 0.345828
vt 0.588308 0.378950
vt 0.599432 0.414060
vt 0.604165 0.414702
vt 0.298626 0.353127
vt 0.303710 0.379229
vt 0.300348 0.381984
vt 0.294091 0.349648
vt 0.304648 0.385666
vt 0.308040 0.415591
vt 0.304772 0.418280
vt 0.803191 0.688209
vt 0.823954 0.684279
vt 0.824746 0.687928
vt 0.801707 0.692390
vt 0.309028 0.421254
vt 0.576939 0.437471
vt 0.581551 0.438002
vt 0.829383 0.687961
vt 0.826825 0.683854
vt 0.831467 0.683881
vt 0.821519 0.648577
vt 0.824469 0.648296
vt 0.799888 0.651545
vt 0.819569 0.608057
vt 0.822578 0.608004
vt 0.797308 0.609030
vt 0.344847 0.419696
vt 0.345571 0.425432
vt 0.387615 0.423470
vt 0.387985 0.429238
vt 0.432058 0.424784
vt 0.432024 0.430562
vt 0.796473 0.564938
vt 0.818907 0.566574
vt 0.476453 0.423583
vt 0.476016 0.429350
vt 0.797308 0.520938
vt 0.799888 0.478711
vt 0.827448 0.608124
vt 0.829249 0.648301
vt 0.519072 0.419917
vt 0.518285 0.425650
vt 0.554640 0.421565
vt 0.520067 0.387695
vt 0.476507 0.389769
vt 0.476886 0.383236
vt 0.520770 0.381227
vt 0.431693 0.383975
vt 0.431666 0.390532
vt 0.386455 0.383121
vt 0.386780 0.389655
vt 0.342441 0.381001
vt 0.343092 0.387471
vt 0.337934 0.356479
vt 0.384020 0.359583
vt 0.297711 0.346375
vt 0.337276 0.349527
vt 0.383676 0.352535
vt 0.295880 0.312125
vt 0.291533 0.308020
vt 0.337062 0.312721
vt 0.295377 0.304350
vt 0.336672 0.304995
vt 0.383556 0.306232
vt 0.383756 0.314051
vt 0.431924 0.306772
vt 0.431909 0.314631
vt 0.432384 0.353613
vt 0.432357 0.360689
vt 0.481033 0.352659
vt 0.480636 0.359705
vt 0.480011 0.314173
vt 0.527253 0.349767
vt 0.526544 0.356718
vt 0.526560 0.312961
vt 0.480240 0.306354
vt 0.526978 0.305236
vt 0.531781 0.272962
vt 0.483602 0.274224
vt 0.532096 0.264594
vt 0.483783 0.265653
vt 0.529358 0.227155
vt 0.432565 0.265971
vt 0.432554 0.274615
vt 0.381280 0.265523
vt 0.381439 0.274095
vt 0.332765 0.264341
vt 0.333060 0.272711
vt 0.291742 0.263016
vt 0.292150 0.271173
vt 0.287718 0.267051
vt 0.292012 0.226708
vt 0.287773 0.222572
vt 0.590046 0.304457
vt 0.613148 0.262897
vt 0.618209 0.263080
vt 0.595045 0.304803
vt 0.592554 0.219252
vt 0.597625 0.219259
vt 0.287715 0.271830
vt 0.283147 0.311590
vt 0.279260 0.307864
vt 0.283073 0.275721
vt 0.283481 0.267646
vt 0.286960 0.226774
vt 0.282659 0.230925
vt 0.287715 0.184832
vt 0.282659 0.222920
vt 0.283481 0.188754
vt 0.613149 0.175659
vt 0.618210 0.175490
vt 0.283072 0.180633
vt 0.283145 0.141564
vt 0.279258 0.145615
vt 0.590046 0.133962
vt 0.595045 0.133630
vt 0.291741 0.183494
vt 0.292012 0.218643
vt 0.287715 0.179505
vt 0.292148 0.175314
vt 0.295375 0.140822
vt 0.291531 0.136934
vt 0.297708 0.099768
vt 0.295878 0.133018
vt 0.294088 0.096523
vt 0.608287 0.093072
vt 0.613240 0.092575
vt 0.298623 0.092959
vt 0.303706 0.065455
vt 0.300344 0.062476
vt 0.583484 0.059791
vt 0.588308 0.059280
vt 0.281213 0.102166
vt 0.278746 0.137857
vt 0.277411 0.105529
vt 0.276489 0.098700
vt 0.274169 0.067185
vt 0.270798 0.070408
vt 0.270321 0.032800
vt 0.269844 0.063917
vt 0.266926 0.035637
vt 0.599432 0.024085
vt 0.604165 0.023453
vt 0.265917 0.029874
vt 0.264088 0.007677
vt 0.260420 0.007538
vt 0.576939 0.000522
vt 0.581551 -0.000000
vt 0.308035 0.029897
vt 0.304644 0.058962
vt 0.304767 0.027230
vt 0.309023 0.024166
vt 0.313892 0.002800
vt 0.310273 0.003090
vt 0.838863 0.684780
vt 0.838053 0.688332
vt 0.836132 0.684765
vt 0.833396 0.688331
vt 0.831467 0.684752
vt 0.841467 0.650061
vt 0.838654 0.650180
vt 0.833830 0.650089
vt 0.224500 0.002853
vt 0.259849 0.005016
vt 0.224922 0.005428
vt 0.184536 0.000665
vt 0.184763 0.003249
vt 0.835778 0.610905
vt 0.840704 0.610916
vt 0.143663 0.000000
vt 0.143673 0.002587
vt 0.836448 0.570644
vt 0.841405 0.570471
vt 0.843580 0.610582
vt 0.844300 0.569872
vt 0.843580 0.528916
vt 0.840704 0.529784
vt 0.835778 0.530157
vt 0.841467 0.488771
vt 0.838654 0.489864
vt 0.833830 0.490376
vt 0.062801 0.003727
vt 0.102784 0.001107
vt 0.102577 0.003694
vt 0.062399 0.006307
vt 0.501459 0.729678
vt 0.504276 0.687696
vt 0.525874 0.693607
vt 0.523629 0.733717
vt 0.500199 0.773261
vt 0.522556 0.774858
vt 0.058148 0.028012
vt 0.100245 0.024763
vt 0.099866 0.030691
vt 0.057422 0.033886
vt 0.143792 0.023469
vt 0.143798 0.029413
vt 0.187331 0.024292
vt 0.187722 0.030216
vt 0.500483 0.816982
vt 0.522708 0.816108
vt 0.229403 0.027086
vt 0.230140 0.032952
vt 0.502357 0.859379
vt 0.524053 0.856537
vt 0.504908 0.896256
vt 0.525874 0.892327
vt 0.231456 0.063263
vt 0.188116 0.061981
vt 0.232115 0.069788
vt 0.188458 0.068575
vt 0.143730 0.068215
vt 0.143725 0.061595
vt 0.098995 0.069059
vt 0.099327 0.062462
vt 0.055315 0.070744
vt 0.055966 0.064212
vt 0.050560 0.097800
vt 0.096233 0.095304
vt 0.049917 0.104846
vt 0.095891 0.102443
vt 0.143852 0.094237
vt 0.143857 0.101403
vt 0.191461 0.094789
vt 0.191813 0.101924
vt 0.237104 0.096791
vt 0.237756 0.103830
vt 0.237555 0.138305
vt 0.191280 0.137840
vt 0.237954 0.145982
vt 0.191490 0.145592
vt 0.143772 0.145545
vt 0.143770 0.137758
vt 0.096046 0.146108
vt 0.096251 0.138354
vt 0.049558 0.147001
vt 0.049951 0.139320
vt 0.045708 0.181190
vt 0.093627 0.180171
vt 0.045425 0.189472
vt 0.093474 0.188620
vt 0.047364 0.224356
vt 0.143888 0.179620
vt 0.143890 0.188132
vt 0.194138 0.179627
vt 0.194295 0.188075
vt 0.242023 0.180128
vt 0.242310 0.188407
vt 0.240177 0.223313
vt 0.192648 0.223709
vt 0.240177 0.231371
vt 0.192648 0.231854
vt 0.143788 0.232202
vt 0.143788 0.224020
vt 0.094919 0.232382
vt 0.094919 0.224237
vt 0.047364 0.232414
vt 0.045427 0.270087
vt 0.093476 0.270899
vt 0.045710 0.278314
vt 0.093629 0.279294
vt 0.143891 0.271006
vt 0.143890 0.279462
vt 0.194296 0.270354
vt 0.194139 0.278750
vt 0.242310 0.269022
vt 0.242024 0.277252
vt 0.237955 0.308332
vt 0.191492 0.309574
vt 0.237558 0.315938
vt 0.191282 0.317250
vt 0.278748 0.315562
vt 0.143772 0.317969
vt 0.143775 0.310262
vt 0.096253 0.317764
vt 0.096048 0.310091
vt 0.049560 0.309351
vt 0.861887 0.479245
vt 0.864679 0.521420
vt 0.476011 0.016886
vt 0.518280 0.020520
vt 0.519067 0.026331
vt 0.476448 0.022733
vt 0.476503 0.055629
vt 0.520063 0.057662
vt 0.520765 0.064193
vt 0.476881 0.062226
vt 0.431661 0.054804
vt 0.431689 0.061425
vt 0.432053 0.021476
vt 0.432353 0.086276
vt 0.480632 0.087314
vt 0.526541 0.090208
vt 0.481030 0.094425
vt 0.432381 0.093417
vt 0.527249 0.097221
vt 0.384016 0.087192
vt 0.383673 0.094302
vt 0.386451 0.062111
vt 0.337930 0.089969
vt 0.337273 0.096980
vt 0.342437 0.063967
vt 0.386776 0.055515
vt 0.343087 0.057437
vt 0.344842 0.026110
vt 0.387610 0.022620
vt 0.345565 0.020302
vt 0.387980 0.016775
vt 0.432019 0.015618
vt 0.865585 0.564962
vt 0.864679 0.608208
vt 0.861887 0.649520
vt 0.349498 -0.000000
vt 0.337060 0.132719
vt 0.383754 0.131678
vt 0.336670 0.140480
vt 0.383554 0.139534
vt 0.431907 0.131280
vt 0.431922 0.139177
vt 0.480009 0.131800
vt 0.480238 0.139657
vt 0.526557 0.132959
vt 0.526976 0.140721
vt 0.531780 0.174426
vt 0.483601 0.173278
vt 0.532096 0.182820
vt 0.483782 0.181876
vt 0.481532 0.218966
vt 0.529358 0.218994
vt 0.481532 0.227242
vt 0.432007 0.218913
vt 0.432007 0.227234
vt 0.432564 0.181507
vt 0.382428 0.218840
vt 0.382428 0.227116
vt 0.334448 0.218747
vt 0.334448 0.226908
vt 0.332763 0.182568
vt 0.381279 0.181746
vt 0.333058 0.174175
vt 0.381437 0.173149
vt 0.432552 0.172837
vt 0.698911 0.350105
vt 0.693284 0.349150
vt 0.695103 0.347384
vt 0.699207 0.347638
vt 0.703335 0.350884
vt 0.703407 0.348318
vt 0.698609 0.357902
vt 0.692705 0.356834
vt 0.703128 0.358711
vt 0.705509 0.351262
vt 0.705327 0.359095
vt 0.705572 0.348695
vt 0.706309 0.348805
vt 0.706248 0.351372
vt 0.706075 0.359207
vt 0.704984 0.375626
vt 0.705750 0.375738
vt 0.702729 0.375232
vt 0.702291 0.396166
vt 0.704617 0.396565
vt 0.705407 0.396654
vt 0.704475 0.416497
vt 0.705288 0.416524
vt 0.702082 0.416118
vt 0.703040 0.434078
vt 0.705486 0.434419
vt 0.706309 0.434355
vt 0.826834 0.718279
vt 0.824985 0.698313
vt 0.825745 0.698618
vt 0.827591 0.718450
vt 0.824335 0.718142
vt 0.822512 0.698122
vt 0.824459 0.744475
vt 0.826952 0.744538
vt 0.827705 0.744527
vt 0.824847 0.768659
vt 0.822397 0.768666
vt 0.825601 0.768486
vt 0.769537 0.422820
vt 0.770403 0.406574
vt 0.771176 0.406631
vt 0.770324 0.422981
vt 0.773549 0.406356
vt 0.772766 0.422751
vt 0.778468 0.405616
vt 0.777835 0.422003
vt 0.817271 0.768484
vt 0.819227 0.744310
vt 0.784901 0.404604
vt 0.784467 0.420953
vt 0.810554 0.768205
vt 0.812369 0.744092
vt 0.812215 0.717869
vt 0.819090 0.718005
vt 0.810554 0.697933
vt 0.817336 0.698008
vt 0.698003 0.433169
vt 0.697162 0.415219
vt 0.691426 0.431926
vt 0.690738 0.414013
vt 0.691265 0.394136
vt 0.697509 0.395293
vt 0.698095 0.374394
vt 0.692043 0.373290
vt 0.778482 0.387230
vt 0.784718 0.386416
vt 0.778236 0.366817
vt 0.784149 0.367142
vt 0.773468 0.368028
vt 0.773683 0.388020
vt 0.771363 0.388387
vt 0.771133 0.368787
vt 0.770609 0.388430
vt 0.770389 0.368942
vt 0.770799 0.348254
vt 0.773143 0.346979
vt 0.770066 0.348502
vt 0.769758 0.332325
vt 0.770443 0.332157
vt 0.772515 0.331438
vt 0.776431 0.329374
vt 0.778208 0.342988
vt 0.779871 0.325523
vt 0.780877 0.329722
vt 0.782916 0.331984
vt 0.783481 0.347324
vt 0.781772 0.325054
vt 0.782274 0.324855
vt 0.769537 0.422981
vt 0.776710 0.423509
vt 0.777336 0.423922
vt 0.776328 0.424143
vt 0.778341 0.423738
vt 0.778325 0.424332
vt 0.782087 0.323239
vt 0.781528 0.323547
vt 0.779702 0.423882
vt 0.779716 0.424552
vt 0.781316 0.423981
vt 0.781341 0.424655
vt 0.779744 0.436289
vt 0.781375 0.436354
vt 0.781356 0.437036
vt 0.779735 0.436969
vt 0.775763 0.436547
vt 0.778371 0.436966
vt 0.776738 0.437020
vt 0.664283 0.359141
vt 0.664465 0.351985
vt 0.666137 0.356824
vt 0.669910 0.373551
vt 0.664708 0.374361
vt 0.665333 0.393031
vt 0.671197 0.392472
vt 0.676033 0.393496
vt 0.674971 0.373608
vt 0.674552 0.358212
vt 0.670521 0.356310
vt 0.666614 0.354022
vt 0.674407 0.350960
vt 0.670687 0.350372
vt 0.667029 0.349550
vt 0.674330 0.348504
vt 0.670662 0.348104
vt 0.667012 0.347697
vt 0.676247 0.348700
vt 0.676352 0.351209
vt 0.676934 0.348748
vt 0.677046 0.351264
vt 0.676675 0.358829
vt 0.677398 0.358938
vt 0.677406 0.374773
vt 0.678181 0.374963
vt 0.678426 0.394173
vt 0.679207 0.394316
vt 0.679244 0.410950
vt 0.680030 0.411109
vt 0.676895 0.410595
vt 0.676942 0.424808
vt 0.679325 0.425174
vt 0.680122 0.425427
vt 0.678276 0.437462
vt 0.679082 0.437830
vt 0.675848 0.437024
vt 0.853878 0.778968
vt 0.854966 0.795443
vt 0.852513 0.795662
vt 0.851384 0.779074
vt 0.851713 0.795912
vt 0.850561 0.779149
vt 0.850599 0.760645
vt 0.851422 0.760766
vt 0.853919 0.760789
vt 0.851633 0.746082
vt 0.852441 0.746352
vt 0.854906 0.746473
vt 0.860013 0.746460
vt 0.859080 0.760706
vt 0.859033 0.778795
vt 0.866689 0.746376
vt 0.865827 0.760568
vt 0.865770 0.778589
vt 0.860046 0.795195
vt 0.866689 0.794933
vt 0.670835 0.436376
vt 0.672031 0.424205
vt 0.664283 0.435594
vt 0.665616 0.423453
vt 0.672068 0.409969
vt 0.665820 0.409405
vt 0.773987 0.775203
vt 0.773840 0.761312
vt 0.780335 0.760347
vt 0.780595 0.774208
vt 0.773823 0.744348
vt 0.780165 0.743423
vt 0.768877 0.762066
vt 0.768978 0.745058
vt 0.768937 0.776001
vt 0.773794 0.724648
vt 0.779954 0.723766
vt 0.769089 0.725318
vt 0.769132 0.708963
vt 0.773723 0.708316
vt 0.779735 0.707465
vt 0.773629 0.700513
vt 0.779359 0.699765
vt 0.773397 0.698038
vt 0.777563 0.697933
vt 0.769134 0.701133
vt 0.769131 0.698567
vt 0.766951 0.701440
vt 0.766956 0.698872
vt 0.766251 0.701537
vt 0.766259 0.698969
vt 0.766215 0.709374
vt 0.766923 0.709274
vt 0.766825 0.725644
vt 0.766100 0.725751
vt 0.765899 0.745554
vt 0.766646 0.745414
vt 0.766488 0.762475
vt 0.765721 0.762688
vt 0.765721 0.776793
vt 0.766504 0.776476
vt 0.202704 0.753856
vt 0.201920 0.736632
vt 0.202696 0.736551
vt 0.203478 0.753629
vt 0.208262 0.768189
vt 0.208929 0.767750
vt 0.200502 0.754469
vt 0.199715 0.736820
vt 0.206371 0.769429
vt 0.221952 0.779741
vt 0.222339 0.779091
vt 0.220883 0.781599
vt 0.240472 0.786588
vt 0.240392 0.784459
vt 0.240389 0.783718
vt 0.258091 0.779052
vt 0.259261 0.780860
vt 0.257718 0.778420
vt 0.269600 0.766747
vt 0.270210 0.767158
vt 0.272075 0.768313
vt 0.275722 0.770524
vt 0.261538 0.784325
vt 0.240653 0.790686
vt 0.279351 0.772704
vt 0.263810 0.787764
vt 0.240846 0.794776
vt 0.218832 0.785176
vt 0.216776 0.788746
vt 0.202721 0.771794
vt 0.199056 0.774131
vt 0.196262 0.755636
vt 0.192025 0.756794
vt 0.195474 0.737163
vt 0.191243 0.737498
vt 0.199779 0.716857
vt 0.195632 0.716867
vt 0.191498 0.716869
vt 0.199846 0.700501
vt 0.195771 0.700460
vt 0.191708 0.700412
vt 0.199881 0.692688
vt 0.195839 0.692646
vt 0.191809 0.692596
vt 0.199893 0.690127
vt 0.195861 0.690084
vt 0.191843 0.690034
vt 0.201992 0.690140
vt 0.201985 0.692701
vt 0.202731 0.690129
vt 0.202726 0.692689
vt 0.201967 0.700512
vt 0.202714 0.700500
vt 0.201937 0.716842
vt 0.202697 0.716820
vt 0.189746 0.692562
vt 0.189785 0.689999
vt 0.189077 0.692534
vt 0.189117 0.689972
vt 0.188954 0.700351
vt 0.189628 0.700378
vt 0.189381 0.716860
vt 0.188695 0.716840
vt 0.188371 0.737697
vt 0.189074 0.737660
vt 0.189851 0.757381
vt 0.189146 0.757560
vt 0.196567 0.775709
vt 0.197174 0.775326
vt 0.215724 0.790578
vt 0.215396 0.791177
vt 0.241031 0.797587
vt 0.240965 0.796890
vt 0.265000 0.789525
vt 0.265426 0.790101
vt 0.281217 0.773806
vt 0.281869 0.774160
vt 0.286646 0.756003
vt 0.287377 0.756157
vt 0.284548 0.755491
vt 0.283919 0.736580
vt 0.285996 0.736695
vt 0.286721 0.736716
vt 0.284370 0.716333
vt 0.285082 0.716306
vt 0.282337 0.716367
vt 0.281157 0.700223
vt 0.283167 0.700179
vt 0.283872 0.700149
vt 0.282621 0.692513
vt 0.283323 0.692485
vt 0.280621 0.692551
vt 0.280449 0.690035
vt 0.282446 0.689999
vt 0.283147 0.689972
vt 0.769594 0.324652
vt 0.769537 0.322137
vt 0.770190 0.322032
vt 0.770252 0.324539
vt 0.772084 0.321743
vt 0.772172 0.324197
vt 0.775741 0.321192
vt 0.775866 0.323456
vt 0.779393 0.320644
vt 0.779498 0.322494
vt 0.781353 0.322003
vt 0.781273 0.320365
vt 0.781900 0.320277
vt 0.781973 0.321888
vt 0.276775 0.692608
vt 0.276610 0.690088
vt 0.272941 0.692657
vt 0.272782 0.690134
vt 0.273436 0.700352
vt 0.277292 0.700291
vt 0.278423 0.716414
vt 0.274521 0.716454
vt 0.275937 0.736088
vt 0.279923 0.736339
vt 0.280512 0.754477
vt 0.276492 0.753451
vt 0.274390 0.752894
vt 0.273871 0.735940
vt 0.273697 0.752686
vt 0.273185 0.735870
vt 0.272499 0.716459
vt 0.271831 0.716442
vt 0.270785 0.700357
vt 0.271442 0.700369
vt 0.270959 0.692669
vt 0.270306 0.692655
vt 0.270153 0.690130
vt 0.270804 0.690144
vt 0.665177 0.349116
vt 0.665150 0.347476
vt 0.664592 0.348996
vt 0.664560 0.347384
vt 0.664560 0.350355
vt 0.665379 0.352928
vt 0.186195 0.513757
vt 0.157913 0.510598
vt 0.160874 0.456812
vt 0.188371 0.460468
vt 0.184726 0.569848
vt 0.155895 0.567876
vt 0.126402 0.565686
vt 0.129037 0.507074
vt 0.132867 0.452696
vt 0.155172 0.627775
vt 0.125456 0.627483
vt 0.184201 0.628045
vt 0.095090 0.627186
vt 0.096286 0.563320
vt 0.099608 0.503262
vt 0.064093 0.626895
vt 0.065571 0.560771
vt 0.069664 0.499166
vt 0.032441 0.626608
vt 0.034249 0.557932
vt 0.039219 0.494654
vt 0.000000 0.626288
vt 0.002236 0.554524
vt 0.008226 0.489378
vt 0.046321 0.438583
vt 0.075534 0.443570
vt 0.016760 0.432930
vt 0.104401 0.448255
vt 0.034249 0.695652
vt 0.002236 0.698478
vt 0.039219 0.759879
vt 0.008226 0.764694
vt 0.069664 0.755794
vt 0.065571 0.693344
vt 0.095844 0.725198
vt 0.097950 0.726871
vt 0.099608 0.752136
vt 0.080763 0.692326
vt 0.083119 0.704773
vt 0.088456 0.715998
vt 0.095305 0.654658
vt 0.093296 0.656677
vt 0.086587 0.667245
vt 0.082113 0.679453
vt 0.122107 0.736894
vt 0.128368 0.736811
vt 0.129037 0.748770
vt 0.104278 0.731811
vt 0.113015 0.735498
vt 0.157417 0.734371
vt 0.157913 0.745681
vt 0.131769 0.736763
vt 0.186195 0.742919
vt 0.185834 0.731813
vt 0.188371 0.796763
vt 0.160874 0.800166
vt 0.132867 0.803991
vt 0.104401 0.808127
vt 0.075534 0.812512
vt 0.046321 0.817212
vt 0.016760 0.822564
vt 0.101363 0.648617
vt 0.125493 0.640423
vt 0.119115 0.641045
vt 0.109964 0.643606
vt 0.128958 0.640088
vt 0.155197 0.639865
vt 0.184219 0.639778
vt -0.000000 0.843514
vt 0.027441 0.840132
vt 0.028124 0.866000
vt 0.000637 0.868759
vt 0.028515 0.892052
vt 0.000984 0.894204
vt 0.028641 0.918189
vt 0.001094 0.919737
vt 0.028515 0.944343
vt 0.000984 0.945279
vt 0.028124 0.970458
vt 0.000637 0.970760
vt 0.027441 0.996490
vt -0.000000 0.996097
vt 0.287715 0.457209
vt 0.314823 0.453687
vt 0.317169 0.508229
vt 0.289403 0.511171
vt 0.318725 0.566194
vt 0.290502 0.567883
vt 0.319270 0.626616
vt 0.290885 0.626570
vt 0.318725 0.687019
vt 0.290502 0.685242
vt 0.317169 0.744932
vt 0.289403 0.741912
vt 0.314823 0.799406
vt 0.287715 0.795820
vt 0.750058 0.965191
vt 0.722768 0.965314
vt 0.722074 0.938926
vt 0.749421 0.939478
vt 0.721682 0.912425
vt 0.749076 0.913609
vt 0.721556 0.885877
vt 0.748968 0.887681
vt 0.721682 0.859347
vt 0.749076 0.861767
vt 0.722074 0.832898
vt 0.749421 0.835943
vt 0.722768 0.806605
vt 0.750058 0.810314
vt 0.694257 0.829711
vt 0.694982 0.802692
vt 0.665984 0.826430
vt 0.666743 0.798676
vt 0.693828 0.856843
vt 0.665509 0.854274
vt 0.637247 0.823086
vt 0.638101 0.794645
vt 0.636687 0.851643
vt 0.608025 0.819651
vt 0.609106 0.790638
vt 0.607305 0.848921
vt 0.578255 0.815989
vt 0.579766 0.786546
vt 0.577271 0.846022
vt 0.607060 0.878384
vt 0.576940 0.876431
vt 0.607305 0.907877
vt 0.577271 0.906879
vt 0.636687 0.908987
vt 0.636496 0.880303
vt 0.665509 0.910127
vt 0.665350 0.882190
vt 0.693828 0.911270
vt 0.693687 0.884048
vt 0.694257 0.938461
vt 0.665984 0.938034
vt 0.694982 0.965581
vt 0.666743 0.965896
vt 0.638101 0.966175
vt 0.637247 0.937617
vt 0.609106 0.966387
vt 0.608025 0.937236
vt 0.579766 0.966650
vt 0.578255 0.937026
vt 0.433627 0.760275
vt 0.464032 0.765399
vt 0.456766 0.822879
vt 0.427647 0.817303
vt 0.437755 0.696131
vt 0.469069 0.699319
vt 0.403737 0.755904
vt 0.398862 0.812392
vt 0.407083 0.693491
vt 0.374355 0.751958
vt 0.370433 0.807790
vt 0.377023 0.691150
vt 0.345493 0.748302
vt 0.342406 0.803438
vt 0.347570 0.688999
vt 0.348302 0.626665
vt 0.377969 0.626715
vt 0.347570 0.564308
vt 0.377023 0.562252
vt 0.407083 0.560006
vt 0.408275 0.626765
vt 0.437755 0.557461
vt 0.439238 0.626814
vt 0.469069 0.554374
vt 0.470928 0.626868
vt 0.433627 0.493223
vt 0.464032 0.488186
vt 0.427647 0.436067
vt 0.456766 0.430562
vt 0.398862 0.440909
vt 0.403737 0.497509
vt 0.370433 0.445440
vt 0.374355 0.501370
vt 0.342406 0.449723
vt 0.345493 0.504942
vt 0.056108 0.970314
vt 0.084572 0.970272
vt 0.083836 0.997789
vt 0.055403 0.997092
vt 0.056533 0.943514
vt 0.085045 0.942771
vt 0.113526 0.970309
vt 0.112686 0.998487
vt 0.114093 0.942121
vt 0.143004 0.970489
vt 0.141906 0.999167
vt 0.143752 0.941638
vt 0.173100 0.971026
vt 0.171510 1.000000
vt 0.174147 0.941496
vt 0.144008 0.912611
vt 0.174502 0.911560
vt 0.143752 0.883555
vt 0.174148 0.881540
vt 0.114093 0.885625
vt 0.114288 0.913872
vt 0.085045 0.887745
vt 0.085205 0.915250
vt 0.056533 0.889893
vt 0.056674 0.916694
vt 0.056108 0.863175
vt 0.084572 0.860321
vt 0.055403 0.836616
vt 0.083836 0.833046
vt 0.112686 0.829498
vt 0.113526 0.857475
vt 0.141906 0.826021
vt 0.143004 0.854646
vt 0.171510 0.822564
vt 0.173100 0.851782
vt 0.840760 0.716209
vt 0.840988 0.729895
vt 0.832391 0.730676
vt 0.832179 0.717077
vt 0.840473 0.703316
vt 0.831909 0.704265
vt 0.840194 0.693740
vt 0.831645 0.694747
vt 0.846900 0.702546
vt 0.847200 0.715500
vt 0.846602 0.692949
vt 0.840016 0.689186
vt 0.846416 0.688435
vt 0.831467 0.690218
vt 0.698772 0.000658
vt 0.707343 0.001648
vt 0.706994 0.009812
vt 0.698384 0.008805
vt 0.692353 0.000000
vt 0.691928 0.008075
vt 0.848973 0.688332
vt 0.849369 0.692281
vt 0.689150 0.007884
vt 0.689772 0.000480
vt 0.743531 0.452184
vt 0.745643 0.438240
vt 0.749530 0.439016
vt 0.750355 0.446577
vt 0.751453 0.465770
vt 0.744472 0.470868
vt 0.691116 0.027026
vt 0.688285 0.026812
vt 0.735937 0.438123
vt 0.734072 0.452210
vt 0.722758 0.438083
vt 0.721244 0.452252
vt 0.708760 0.438049
vt 0.707627 0.452280
vt 0.694589 0.438020
vt 0.693849 0.452295
vt 0.680367 0.438002
vt 0.680028 0.452305
vt 0.666130 0.438002
vt 0.666194 0.452314
vt 0.651892 0.438022
vt 0.652359 0.452324
vt 0.637664 0.438058
vt 0.638532 0.452333
vt 0.623484 0.438107
vt 0.624745 0.452336
vt 0.609472 0.438159
vt 0.611114 0.452326
vt 0.596276 0.438217
vt 0.598268 0.452301
vt 0.586551 0.438347
vt 0.588788 0.452288
vt 0.846602 0.849340
vt 0.846900 0.839791
vt 0.849696 0.839545
vt 0.849369 0.849125
vt 0.847200 0.826824
vt 0.850008 0.826531
vt 0.840473 0.839859
vt 0.840760 0.826963
vt 0.840194 0.849358
vt 0.846416 0.853309
vt 0.840016 0.853321
vt 0.848973 0.852856
vt 0.831467 0.853271
vt 0.831645 0.849343
vt 0.831909 0.839914
vt 0.672875 0.009002
vt 0.664383 0.009967
vt 0.664283 0.001588
vt 0.672743 0.000635
vt 0.679260 0.008290
vt 0.679085 -0.000000
vt 0.673402 0.028229
vt 0.664838 0.029173
vt 0.674048 0.054672
vt 0.665395 0.055532
vt 0.679855 0.027509
vt 0.680569 0.054015
vt 0.681199 0.082718
vt 0.674617 0.083265
vt 0.665886 0.083983
vt 0.681661 0.112545
vt 0.675034 0.112935
vt 0.666246 0.113445
vt 0.675290 0.143241
vt 0.666465 0.143496
vt 0.675383 0.173756
vt 0.666545 0.173741
vt 0.681944 0.143045
vt 0.682047 0.173765
vt 0.675290 0.204266
vt 0.666465 0.203982
vt 0.681944 0.204481
vt 0.681661 0.234966
vt 0.675034 0.234559
vt 0.666246 0.234021
vt 0.674617 0.264210
vt 0.665886 0.263466
vt 0.674048 0.292777
vt 0.665395 0.291893
vt 0.681199 0.264773
vt 0.680569 0.293449
vt 0.673402 0.319193
vt 0.664838 0.318228
vt 0.679855 0.319927
vt 0.679260 0.339121
vt 0.672875 0.338397
vt 0.664383 0.337411
vt 0.672743 0.346735
vt 0.664283 0.345763
vt 0.563333 0.850780
vt 0.571845 0.850822
vt 0.571917 0.855105
vt 0.563407 0.855094
vt 0.679085 0.347384
vt 0.556941 0.850750
vt 0.557031 0.855049
vt 0.554441 0.854695
vt 0.554091 0.850780
vt 0.682164 0.339392
vt 0.681701 0.346930
vt 0.589413 0.772367
vt 0.587231 0.786229
vt 0.583324 0.785430
vt 0.582531 0.777906
vt 0.556659 0.841017
vt 0.553771 0.841038
vt 0.596956 0.786368
vt 0.598893 0.772366
vt 0.556363 0.827842
vt 0.553462 0.827821
vt 0.610152 0.786429
vt 0.611739 0.772345
vt 0.624164 0.786479
vt 0.625369 0.772333
vt 0.556127 0.813858
vt 0.553219 0.813790
vt 0.555962 0.799708
vt 0.553049 0.799594
vt 0.638345 0.786520
vt 0.639156 0.772329
vt 0.555865 0.785513
vt 0.552949 0.785353
vt 0.652572 0.786544
vt 0.652983 0.772325
vt 0.555833 0.771309
vt 0.552916 0.771103
vt 0.666811 0.786546
vt 0.666819 0.772318
vt 0.555865 0.757109
vt 0.552949 0.756857
vt 0.681048 0.786524
vt 0.680653 0.772307
vt 0.555962 0.742926
vt 0.553049 0.742630
vt 0.695269 0.786481
vt 0.694474 0.772291
vt 0.556127 0.728797
vt 0.553219 0.728455
vt 0.709440 0.786421
vt 0.708252 0.772277
vt 0.556363 0.714844
vt 0.553462 0.714456
vt 0.723438 0.786353
vt 0.721869 0.772271
vt 0.556659 0.701707
vt 0.553771 0.701280
vt 0.736617 0.786274
vt 0.734697 0.772275
vt 0.556941 0.692007
vt 0.554091 0.691578
vt 0.746323 0.786122
vt 0.744156 0.772263
vt 0.751001 0.777793
vt 0.750206 0.785318
vt 0.554441 0.687697
vt 0.557031 0.687696
vt 0.563333 0.692822
vt 0.563407 0.688491
vt 0.563073 0.702488
vt 0.571845 0.693901
vt 0.571602 0.703504
vt 0.571917 0.689601
vt 0.562793 0.715560
vt 0.571340 0.716489
vt 0.562568 0.729441
vt 0.571132 0.730280
vt 0.562412 0.743498
vt 0.570987 0.744246
vt 0.562321 0.757608
vt 0.570903 0.758266
vt 0.562290 0.771737
vt 0.570875 0.772303
vt 0.562321 0.785869
vt 0.570903 0.786343
vt 0.562412 0.799991
vt 0.570987 0.800373
vt 0.562568 0.814068
vt 0.571132 0.814357
vt 0.562793 0.827978
vt 0.571340 0.828175
vt 0.563073 0.841085
vt 0.571602 0.841193
vt 0.707343 0.343469
vt 0.698772 0.344391
vt 0.698384 0.335947
vt 0.706994 0.335016
vt 0.697645 0.316742
vt 0.706344 0.315841
vt 0.691928 0.336643
vt 0.691116 0.317443
vt 0.692353 0.345007
vt 0.689150 0.337002
vt 0.688285 0.317836
vt 0.689772 0.344587
vt 0.752025 0.758649
vt 0.745024 0.753631
vt 0.690142 0.290985
vt 0.687271 0.291347
vt 0.753302 0.732171
vt 0.746118 0.727941
vt 0.754499 0.703463
vt 0.747123 0.700123
vt 0.689268 0.262352
vt 0.686366 0.262655
vt 0.688621 0.232632
vt 0.685694 0.232871
vt 0.755400 0.673617
vt 0.747888 0.671331
vt 0.688216 0.202279
vt 0.685275 0.202444
vt 0.755965 0.643079
vt 0.748361 0.641943
vt 0.688065 0.171743
vt 0.685119 0.171828
vt 0.756148 0.612299
vt 0.748499 0.612335
vt 0.688216 0.141263
vt 0.685275 0.141267
vt 0.755844 0.581511
vt 0.748245 0.582718
vt 0.688621 0.111048
vt 0.685694 0.110981
vt 0.755160 0.550950
vt 0.747658 0.553309
vt 0.689268 0.081542
vt 0.686366 0.081413
vt 0.754143 0.521065
vt 0.746781 0.524481
vt 0.690142 0.053188
vt 0.687271 0.053003
vt 0.752834 0.492307
vt 0.745667 0.496614
vt 0.697645 0.027768
vt 0.696754 0.053877
vt 0.695955 0.082130
vt 0.705562 0.054801
vt 0.704861 0.082925
vt 0.706344 0.028763
vt 0.695363 0.111487
vt 0.704340 0.112085
vt 0.694993 0.141513
vt 0.704016 0.141864
vt 0.694854 0.171791
vt 0.703894 0.171876
vt 0.694993 0.202122
vt 0.704016 0.201936
vt 0.695363 0.232280
vt 0.704340 0.231836
vt 0.695955 0.261837
vt 0.704861 0.261181
vt 0.696754 0.290353
vt 0.705562 0.289546
vt 0.581477 0.758764
vt 0.588517 0.753736
vt 0.580147 0.732287
vt 0.587371 0.728048
vt 0.578882 0.703582
vt 0.586300 0.700231
vt 0.577898 0.673736
vt 0.585454 0.671440
vt 0.577235 0.643199
vt 0.584886 0.642053
vt 0.576939 0.612420
vt 0.584640 0.612445
vt 0.577115 0.581632
vt 0.584771 0.582828
vt 0.577659 0.551069
vt 0.585224 0.553418
vt 0.578526 0.521183
vt 0.585957 0.524589
vt 0.579678 0.492423
vt 0.586920 0.496720
vt 0.580905 0.465885
vt 0.587965 0.470973
vt 0.581884 0.446690
vt 0.682164 0.008007
vt 0.682821 0.027197
vt 0.683573 0.053733
vt 0.582648 0.439129
vt 0.681701 0.000452
vt 0.684232 0.082494
vt 0.684716 0.112386
vt 0.685012 0.142958
vt 0.685119 0.173760
vt 0.685012 0.204556
vt 0.684716 0.235115
vt 0.684232 0.264985
vt 0.683573 0.293719
vt 0.682821 0.320226
vt 0.832179 0.827108
vt 0.840988 0.813268
vt 0.832391 0.813507
vt 0.847440 0.813055
vt 0.847607 0.799122
vt 0.841147 0.799408
vt 0.832540 0.799739
vt 0.841241 0.785500
vt 0.832626 0.785923
vt 0.847706 0.785142
vt 0.847739 0.771150
vt 0.841272 0.771579
vt 0.832655 0.772092
vt 0.841241 0.757658
vt 0.832626 0.758261
vt 0.847706 0.757158
vt 0.847607 0.743181
vt 0.841147 0.743751
vt 0.832540 0.744444
vt 0.847440 0.729254
vt 0.850254 0.728642
vt 0.850426 0.742612
vt 0.850008 0.714845
vt 0.849696 0.701857
vt 0.850527 0.756633
vt 0.850561 0.770669
vt 0.850527 0.784707
vt 0.850426 0.798733
vt 0.850254 0.812714
vt 0.754132 0.429240
vt 0.756023 0.428717
vt 0.756957 0.432109
vt 0.755076 0.432648
vt 0.756999 0.428476
vt 0.757908 0.431823
vt 0.755155 0.421790
vt 0.754168 0.422018
vt 0.752274 0.422541
vt 0.750333 0.415553
vt 0.752216 0.414990
vt 0.753198 0.414739
vt 0.750388 0.423095
vt 0.748457 0.416148
vt 0.752246 0.429781
vt 0.747214 0.411335
vt 0.749067 0.410657
vt 0.750925 0.410002
vt 0.747834 0.403688
vt 0.749677 0.402978
vt 0.745995 0.404416
vt 0.746265 0.411714
vt 0.745050 0.404811
vt 0.747499 0.416495
vt 0.745956 0.411892
vt 0.744739 0.404979
vt 0.724432 0.340390
vt 0.725892 0.345692
vt 0.725587 0.345723
vt 0.724055 0.340415
vt 0.749427 0.423423
vt 0.723418 0.332980
vt 0.723823 0.332959
vt 0.751284 0.430086
vt 0.723418 0.325942
vt 0.723803 0.325931
vt 0.724708 0.325884
vt 0.724738 0.332922
vt 0.725283 0.340361
vt 0.727473 0.325765
vt 0.727488 0.332822
vt 0.727837 0.340290
vt 0.726591 0.345676
vt 0.728695 0.345666
vt 0.729604 0.353106
vt 0.727949 0.353074
vt 0.727403 0.353079
vt 0.728654 0.366176
vt 0.730112 0.366189
vt 0.728174 0.366184
vt 0.728521 0.379571
vt 0.728992 0.379555
vt 0.730422 0.379525
vt 0.729384 0.387416
vt 0.728914 0.387435
vt 0.730815 0.387365
vt 0.573929 0.554174
vt 0.573930 0.549710
vt 0.575263 0.550039
vt 0.575263 0.554503
vt 0.575745 0.550021
vt 0.575746 0.554485
vt 0.576038 0.549754
vt 0.576038 0.554218
vt 0.742427 0.378775
vt 0.744346 0.370264
vt 0.744664 0.370121
vt 0.742744 0.378628
vt 0.747717 0.365096
vt 0.748687 0.364793
vt 0.745634 0.369816
vt 0.743708 0.378303
vt 0.744298 0.391696
vt 0.743345 0.392062
vt 0.743030 0.392218
vt 0.745585 0.377715
vt 0.746151 0.391021
vt 0.747467 0.377144
vt 0.748008 0.390363
vt 0.748973 0.390046
vt 0.750635 0.402638
vt 0.748444 0.376872
vt 0.748785 0.376820
vt 0.749310 0.389979
vt 0.750971 0.402569
vt 0.751893 0.409698
vt 0.825476 0.801742
vt 0.826997 0.794279
vt 0.827379 0.794295
vt 0.825786 0.801746
vt 0.828455 0.788710
vt 0.828909 0.788743
vt 0.829062 0.781177
vt 0.829543 0.781218
vt 0.827567 0.788674
vt 0.828110 0.781135
vt 0.826261 0.794256
vt 0.829083 0.774170
vt 0.829543 0.774202
vt 0.828144 0.774118
vt 0.825342 0.781044
vt 0.825363 0.774011
vt 0.824995 0.788593
vt 0.828085 0.770655
vt 0.828957 0.770737
vt 0.825343 0.770508
vt 0.825347 0.769425
vt 0.828056 0.769641
vt 0.828800 0.769850
vt 0.829346 0.770733
vt 0.828989 0.769701
vt 0.758185 0.432878
vt 0.757265 0.433242
vt 0.828129 0.769273
vt 0.790015 0.417709
vt 0.790114 0.416908
vt 0.791106 0.417086
vt 0.791031 0.417841
vt 0.789922 0.420354
vt 0.790960 0.420462
vt 0.825395 0.768981
vt 0.819985 0.769223
vt 0.820025 0.768756
vt 0.790854 0.425679
vt 0.789808 0.425582
vt 0.814627 0.769112
vt 0.814658 0.768666
vt 0.790759 0.430922
vt 0.789721 0.430844
vt 0.787770 0.430749
vt 0.787855 0.425480
vt 0.787971 0.420247
vt 0.785849 0.430675
vt 0.785932 0.425413
vt 0.786050 0.420185
vt 0.788073 0.417594
vt 0.786153 0.417541
vt 0.788180 0.416779
vt 0.786259 0.416740
vt 0.785208 0.417588
vt 0.785308 0.416833
vt 0.785102 0.420206
vt 0.727570 0.320664
vt 0.727542 0.321135
vt 0.724840 0.321367
vt 0.724836 0.320974
vt 0.724108 0.321578
vt 0.723979 0.321410
vt 0.753190 0.433170
vt 0.753504 0.434301
vt 0.752529 0.434471
vt 0.752227 0.433424
vt 0.752234 0.434407
vt 0.751936 0.433543
vt 0.723619 0.322451
vt 0.723938 0.322475
vt 0.724782 0.322396
vt 0.727512 0.322235
vt 0.732885 0.322019
vt 0.732906 0.320897
vt 0.732861 0.325563
vt 0.738254 0.325377
vt 0.738262 0.321849
vt 0.738273 0.320750
vt 0.741005 0.321813
vt 0.741036 0.325297
vt 0.740982 0.320787
vt 0.741724 0.320945
vt 0.741875 0.321830
vt 0.741973 0.325278
vt 0.741892 0.332329
vt 0.740942 0.332358
vt 0.738174 0.332450
vt 0.741219 0.339946
vt 0.740334 0.339966
vt 0.737762 0.340031
vt 0.732828 0.332634
vt 0.732796 0.340160
vt 0.736879 0.345653
vt 0.732784 0.345658
vt 0.732823 0.353184
vt 0.736048 0.353266
vt 0.739001 0.345652
vt 0.737721 0.353310
vt 0.739734 0.345654
vt 0.738301 0.353327
vt 0.737273 0.366289
vt 0.737787 0.366298
vt 0.735796 0.366266
vt 0.735998 0.379422
vt 0.737447 0.379398
vt 0.737951 0.379391
vt 0.736391 0.387177
vt 0.737840 0.387130
vt 0.738344 0.387116
vt 0.736815 0.391306
vt 0.738264 0.391256
vt 0.738769 0.391241
vt 0.738609 0.394768
vt 0.739113 0.394753
vt 0.737160 0.394818
vt 0.737402 0.398314
vt 0.738851 0.398264
vt 0.739355 0.398249
vt 0.738993 0.402171
vt 0.739497 0.402156
vt 0.737544 0.402221
vt 0.737598 0.408677
vt 0.739048 0.408627
vt 0.739552 0.408612
vt 0.739036 0.418819
vt 0.739539 0.418802
vt 0.737586 0.418872
vt 0.737551 0.428499
vt 0.738992 0.428425
vt 0.739483 0.428396
vt 0.738952 0.433184
vt 0.737532 0.433315
vt 0.739407 0.433109
vt 0.739324 0.434332
vt 0.738938 0.434592
vt 0.737536 0.434821
vt 0.734763 0.434981
vt 0.734753 0.433446
vt 0.734763 0.428609
vt 0.731994 0.435021
vt 0.731978 0.433515
vt 0.731981 0.428700
vt 0.732010 0.419072
vt 0.734795 0.418973
vt 0.734807 0.408777
vt 0.732022 0.408877
vt 0.730580 0.419123
vt 0.730591 0.408931
vt 0.730558 0.428728
vt 0.730110 0.419141
vt 0.730120 0.408951
vt 0.730099 0.428733
vt 0.730573 0.433485
vt 0.730144 0.433442
vt 0.730602 0.434892
vt 0.730229 0.434659
vt 0.745068 0.323168
vt 0.744795 0.323349
vt 0.744534 0.322196
vt 0.744721 0.321871
vt 0.746297 0.327662
vt 0.745991 0.327813
vt 0.747253 0.327340
vt 0.745999 0.322800
vt 0.745618 0.321420
vt 0.747873 0.322233
vt 0.747482 0.320829
vt 0.749137 0.326791
vt 0.751031 0.326276
vt 0.749766 0.321739
vt 0.749379 0.320360
vt 0.750750 0.321567
vt 0.752013 0.326052
vt 0.750378 0.320278
vt 0.750704 0.320458
vt 0.751075 0.321580
vt 0.752349 0.326022
vt 0.754505 0.335158
vt 0.754846 0.335116
vt 0.753522 0.335403
vt 0.755922 0.345140
vt 0.756905 0.344892
vt 0.757248 0.344848
vt 0.757842 0.351213
vt 0.756858 0.351461
vt 0.758185 0.351169
vt 0.757729 0.355266
vt 0.757386 0.355310
vt 0.756402 0.355557
vt 0.754963 0.351985
vt 0.754507 0.356081
vt 0.754027 0.345664
vt 0.752137 0.346206
vt 0.753073 0.352527
vt 0.752617 0.356623
vt 0.752103 0.352830
vt 0.751168 0.346508
vt 0.751647 0.356926
vt 0.751784 0.352972
vt 0.750849 0.346651
vt 0.751328 0.357069
vt 0.750161 0.360876
vt 0.751131 0.360573
vt 0.749842 0.361019
vt 0.575710 0.546383
vt 0.576003 0.546115
vt 0.753021 0.360031
vt 0.750577 0.364251
vt 0.754916 0.359507
vt 0.752472 0.363727
vt 0.747522 0.369268
vt 0.749415 0.368738
vt 0.750398 0.368487
vt 0.753456 0.363480
vt 0.750741 0.368443
vt 0.753799 0.363436
vt 0.756243 0.359216
vt 0.755900 0.359260
vt 0.826868 0.421337
vt 0.826843 0.425467
vt 0.826400 0.425710
vt 0.826425 0.421579
vt 0.343171 0.826239
vt 0.343422 0.823018
vt 0.343930 0.823040
vt 0.343678 0.826261
vt 0.828234 0.421003
vt 0.828209 0.425133
vt 0.341721 0.826207
vt 0.341972 0.822986
vt 0.341596 0.829935
vt 0.343046 0.829966
vt 0.343553 0.829989
vt 0.341608 0.836273
vt 0.343059 0.836305
vt 0.343567 0.836327
vt 0.343704 0.846429
vt 0.343198 0.846408
vt 0.341748 0.846380
vt 0.343844 0.855963
vt 0.343350 0.855956
vt 0.341908 0.855950
vt 0.339122 0.855912
vt 0.338958 0.846333
vt 0.338818 0.836225
vt 0.336343 0.855859
vt 0.336175 0.846289
vt 0.336036 0.836182
vt 0.336023 0.829844
vt 0.338806 0.829887
vt 0.338931 0.826159
vt 0.336148 0.826116
vt 0.334596 0.829828
vt 0.334721 0.826100
vt 0.334608 0.836166
vt 0.334141 0.836172
vt 0.334129 0.829834
vt 0.334254 0.826106
vt 0.336400 0.822895
vt 0.334973 0.822879
vt 0.834972 0.419899
vt 0.835145 0.416740
vt 0.835637 0.416817
vt 0.835464 0.419976
vt 0.833554 0.424185
vt 0.833579 0.420054
vt 0.834947 0.424029
vt 0.835439 0.424106
vt 0.833554 0.429225
vt 0.834948 0.429070
vt 0.835439 0.429147
vt 0.816737 0.826881
vt 0.816260 0.834127
vt 0.814833 0.834093
vt 0.815310 0.826847
vt 0.814366 0.834093
vt 0.814843 0.826847
vt 0.815543 0.814156
vt 0.815067 0.814155
vt 0.816998 0.814190
vt 0.816780 0.801496
vt 0.815129 0.801455
vt 0.814586 0.801453
vt 0.815962 0.793956
vt 0.813862 0.793902
vt 0.813168 0.793896
vt 0.815080 0.788304
vt 0.812531 0.788237
vt 0.811684 0.788226
vt 0.811922 0.780661
vt 0.811011 0.780650
vt 0.814667 0.780732
vt 0.814592 0.773696
vt 0.811833 0.773641
vt 0.810932 0.773639
vt 0.811878 0.770181
vt 0.814603 0.770194
vt 0.811038 0.770213
vt 0.811202 0.769336
vt 0.811930 0.769169
vt 0.819970 0.770326
vt 0.819974 0.773844
vt 0.820001 0.780884
vt 0.820034 0.788446
vt 0.824139 0.794192
vt 0.820047 0.794073
vt 0.823219 0.801680
vt 0.819996 0.801587
vt 0.822677 0.814354
vt 0.819834 0.814270
vt 0.819518 0.826960
vt 0.822307 0.827043
vt 0.824155 0.814398
vt 0.823757 0.827091
vt 0.824893 0.801728
vt 0.824671 0.814415
vt 0.824264 0.827116
vt 0.821830 0.834290
vt 0.823280 0.834340
vt 0.823787 0.834368
vt 0.828209 0.430173
vt 0.826843 0.430508
vt 0.826400 0.430750
vt 0.830877 0.429670
vt 0.830877 0.424630
vt 0.819041 0.834206
vt 0.830902 0.420499
vt 0.339182 0.822938
vt 0.811930 0.768799
vt 0.790729 0.433624
vt 0.791106 0.433679
vt 0.791069 0.434430
vt 0.790771 0.434536
vt 0.789710 0.433591
vt 0.789776 0.434579
vt 0.787839 0.434523
vt 0.787768 0.433512
vt 0.785920 0.434411
vt 0.785849 0.433422
vt 0.784905 0.433370
vt 0.784901 0.430667
vt 0.784973 0.434284
vt 0.741053 0.320391
vt 0.741909 0.320765
vt 0.738318 0.320277
vt 0.732943 0.320403
vt 0.784984 0.425423
vt 0.742258 0.321781
vt 0.712459 0.435281
vt 0.713451 0.435450
vt 0.713211 0.436330
vt 0.712218 0.436213
vt 0.742427 0.325259
vt 0.713335 0.432018
vt 0.714333 0.432218
vt 0.710560 0.434790
vt 0.710318 0.435738
vt 0.711433 0.431515
vt 0.709548 0.430964
vt 0.708682 0.434230
vt 0.708447 0.435164
vt 0.707754 0.433865
vt 0.708602 0.430623
vt 0.707540 0.434752
vt 0.707343 0.434474
vt 0.707499 0.433657
vt 0.810554 0.773646
vt 0.810725 0.770189
vt 0.810614 0.780666
vt 0.710385 0.423963
vt 0.711338 0.424297
vt 0.811314 0.788244
vt 0.712372 0.416640
vt 0.713329 0.416968
vt 0.715219 0.417514
vt 0.713227 0.424845
vt 0.715131 0.425352
vt 0.717123 0.418025
vt 0.714822 0.411219
vt 0.716713 0.411762
vt 0.718616 0.412278
vt 0.716244 0.403476
vt 0.718137 0.404016
vt 0.720038 0.404535
vt 0.719613 0.412510
vt 0.718124 0.418244
vt 0.721030 0.404780
vt 0.741667 0.339941
vt 0.740109 0.345659
vt 0.721383 0.404823
vt 0.719974 0.412531
vt 0.722661 0.391975
vt 0.721670 0.391729
vt 0.723012 0.392021
vt 0.723418 0.378905
vt 0.723065 0.378866
vt 0.722074 0.378622
vt 0.721378 0.370584
vt 0.721024 0.370547
vt 0.720032 0.370306
vt 0.718270 0.365612
vt 0.717916 0.365576
vt 0.716924 0.365335
vt 0.715430 0.361386
vt 0.714438 0.361144
vt 0.715784 0.361421
vt 0.714259 0.357498
vt 0.713905 0.357462
vt 0.712912 0.357221
vt 0.713408 0.353393
vt 0.712415 0.353152
vt 0.713761 0.353429
vt 0.714633 0.347148
vt 0.714279 0.347112
vt 0.713287 0.346871
vt 0.716578 0.337436
vt 0.715588 0.337192
vt 0.716929 0.337474
vt 0.719304 0.328417
vt 0.718966 0.328366
vt 0.717989 0.328100
vt 0.720163 0.323855
vt 0.720464 0.323954
vt 0.719215 0.323532
vt 0.719615 0.322061
vt 0.720524 0.322483
vt 0.720726 0.322770
vt 0.719828 0.321333
vt 0.720718 0.321863
vt 0.738985 0.435146
vt 0.739429 0.434583
vt 0.737571 0.435480
vt 0.754994 0.826647
vt 0.755998 0.826482
vt 0.755975 0.827757
vt 0.754982 0.827920
vt 0.717742 0.321483
vt 0.717961 0.320724
vt 0.753025 0.828082
vt 0.753032 0.826809
vt 0.715843 0.321011
vt 0.716050 0.320282
vt 0.751067 0.828180
vt 0.751068 0.826907
vt 0.753040 0.824179
vt 0.751074 0.824278
vt 0.755004 0.824017
vt 0.755008 0.821329
vt 0.753046 0.821486
vt 0.751082 0.821589
vt 0.753047 0.820019
vt 0.755004 0.819874
vt 0.751089 0.820134
vt 0.753043 0.819381
vt 0.754997 0.819253
vt 0.751088 0.819512
vt 0.750092 0.820148
vt 0.750102 0.819583
vt 0.750073 0.821571
vt 0.342090 0.862930
vt 0.342033 0.862252
vt 0.343431 0.862099
vt 0.343496 0.862673
vt 0.343813 0.861865
vt 0.343930 0.862137
vt 0.341994 0.860744
vt 0.343413 0.860691
vt 0.343869 0.860649
vt 0.339217 0.860727
vt 0.339264 0.862265
vt 0.336444 0.860653
vt 0.336495 0.862161
vt 0.335039 0.860554
vt 0.334922 0.855818
vt 0.335101 0.861963
vt 0.334725 0.861716
vt 0.334613 0.860497
vt 0.334466 0.855809
vt 0.334748 0.846270
vt 0.334282 0.846274
vt 0.710520 0.335690
vt 0.712929 0.326643
vt 0.713234 0.326771
vt 0.710829 0.335836
vt 0.708216 0.345362
vt 0.708525 0.345511
vt 0.714201 0.327046
vt 0.711795 0.336136
vt 0.709492 0.345815
vt 0.707343 0.351643
vt 0.707653 0.351791
vt 0.708620 0.352096
vt 0.707840 0.355712
vt 0.708150 0.355861
vt 0.709117 0.356165
vt 0.709366 0.359635
vt 0.709675 0.359784
vt 0.710643 0.360088
vt 0.835737 0.420272
vt 0.835712 0.424402
vt 0.712161 0.363975
vt 0.713129 0.364279
vt 0.835713 0.429443
vt 0.715270 0.368946
vt 0.716237 0.369250
vt 0.717002 0.377112
vt 0.714960 0.368797
vt 0.717311 0.377261
vt 0.718279 0.377565
vt 0.716908 0.390365
vt 0.717875 0.390670
vt 0.716599 0.390215
vt 0.714973 0.403009
vt 0.715279 0.403166
vt 0.713561 0.410725
vt 0.713860 0.410900
vt 0.712080 0.416447
vt 0.719769 0.391209
vt 0.720172 0.378104
vt 0.718130 0.369788
vt 0.715022 0.364817
vt 0.712536 0.360627
vt 0.711011 0.356703
vt 0.710514 0.352634
vt 0.711386 0.346353
vt 0.713688 0.336673
vt 0.716094 0.327573
vt 0.717332 0.322984
vt 0.715438 0.322481
vt 0.714466 0.322270
vt 0.714852 0.320905
vt 0.714168 0.322202
vt 0.714539 0.321048
vt 0.335132 0.862536
vt 0.334684 0.861985
vt 0.715020 0.320277
vt 0.750070 0.828148
vt 0.750058 0.826875
vt 0.336544 0.862839
vt 0.339318 0.862974
vt 0.750060 0.824247
vt 0.755997 0.819757
vt 0.756013 0.821177
vt 0.755981 0.819194
vt 0.730614 0.435447
vt 0.730177 0.434915
vt 0.732022 0.435679
vt 0.734795 0.435670
vt 0.756013 0.823852
vt 0.742367 0.332318
vt 0.716133 0.425563
vt 0.730153 0.395072
vt 0.730395 0.398568
vt 0.729924 0.398588
vt 0.729683 0.395092
vt 0.575227 0.546401
vt 0.731583 0.395019
vt 0.731825 0.398514
vt 0.731239 0.391507
vt 0.729809 0.391560
vt 0.730537 0.402475
vt 0.730066 0.402495
vt 0.731967 0.402422
vt 0.734752 0.402321
vt 0.734610 0.398414
vt 0.734368 0.394918
vt 0.734024 0.391406
vt 0.733600 0.387271
vt 0.733207 0.379473
vt 0.732951 0.366226
vt 0.748771 0.336773
vt 0.748455 0.336916
vt 0.749739 0.336468
vt 0.751628 0.335926
vt 0.755394 0.433804
vt 0.379650 0.894650
vt 0.377273 0.894716
vt 0.377294 0.892296
vt 0.379666 0.892218
vt 0.376071 0.894741
vt 0.376103 0.892358
vt 0.377281 0.899382
vt 0.376075 0.899392
vt 0.379661 0.899322
vt 0.377310 0.904032
vt 0.376108 0.904031
vt 0.379687 0.903978
vt 0.375744 0.903992
vt 0.375704 0.899359
vt 0.375707 0.894718
vt 0.403092 0.899004
vt 0.403059 0.903698
vt 0.402528 0.903702
vt 0.402549 0.898999
vt 0.403092 0.894310
vt 0.402561 0.894296
vt 0.401032 0.903703
vt 0.401044 0.898987
vt 0.401065 0.894271
vt 0.402561 0.891903
vt 0.403050 0.891942
vt 0.401089 0.891846
vt 0.401129 0.891042
vt 0.402578 0.891154
vt 0.402984 0.891297
vt 0.375760 0.892367
vt 0.375844 0.891712
vt 0.376153 0.891581
vt 0.377338 0.891458
vt 0.394936 0.844663
vt 0.394955 0.844231
vt 0.395306 0.844335
vt 0.395363 0.844720
vt 0.393675 0.844590
vt 0.393713 0.844130
vt 0.393668 0.846060
vt 0.394949 0.846119
vt 0.395411 0.846167
vt 0.395444 0.849049
vt 0.394972 0.849004
vt 0.393683 0.848952
vt 0.395452 0.851936
vt 0.394991 0.851897
vt 0.393709 0.851854
vt 0.391254 0.851787
vt 0.391224 0.848881
vt 0.391212 0.845987
vt 0.388814 0.851725
vt 0.388783 0.848822
vt 0.388772 0.845931
vt 0.391228 0.844512
vt 0.388793 0.844461
vt 0.391272 0.844043
vt 0.388839 0.844001
vt 0.387572 0.844468
vt 0.387623 0.844037
vt 0.387541 0.845923
vt 0.387170 0.845948
vt 0.387222 0.844505
vt 0.383394 0.890987
vt 0.383777 0.891278
vt 0.383635 0.891491
vt 0.383293 0.891378
vt 0.382050 0.892161
vt 0.382085 0.891324
vt 0.383278 0.892154
vt 0.383692 0.892142
vt 0.382043 0.894580
vt 0.383291 0.894536
vt 0.383740 0.894490
vt 0.383312 0.899187
vt 0.383772 0.899130
vt 0.382056 0.899246
vt 0.382080 0.903897
vt 0.383328 0.903826
vt 0.383777 0.903764
vt 0.383334 0.906172
vt 0.382106 0.906269
vt 0.383747 0.906092
vt 0.383695 0.906715
vt 0.383355 0.906878
vt 0.382148 0.907022
vt 0.379770 0.907127
vt 0.379722 0.906360
vt 0.377400 0.907157
vt 0.377350 0.906404
vt 0.376158 0.906375
vt 0.376214 0.907080
vt 0.375904 0.906936
vt 0.375815 0.906317
vt 0.402511 0.906095
vt 0.403001 0.906066
vt 0.402930 0.906711
vt 0.402523 0.906846
vt 0.401039 0.906129
vt 0.401073 0.906936
vt 0.398216 0.906948
vt 0.398174 0.906125
vt 0.398158 0.903687
vt 0.395365 0.906893
vt 0.395321 0.906086
vt 0.395298 0.903660
vt 0.398166 0.898965
vt 0.395304 0.898944
vt 0.398191 0.894243
vt 0.395331 0.894227
vt 0.398224 0.891807
vt 0.395371 0.891803
vt 0.395421 0.890999
vt 0.398272 0.890987
vt 0.393935 0.891838
vt 0.393994 0.891089
vt 0.393881 0.894231
vt 0.393434 0.894237
vt 0.393515 0.891870
vt 0.393618 0.891226
vt 0.394999 0.853380
vt 0.395425 0.853398
vt 0.395375 0.853803
vt 0.395024 0.853866
vt 0.393738 0.853359
vt 0.393784 0.853884
vt 0.391342 0.853836
vt 0.391291 0.853300
vt 0.388909 0.853755
vt 0.388856 0.853230
vt 0.387635 0.853185
vt 0.387582 0.851701
vt 0.387693 0.853672
vt 0.387376 0.853591
vt 0.387285 0.853182
vt 0.387211 0.851718
vt 0.387170 0.848830
vt 0.387547 0.848807
vt 0.388512 0.891805
vt 0.385684 0.891856
vt 0.385737 0.891054
vt 0.388562 0.890987
vt 0.391354 0.891789
vt 0.391396 0.890988
vt 0.388490 0.894243
vt 0.385656 0.894283
vt 0.391341 0.894216
vt 0.392817 0.891820
vt 0.392829 0.894216
vt 0.392836 0.891073
vt 0.393242 0.891210
vt 0.393309 0.891853
vt 0.393364 0.894223
vt 0.393394 0.898926
vt 0.392847 0.898926
vt 0.391350 0.898940
vt 0.393392 0.903629
vt 0.392858 0.903638
vt 0.391370 0.903666
vt 0.388519 0.903704
vt 0.388495 0.898973
vt 0.385685 0.903733
vt 0.385658 0.899007
vt 0.384219 0.899028
vt 0.384222 0.894317
vt 0.384251 0.903740
vt 0.383777 0.899039
vt 0.383787 0.894336
vt 0.383816 0.903742
vt 0.384307 0.906139
vt 0.383898 0.906115
vt 0.385728 0.906166
vt 0.385785 0.906978
vt 0.384372 0.906895
vt 0.384002 0.906762
vt 0.342712 0.903753
vt 0.342716 0.902279
vt 0.343136 0.902291
vt 0.343166 0.903750
vt 0.342735 0.901823
vt 0.343083 0.901898
vt 0.341458 0.902292
vt 0.341495 0.901802
vt 0.341433 0.903784
vt 0.342695 0.906658
vt 0.343159 0.906650
vt 0.341409 0.906696
vt 0.341393 0.909611
vt 0.342671 0.909564
vt 0.343126 0.909552
vt 0.342656 0.911045
vt 0.341397 0.911110
vt 0.343076 0.911018
vt 0.343017 0.911419
vt 0.342668 0.911512
vt 0.341427 0.911611
vt 0.338948 0.911200
vt 0.338984 0.911711
vt 0.338936 0.909694
vt 0.336493 0.909773
vt 0.336509 0.911272
vt 0.336548 0.911773
vt 0.335284 0.911289
vt 0.335255 0.909810
vt 0.335329 0.911756
vt 0.335010 0.911685
vt 0.334927 0.911288
vt 0.334877 0.909826
vt 0.335262 0.906904
vt 0.334877 0.906924
vt 0.336504 0.906859
vt 0.336533 0.903946
vt 0.335296 0.903999
vt 0.334917 0.904023
vt 0.335344 0.902524
vt 0.336570 0.902454
vt 0.334988 0.902561
vt 0.335075 0.902164
vt 0.335396 0.902066
vt 0.336616 0.901964
vt 0.339009 0.902362
vt 0.339052 0.901863
vt 0.338977 0.903861
vt 0.338949 0.906776
vt 0.393938 0.906782
vt 0.393885 0.906030
vt 0.393564 0.906640
vt 0.393465 0.905994
vt 0.393848 0.903636
vt 0.393401 0.903626
vt 0.393394 0.898931
vt 0.393848 0.898933
vt 0.375236 0.899343
vt 0.375224 0.894628
vt 0.375682 0.894665
vt 0.375704 0.899372
vt 0.375247 0.904057
vt 0.375704 0.904078
vt 0.373994 0.899261
vt 0.373991 0.894533
vt 0.374014 0.903990
vt 0.375256 0.906456
vt 0.374046 0.906422
vt 0.375676 0.906449
vt 0.375631 0.907091
vt 0.375291 0.907209
vt 0.374103 0.907232
vt 0.371771 0.907110
vt 0.371707 0.906284
vt 0.371666 0.903839
vt 0.369450 0.906922
vt 0.369384 0.906112
vt 0.369339 0.903678
vt 0.371643 0.899105
vt 0.369314 0.898949
vt 0.371643 0.894372
vt 0.369317 0.894222
vt 0.371673 0.891929
vt 0.374012 0.892102
vt 0.369350 0.891792
vt 0.369412 0.890987
vt 0.371733 0.891108
vt 0.374065 0.891297
vt 0.375223 0.892228
vt 0.375254 0.891477
vt 0.375594 0.891638
vt 0.375643 0.892289
vt 0.368190 0.891759
vt 0.368255 0.891010
vt 0.368148 0.894156
vt 0.367808 0.894140
vt 0.367869 0.891771
vt 0.367959 0.891129
vt 0.368142 0.898870
vt 0.367798 0.898845
vt 0.368170 0.903586
vt 0.367831 0.903553
vt 0.368224 0.905988
vt 0.367902 0.905931
vt 0.368293 0.906743
vt 0.367996 0.906583
vt 0.392861 0.906039
vt 0.393353 0.906003
vt 0.393289 0.906652
vt 0.392884 0.906795
vt 0.391397 0.906099
vt 0.391445 0.906911
vt 0.388611 0.906978
vt 0.388556 0.906149
vt 0.384263 0.891921
vt 0.383854 0.891965
vt 0.383955 0.891319
vt 0.384324 0.891173
vt 0.379708 0.891361
vt 0.983584 0.265798
vt 0.983602 0.256457
vt 0.984198 0.256459
vt 0.984168 0.265829
vt 0.984086 0.270573
vt 0.983529 0.270466
vt 0.985019 0.270608
vt 0.985109 0.265837
vt 0.985144 0.256455
vt 0.986033 0.256447
vt 0.986000 0.265817
vt 0.985911 0.270561
vt 0.986038 0.244326
vt 0.985149 0.244332
vt 0.984201 0.244338
vt 0.985144 0.232209
vt 0.984198 0.232216
vt 0.986033 0.232204
vt 0.986000 0.222833
vt 0.985109 0.222826
vt 0.984168 0.222845
vt 0.985019 0.218051
vt 0.985911 0.218086
vt 0.984086 0.218098
vt 0.984859 0.216262
vt 0.985757 0.216335
vt 0.983936 0.216347
vt 0.983529 0.218209
vt 0.983410 0.216589
vt 0.983584 0.222879
vt 0.983231 0.222898
vt 0.983217 0.218290
vt 0.983198 0.216916
vt 0.983135 0.215867
vt 0.982935 0.216590
vt 0.983647 0.215488
vt 0.829553 0.915084
vt 0.829581 0.916365
vt 0.829023 0.916262
vt 0.828990 0.914988
vt 0.942451 0.750787
vt 0.943589 0.751212
vt 0.943688 0.751917
vt 0.942576 0.751628
vt 0.940345 0.750569
vt 0.940476 0.751449
vt 0.829544 0.912633
vt 0.828979 0.912540
vt 0.829553 0.910129
vt 0.828990 0.910051
vt 0.938232 0.750585
vt 0.938365 0.751427
vt 0.829023 0.908646
vt 0.829581 0.908686
vt 0.937217 0.751607
vt 0.937079 0.750900
vt 0.936827 0.751914
vt 0.936639 0.751595
vt 0.936740 0.750561
vt 0.936268 0.751390
vt 0.829627 0.907985
vt 0.830683 0.907984
vt 0.830637 0.908705
vt 0.830612 0.910161
vt 0.831746 0.908004
vt 0.831706 0.908705
vt 0.831686 0.910148
vt 0.831681 0.912652
vt 0.830604 0.912671
vt 0.831686 0.915104
vt 0.830612 0.915124
vt 0.830637 0.916408
vt 0.831706 0.916384
vt 0.984565 0.215362
vt 0.985472 0.215476
vt 0.974893 0.734570
vt 0.975248 0.734961
vt 0.974816 0.735687
vt 0.974432 0.735434
vt 0.832297 0.915017
vt 0.832301 0.916291
vt 0.976375 0.734566
vt 0.976514 0.735430
vt 0.975391 0.735688
vt 0.975008 0.736018
vt 0.974189 0.737187
vt 0.974618 0.737310
vt 0.974940 0.737393
vt 0.974056 0.741933
vt 0.974518 0.741979
vt 0.974892 0.742000
vt 0.974483 0.751318
vt 0.974875 0.751321
vt 0.974006 0.751300
vt 0.973999 0.763416
vt 0.974479 0.763429
vt 0.974874 0.763430
vt 0.974006 0.775531
vt 0.974483 0.775540
vt 0.974875 0.775538
vt 0.974056 0.784896
vt 0.974518 0.784876
vt 0.974892 0.784857
vt 0.974618 0.789540
vt 0.974189 0.789635
vt 0.974940 0.789459
vt 0.975008 0.790828
vt 0.974816 0.791152
vt 0.974432 0.791376
vt 0.985757 0.272306
vt 0.984859 0.272392
vt 0.974893 0.792220
vt 0.975248 0.791859
vt 0.985472 0.273155
vt 0.984565 0.273281
vt 0.983936 0.272318
vt 0.983647 0.273167
vt 0.985692 0.439821
vt 0.986760 0.439814
vt 0.986760 0.441193
vt 0.985696 0.441208
vt 0.984624 0.439818
vt 0.984632 0.441197
vt 0.983135 0.272794
vt 0.983410 0.272082
vt 0.987349 0.439798
vt 0.987338 0.441155
vt 0.942471 0.808295
vt 0.942595 0.807424
vt 0.943707 0.807247
vt 0.943608 0.807982
vt 0.982935 0.272073
vt 0.983198 0.271754
vt 0.983217 0.270382
vt 0.983231 0.265777
vt 0.943787 0.805628
vt 0.944166 0.805578
vt 0.944046 0.806946
vt 0.943845 0.800973
vt 0.944251 0.800986
vt 0.942712 0.800945
vt 0.942668 0.805675
vt 0.940565 0.805613
vt 0.940495 0.807400
vt 0.940603 0.800854
vt 0.938470 0.800742
vt 0.938444 0.805473
vt 0.938383 0.807222
vt 0.937266 0.805316
vt 0.937263 0.800659
vt 0.937236 0.806937
vt 0.936845 0.806601
vt 0.936774 0.805225
vt 0.936722 0.800625
vt 0.936701 0.791324
vt 0.937258 0.791342
vt 0.938477 0.791397
vt 0.936696 0.779243
vt 0.937255 0.779258
vt 0.938475 0.779309
vt 0.940615 0.791499
vt 0.940614 0.779409
vt 0.942727 0.791601
vt 0.942726 0.779513
vt 0.943865 0.791658
vt 0.943864 0.779574
vt 0.944280 0.779606
vt 0.944280 0.791687
vt 0.983234 0.256453
vt 0.983234 0.244338
vt 0.983604 0.244339
vt 0.983234 0.232223
vt 0.983602 0.232222
vt 0.943857 0.767490
vt 0.943831 0.758176
vt 0.944237 0.758225
vt 0.944272 0.767524
vt 0.942719 0.767425
vt 0.942698 0.758084
vt 0.943769 0.753525
vt 0.944148 0.753630
vt 0.942650 0.753361
vt 0.944028 0.752259
vt 0.940548 0.753219
vt 0.940589 0.757969
vt 0.938426 0.753159
vt 0.938456 0.757881
vt 0.937248 0.753213
vt 0.937248 0.757861
vt 0.936707 0.757865
vt 0.936756 0.753276
vt 0.936436 0.753198
vt 0.936335 0.757848
vt 0.987110 0.359119
vt 0.986954 0.357413
vt 0.987401 0.357692
vt 0.987539 0.359275
vt 0.935886 0.757846
vt 0.936021 0.753121
vt 0.936302 0.767162
vt 0.936693 0.767161
vt 0.935838 0.767188
vt 0.935835 0.779276
vt 0.936301 0.779246
vt 0.935846 0.791365
vt 0.936310 0.791330
vt 0.935900 0.800712
vt 0.936349 0.800649
vt 0.936453 0.805311
vt 0.936038 0.805451
vt 0.936657 0.806935
vt 0.987110 0.411235
vt 0.987539 0.411174
vt 0.987401 0.412805
vt 0.986954 0.413000
vt 0.986221 0.411207
vt 0.986060 0.413013
vt 0.986313 0.406449
vt 0.987199 0.406506
vt 0.985375 0.406376
vt 0.985293 0.411105
vt 0.985141 0.412871
vt 0.984736 0.410974
vt 0.984792 0.406323
vt 0.984616 0.412607
vt 0.984404 0.412281
vt 0.984424 0.410903
vt 0.984439 0.406318
vt 0.984442 0.397053
vt 0.984811 0.397040
vt 0.985405 0.397063
vt 0.984441 0.385021
vt 0.984812 0.385005
vt 0.985409 0.385023
vt 0.986353 0.385083
vt 0.986348 0.397124
vt 0.987233 0.397193
vt 0.987238 0.385154
vt 0.986348 0.373044
vt 0.985405 0.372986
vt 0.987233 0.373116
vt 0.987199 0.363816
vt 0.986313 0.363733
vt 0.985375 0.363686
vt 0.986221 0.359010
vt 0.985293 0.358990
vt 0.985141 0.357284
vt 0.986060 0.357267
vt 0.984736 0.359075
vt 0.984616 0.357493
vt 0.984792 0.363698
vt 0.984439 0.363733
vt 0.984424 0.359168
vt 0.984404 0.357818
vt 0.984338 0.356832
vt 0.984139 0.357539
vt 0.984848 0.356491
vt 0.832301 0.908676
vt 0.832297 0.910080
vt 0.980501 0.734470
vt 0.981611 0.734813
vt 0.981717 0.735541
vt 0.980632 0.735334
vt 0.978579 0.735305
vt 0.978441 0.734401
vt 0.832297 0.912570
vt 0.978654 0.737091
vt 0.976579 0.737178
vt 0.980708 0.737082
vt 0.978696 0.741858
vt 0.976609 0.741918
vt 0.980756 0.741822
vt 0.981800 0.737160
vt 0.981861 0.741825
vt 0.982048 0.735854
vt 0.982167 0.737225
vt 0.982253 0.741829
vt 0.984029 0.373037
vt 0.984039 0.363763
vt 0.984442 0.372989
vt 0.980775 0.751186
vt 0.981885 0.751161
vt 0.980778 0.763301
vt 0.981888 0.763272
vt 0.984027 0.385071
vt 0.980775 0.775416
vt 0.981885 0.775383
vt 0.984029 0.397106
vt 0.980756 0.784778
vt 0.981861 0.784718
vt 0.984039 0.406385
vt 0.981800 0.789381
vt 0.980708 0.789514
vt 0.982253 0.784686
vt 0.982167 0.789291
vt 0.982048 0.790664
vt 0.981717 0.790996
vt 0.980632 0.791256
vt 0.978579 0.791381
vt 0.978654 0.789603
vt 0.978696 0.784840
vt 0.976514 0.791351
vt 0.976579 0.789611
vt 0.976609 0.784875
vt 0.976620 0.775512
vt 0.978711 0.775466
vt 0.976622 0.763398
vt 0.978714 0.763350
vt 0.976620 0.751283
vt 0.978711 0.751233
vt 0.975426 0.751311
vt 0.975426 0.741974
vt 0.975427 0.763422
vt 0.975426 0.775533
vt 0.975426 0.784868
vt 0.975425 0.789530
vt 0.975391 0.791143
vt 0.976375 0.792203
vt 0.984055 0.441162
vt 0.984037 0.439805
vt 0.978441 0.792273
vt 0.984617 0.437302
vt 0.984027 0.437298
vt 0.984614 0.434783
vt 0.984027 0.434789
vt 0.980501 0.792107
vt 0.984039 0.433425
vt 0.984616 0.433395
vt 0.981611 0.791711
vt 0.984338 0.413370
vt 0.984139 0.412642
vt 0.984848 0.413775
vt 0.985763 0.413958
vt 0.985680 0.433382
vt 0.985682 0.434779
vt 0.986665 0.413905
vt 0.986744 0.433391
vt 0.986750 0.434779
vt 0.986757 0.437298
vt 0.985687 0.437302
vt 0.987349 0.437292
vt 0.987339 0.434783
vt 0.940364 0.808311
vt 0.938251 0.808093
vt 0.937098 0.807670
vt 0.987322 0.433418
vt 0.936759 0.808081
vt 0.936287 0.807206
vt 0.975425 0.737309
vt 0.984811 0.372971
vt 0.937250 0.767174
vt 0.938469 0.767222
vt 0.940607 0.767320
vt 0.983584 0.207879
vt 0.983602 0.198538
vt 0.984197 0.198540
vt 0.984168 0.207910
vt 0.984086 0.212654
vt 0.983528 0.212547
vt 0.985019 0.212689
vt 0.985109 0.207918
vt 0.985144 0.198536
vt 0.985911 0.212642
vt 0.985999 0.207898
vt 0.986033 0.198528
vt 0.984859 0.214473
vt 0.983936 0.214399
vt 0.985757 0.214387
vt 0.945599 0.791012
vt 0.946027 0.790917
vt 0.946226 0.792529
vt 0.945841 0.792754
vt 0.945465 0.786273
vt 0.945928 0.786253
vt 0.946301 0.786234
vt 0.946350 0.790836
vt 0.946417 0.792205
vt 0.946657 0.793236
vt 0.946801 0.792520
vt 0.946302 0.793597
vt 0.932629 0.930873
vt 0.932632 0.932252
vt 0.932055 0.932215
vt 0.932042 0.930858
vt 0.947785 0.793580
vt 0.947924 0.792729
vt 0.949851 0.793650
vt 0.949989 0.792759
vt 0.932633 0.928358
vt 0.932042 0.928351
vt 0.932640 0.925839
vt 0.932053 0.925842
vt 0.951910 0.793484
vt 0.952041 0.792633
vt 0.932071 0.924478
vt 0.932648 0.924451
vt 0.953127 0.792373
vt 0.953021 0.793088
vt 0.984338 0.355903
vt 0.984139 0.355175
vt 0.984404 0.354814
vt 0.984616 0.355140
vt 0.984848 0.356308
vt 0.985141 0.355404
vt 0.986060 0.355546
vt 0.985763 0.356491
vt 0.933711 0.924442
vt 0.933708 0.925839
vt 0.986954 0.355533
vt 0.986666 0.356438
vt 0.934775 0.924455
vt 0.934776 0.925843
vt 0.934772 0.928362
vt 0.933702 0.928361
vt 0.933697 0.930881
vt 0.934765 0.930878
vt 0.935364 0.928358
vt 0.935354 0.930865
vt 0.935364 0.925849
vt 0.974361 0.863335
vt 0.976461 0.863359
vt 0.976337 0.864230
vt 0.974230 0.864246
vt 0.972250 0.863157
vt 0.972118 0.864028
vt 0.970965 0.863606
vt 0.971102 0.862873
vt 0.935353 0.924485
vt 0.970626 0.864016
vt 0.970154 0.863142
vt 0.970524 0.862871
vt 0.970711 0.862537
vt 0.972310 0.861409
vt 0.971132 0.861252
vt 0.970640 0.861160
vt 0.972336 0.856677
vt 0.971129 0.856594
vt 0.970588 0.856561
vt 0.970567 0.847260
vt 0.971125 0.847277
vt 0.972344 0.847333
vt 0.970562 0.835178
vt 0.971122 0.835193
vt 0.972341 0.835245
vt 0.974482 0.847434
vt 0.974480 0.835345
vt 0.974470 0.856790
vt 0.976579 0.856880
vt 0.976593 0.847536
vt 0.976592 0.835448
vt 0.977732 0.847593
vt 0.977711 0.856909
vt 0.977731 0.835509
vt 0.978147 0.835541
vt 0.978147 0.847622
vt 0.978117 0.856921
vt 0.977653 0.861564
vt 0.976534 0.861611
vt 0.978032 0.861514
vt 0.977913 0.862881
vt 0.977573 0.863182
vt 0.974432 0.861548
vt 0.977474 0.863917
vt 0.983134 0.214875
vt 0.982935 0.214154
vt 0.983198 0.213835
vt 0.983410 0.214163
vt 0.935337 0.932222
vt 0.934759 0.932257
vt 0.983646 0.215248
vt 0.984565 0.215362
vt 0.933695 0.932268
vt 0.985472 0.215236
vt 0.983217 0.212464
vt 0.983231 0.207858
vt 0.983234 0.198534
vt 0.983234 0.186419
vt 0.983604 0.186421
vt 0.984201 0.186419
vt 0.983234 0.174304
vt 0.983602 0.174303
vt 0.984197 0.174297
vt 0.983231 0.164979
vt 0.983584 0.164961
vt 0.984168 0.164926
vt 0.985109 0.164907
vt 0.985144 0.174290
vt 0.985149 0.186413
vt 0.986033 0.174285
vt 0.986038 0.186407
vt 0.985999 0.164914
vt 0.985019 0.160133
vt 0.985911 0.160167
vt 0.984086 0.160179
vt 0.984859 0.158343
vt 0.985757 0.158417
vt 0.983936 0.158429
vt 0.983528 0.160291
vt 0.983410 0.158670
vt 0.983217 0.160372
vt 0.983198 0.158997
vt 0.983134 0.157948
vt 0.982935 0.158671
vt 0.983646 0.157569
vt 0.829553 0.923508
vt 0.829581 0.924788
vt 0.829023 0.924685
vt 0.828990 0.923411
vt 0.976318 0.806723
vt 0.977455 0.807147
vt 0.977554 0.807852
vt 0.976442 0.807563
vt 0.974211 0.806504
vt 0.974343 0.807384
vt 0.829544 0.921056
vt 0.828979 0.920963
vt 0.829553 0.918552
vt 0.828990 0.918474
vt 0.972098 0.806521
vt 0.972231 0.807362
vt 0.829023 0.917069
vt 0.829581 0.917109
vt 0.971083 0.807543
vt 0.970946 0.806835
vt 0.970693 0.807850
vt 0.970505 0.807530
vt 0.970606 0.806496
vt 0.970135 0.807325
vt 0.829627 0.916408
vt 0.830683 0.916408
vt 0.830637 0.917128
vt 0.830612 0.918585
vt 0.831746 0.916427
vt 0.831706 0.917129
vt 0.831686 0.918572
vt 0.831681 0.921075
vt 0.830604 0.921094
vt 0.831686 0.923527
vt 0.830612 0.923548
vt 0.830637 0.924831
vt 0.831706 0.924808
vt 0.984565 0.157443
vt 0.985472 0.157557
vt 0.946302 0.735947
vt 0.946657 0.736338
vt 0.946226 0.737065
vt 0.945841 0.736812
vt 0.832297 0.923441
vt 0.832301 0.924715
vt 0.947785 0.735943
vt 0.947924 0.736808
vt 0.946801 0.737066
vt 0.946417 0.737395
vt 0.945599 0.738564
vt 0.946027 0.738687
vt 0.946350 0.738771
vt 0.945465 0.743310
vt 0.945928 0.743356
vt 0.946301 0.743378
vt 0.945893 0.752695
vt 0.946285 0.752698
vt 0.945415 0.752678
vt 0.945409 0.764793
vt 0.945889 0.764806
vt 0.946284 0.764807
vt 0.945415 0.776908
vt 0.945893 0.776917
vt 0.946285 0.776916
vt 0.946836 0.764800
vt 0.946835 0.776910
vt 0.946835 0.786246
vt 0.948032 0.764775
vt 0.948030 0.776890
vt 0.948019 0.786252
vt 0.946835 0.790907
vt 0.947989 0.790988
vt 0.950063 0.790980
vt 0.950105 0.786217
vt 0.952118 0.790892
vt 0.952166 0.786156
vt 0.953210 0.790758
vt 0.953271 0.786096
vt 0.953662 0.786063
vt 0.953577 0.790668
vt 0.953457 0.792041
vt 0.984736 0.353507
vt 0.984424 0.353436
vt 0.984792 0.348856
vt 0.984439 0.348851
vt 0.985293 0.353638
vt 0.985375 0.348909
vt 0.984442 0.339586
vt 0.984811 0.339573
vt 0.985405 0.339596
vt 0.984441 0.327554
vt 0.984812 0.327538
vt 0.985409 0.327556
vt 0.986353 0.327616
vt 0.986348 0.339657
vt 0.986313 0.348982
vt 0.987234 0.339726
vt 0.987199 0.349039
vt 0.987238 0.327687
vt 0.986348 0.315577
vt 0.985405 0.315519
vt 0.987234 0.315649
vt 0.987199 0.306349
vt 0.986313 0.306266
vt 0.985375 0.306219
vt 0.986221 0.301543
vt 0.987110 0.301652
vt 0.985293 0.301523
vt 0.985141 0.299816
vt 0.986060 0.299799
vt 0.986954 0.299946
vt 0.969752 0.813782
vt 0.969887 0.809056
vt 0.970302 0.809134
vt 0.970201 0.813783
vt 0.987401 0.300225
vt 0.987539 0.301808
vt 0.970623 0.809211
vt 0.970573 0.813800
vt 0.970168 0.823097
vt 0.970559 0.823097
vt 0.969704 0.823124
vt 0.969701 0.835211
vt 0.970168 0.835181
vt 0.969712 0.847300
vt 0.970176 0.847265
vt 0.969766 0.856647
vt 0.970215 0.856584
vt 0.970320 0.861246
vt 0.969905 0.861386
vt 0.987110 0.353768
vt 0.987539 0.353707
vt 0.987401 0.355338
vt 0.986221 0.353740
vt 0.971117 0.823109
vt 0.971114 0.813796
vt 0.972322 0.813816
vt 0.972336 0.823157
vt 0.974474 0.823256
vt 0.974455 0.813904
vt 0.976585 0.823361
vt 0.976564 0.814019
vt 0.977724 0.823426
vt 0.977697 0.814111
vt 0.978103 0.814160
vt 0.978139 0.823459
vt 0.977635 0.809460
vt 0.978015 0.809565
vt 0.976516 0.809296
vt 0.977894 0.808194
vt 0.974414 0.809155
vt 0.972293 0.809094
vt 0.971115 0.809148
vt 0.984736 0.301608
vt 0.984616 0.300026
vt 0.984792 0.306231
vt 0.984439 0.306266
vt 0.984424 0.301700
vt 0.984404 0.300351
vt 0.984338 0.299365
vt 0.984139 0.300071
vt 0.984848 0.299024
vt 0.832301 0.917099
vt 0.832297 0.918504
vt 0.951910 0.735847
vt 0.953021 0.736190
vt 0.953127 0.736918
vt 0.952041 0.736712
vt 0.949989 0.736682
vt 0.949851 0.735778
vt 0.832297 0.920993
vt 0.950063 0.738468
vt 0.947989 0.738556
vt 0.952118 0.738459
vt 0.950105 0.743235
vt 0.948019 0.743295
vt 0.952166 0.743199
vt 0.953210 0.738537
vt 0.953271 0.743202
vt 0.953457 0.737231
vt 0.953577 0.738602
vt 0.953662 0.743206
vt 0.984029 0.315570
vt 0.984039 0.306296
vt 0.984442 0.315522
vt 0.952185 0.752563
vt 0.953295 0.752538
vt 0.952187 0.764678
vt 0.953298 0.764649
vt 0.984027 0.327604
vt 0.952185 0.776793
vt 0.953295 0.776760
vt 0.984029 0.339638
vt 0.984039 0.348918
vt 0.950121 0.776843
vt 0.950123 0.764727
vt 0.948030 0.752660
vt 0.950121 0.752610
vt 0.946835 0.752688
vt 0.946835 0.743352
vt 0.946835 0.738686
vt 0.984811 0.315504
vt 0.930393 0.774195
vt 0.930411 0.768874
vt 0.931007 0.768874
vt 0.930977 0.774212
vt 0.930897 0.776912
vt 0.930339 0.776853
vt 0.931829 0.776929
vt 0.931919 0.774213
vt 0.931953 0.768870
vt 0.932721 0.776900
vt 0.932809 0.774200
vt 0.932843 0.768862
vt 0.931670 0.777943
vt 0.930747 0.777904
vt 0.932567 0.777892
vt 0.897485 0.955943
vt 0.897915 0.955896
vt 0.898113 0.956812
vt 0.897727 0.956932
vt 0.897353 0.953246
vt 0.897816 0.953241
vt 0.898189 0.953231
vt 0.898238 0.955852
vt 0.898304 0.956630
vt 0.898544 0.957213
vt 0.898688 0.956809
vt 0.781967 0.431374
vt 0.781969 0.431929
vt 0.781401 0.431851
vt 0.781391 0.431338
vt 0.781965 0.429992
vt 0.781379 0.429978
vt 0.899672 0.957400
vt 0.899811 0.956919
vt 0.901738 0.957420
vt 0.901876 0.956916
vt 0.781969 0.427474
vt 0.781379 0.427470
vt 0.781976 0.424956
vt 0.781389 0.424961
vt 0.903798 0.957304
vt 0.903929 0.956823
vt 0.781406 0.423598
vt 0.781983 0.423568
vt 0.905015 0.956661
vt 0.904910 0.957064
vt 0.825564 0.931359
vt 0.825371 0.930938
vt 0.825639 0.930717
vt 0.825848 0.930903
vt 0.826071 0.931607
vt 0.826371 0.931070
vt 0.781988 0.423003
vt 0.783049 0.422981
vt 0.783046 0.423558
vt 0.783043 0.424955
vt 0.784110 0.423007
vt 0.784110 0.423572
vt 0.784111 0.424960
vt 0.784107 0.427479
vt 0.783038 0.427478
vt 0.783033 0.429999
vt 0.784101 0.429996
vt 0.784698 0.427477
vt 0.784688 0.429985
vt 0.784698 0.424968
vt 0.893510 0.956854
vt 0.895610 0.956910
vt 0.895487 0.957411
vt 0.893380 0.957378
vt 0.891399 0.956709
vt 0.891266 0.957210
vt 0.890113 0.956944
vt 0.890251 0.956523
vt 0.784687 0.423604
vt 0.784678 0.423083
vt 0.889672 0.956515
vt 0.889860 0.956323
vt 0.891459 0.955708
vt 0.890282 0.955596
vt 0.889790 0.955536
vt 0.891486 0.953008
vt 0.890279 0.952939
vt 0.889738 0.952913
vt 0.889717 0.947613
vt 0.890275 0.947629
vt 0.891494 0.947683
vt 0.889712 0.940730
vt 0.890272 0.940745
vt 0.891491 0.940796
vt 0.893632 0.947784
vt 0.893630 0.940896
vt 0.893619 0.953115
vt 0.895728 0.953210
vt 0.895743 0.947885
vt 0.895742 0.940998
vt 0.896882 0.947944
vt 0.896861 0.953252
vt 0.896881 0.941059
vt 0.897297 0.941091
vt 0.897297 0.947974
vt 0.897267 0.953271
vt 0.896803 0.955906
vt 0.895683 0.955909
vt 0.897183 0.955887
vt 0.897063 0.956666
vt 0.896723 0.956831
vt 0.893581 0.955831
vt 0.896625 0.957254
vt 0.929945 0.778178
vt 0.929746 0.777770
vt 0.930008 0.777588
vt 0.930220 0.777772
vt 0.784672 0.431344
vt 0.784094 0.431378
vt 0.784661 0.431858
vt 0.784091 0.431933
vt 0.783031 0.431389
vt 0.783030 0.431956
vt 0.930027 0.776807
vt 0.930040 0.774183
vt 0.930044 0.768871
vt 0.930043 0.761969
vt 0.930413 0.761971
vt 0.931011 0.761969
vt 0.930044 0.755067
vt 0.930411 0.755067
vt 0.931007 0.755063
vt 0.930040 0.749754
vt 0.930393 0.749745
vt 0.930977 0.749725
vt 0.931919 0.749712
vt 0.931953 0.755057
vt 0.931958 0.761963
vt 0.932843 0.755051
vt 0.932848 0.761957
vt 0.932809 0.749713
vt 0.931829 0.746993
vt 0.932721 0.747010
vt 0.930897 0.747021
vt 0.931670 0.745973
vt 0.932567 0.746012
vt 0.930747 0.746024
vt 0.930339 0.747085
vt 0.930220 0.746160
vt 0.930027 0.747129
vt 0.930008 0.746345
vt 0.929945 0.745745
vt 0.929746 0.746156
vt 0.930457 0.745530
vt 0.829560 0.906161
vt 0.829578 0.907478
vt 0.829012 0.907402
vt 0.828987 0.906100
vt 0.895468 0.924643
vt 0.896606 0.924910
vt 0.896704 0.925304
vt 0.895591 0.925114
vt 0.893360 0.924474
vt 0.893492 0.924968
vt 0.829554 0.903697
vt 0.828979 0.903643
vt 0.829560 0.901204
vt 0.828987 0.901162
vt 0.891247 0.924442
vt 0.891380 0.924913
vt 0.829012 0.899784
vt 0.829578 0.899794
vt 0.890232 0.924996
vt 0.890094 0.924601
vt 0.889842 0.925167
vt 0.889653 0.924990
vt 0.829044 0.899202
vt 0.829605 0.899157
vt 0.830662 0.899150
vt 0.830636 0.899803
vt 0.830622 0.901225
vt 0.831724 0.899176
vt 0.831702 0.899813
vt 0.831692 0.901223
vt 0.831690 0.903717
vt 0.830617 0.903723
vt 0.831692 0.906180
vt 0.830622 0.906189
vt 0.830636 0.907511
vt 0.831702 0.907497
vt 0.831724 0.907962
vt 0.830662 0.907984
vt 0.829605 0.907942
vt 0.832289 0.907432
vt 0.832299 0.907869
vt 0.832292 0.906129
vt 0.899672 0.924558
vt 0.899811 0.925051
vt 0.898688 0.925211
vt 0.898544 0.924796
vt 0.898304 0.925404
vt 0.898113 0.925216
vt 0.897485 0.926068
vt 0.897727 0.925067
vt 0.897915 0.926142
vt 0.898238 0.926189
vt 0.897353 0.928771
vt 0.897816 0.928803
vt 0.898189 0.928815
vt 0.897781 0.934123
vt 0.898173 0.934125
vt 0.897304 0.934108
vt 0.897297 0.941010
vt 0.897777 0.941023
vt 0.898172 0.941024
vt 0.897304 0.947912
vt 0.897781 0.947923
vt 0.898173 0.947922
vt 0.898725 0.941017
vt 0.898723 0.947916
vt 0.898723 0.953235
vt 0.899920 0.940992
vt 0.899918 0.947894
vt 0.899907 0.953228
vt 0.898723 0.955891
vt 0.899876 0.955928
vt 0.901951 0.955903
vt 0.901993 0.953188
vt 0.904006 0.955831
vt 0.904054 0.953132
vt 0.905098 0.955742
vt 0.905159 0.953085
vt 0.905551 0.953059
vt 0.905465 0.955683
vt 0.905346 0.956466
vt 0.825980 0.929964
vt 0.825668 0.929926
vt 0.826069 0.927310
vt 0.825715 0.927309
vt 0.826536 0.930054
vt 0.826651 0.927355
vt 0.825785 0.922030
vt 0.826154 0.922020
vt 0.826748 0.922049
vt 0.825871 0.915175
vt 0.826242 0.915164
vt 0.826838 0.915190
vt 0.827781 0.915261
vt 0.827690 0.922121
vt 0.827588 0.927435
vt 0.828574 0.922202
vt 0.828474 0.927508
vt 0.828666 0.915343
vt 0.827863 0.908404
vt 0.826921 0.908333
vt 0.828747 0.908486
vt 0.828780 0.903191
vt 0.827895 0.903103
vt 0.826957 0.903038
vt 0.827838 0.900420
vt 0.828725 0.900523
vt 0.826910 0.900371
vt 0.826770 0.899410
vt 0.827689 0.899439
vt 0.828581 0.899562
vt 0.888901 0.928557
vt 0.889035 0.925869
vt 0.889451 0.925899
vt 0.889351 0.928544
vt 0.889282 0.924889
vt 0.889772 0.925940
vt 0.889723 0.928552
vt 0.889318 0.933849
vt 0.889709 0.933847
vt 0.888854 0.933877
vt 0.888851 0.940764
vt 0.889318 0.940733
vt 0.888862 0.947651
vt 0.889326 0.947618
vt 0.888916 0.952976
vt 0.889365 0.952927
vt 0.889468 0.955585
vt 0.889053 0.955678
vt 0.828351 0.930207
vt 0.828780 0.930199
vt 0.828630 0.931137
vt 0.828182 0.931222
vt 0.827463 0.930150
vt 0.827289 0.931188
vt 0.890267 0.933861
vt 0.890264 0.928555
vt 0.891472 0.928588
vt 0.891486 0.933910
vt 0.893624 0.934008
vt 0.893605 0.928680
vt 0.895735 0.934112
vt 0.895714 0.928790
vt 0.896874 0.934175
vt 0.896847 0.928868
vt 0.897253 0.928910
vt 0.897289 0.934208
vt 0.896785 0.926218
vt 0.897165 0.926291
vt 0.895666 0.926099
vt 0.897045 0.925510
vt 0.893563 0.925974
vt 0.891442 0.925898
vt 0.890264 0.925908
vt 0.826352 0.900401
vt 0.826244 0.899510
vt 0.826375 0.903029
vt 0.826021 0.903050
vt 0.826039 0.900453
vt 0.826029 0.899690
vt 0.825970 0.899150
vt 0.825766 0.899543
vt 0.832299 0.899232
vt 0.832289 0.899814
vt 0.832292 0.901192
vt 0.903798 0.924461
vt 0.904910 0.924648
vt 0.905015 0.925064
vt 0.903929 0.924955
vt 0.901876 0.924958
vt 0.901738 0.924442
vt 0.832294 0.903673
vt 0.901951 0.925979
vt 0.899876 0.926050
vt 0.904006 0.925954
vt 0.901993 0.928698
vt 0.899907 0.928753
vt 0.904054 0.928657
vt 0.905098 0.925988
vt 0.905159 0.928646
vt 0.905346 0.925240
vt 0.905465 0.926021
vt 0.905551 0.928643
vt 0.825544 0.908365
vt 0.825621 0.903082
vt 0.825958 0.908322
vt 0.904073 0.933993
vt 0.905183 0.933966
vt 0.904075 0.940895
vt 0.905186 0.940866
vt 0.825455 0.915220
vt 0.904073 0.947797
vt 0.905183 0.947766
vt 0.825371 0.922076
vt 0.825315 0.927364
vt 0.902009 0.947847
vt 0.902012 0.940944
vt 0.899918 0.934089
vt 0.902009 0.934041
vt 0.898723 0.934117
vt 0.898723 0.928796
vt 0.898723 0.926136
vt 0.826326 0.908309
vt 0.892841 0.001735
vt 0.894598 0.033395
vt 0.891372 0.033856
vt 0.889822 0.002224
vt 0.898494 0.000988
vt 0.900632 0.032691
vt 0.904178 0.000293
vt 0.906697 0.032035
vt 0.908708 0.067110
vt 0.902021 0.067714
vt 0.895380 0.068362
vt 0.910193 0.107289
vt 0.902569 0.107813
vt 0.895005 0.108386
vt 0.902250 0.149825
vt 0.894148 0.150251
vt 0.910420 0.149454
vt 0.914360 0.107112
vt 0.914886 0.149373
vt 0.912367 0.066873
vt 0.877154 0.774836
vt 0.881403 0.735107
vt 0.884765 0.735828
vt 0.881453 0.775761
vt 0.874287 0.816435
vt 0.879247 0.817524
vt 0.874864 0.856137
vt 0.879444 0.857166
vt 0.908934 0.189776
vt 0.913066 0.189806
vt 0.906169 0.228814
vt 0.909581 0.228920
vt 0.877761 0.894460
vt 0.881201 0.895249
vt 0.888203 0.858709
vt 0.887743 0.896372
vt 0.897066 0.860136
vt 0.894345 0.897384
vt 0.898366 0.820731
vt 0.888749 0.819188
vt 0.889703 0.777196
vt 0.898054 0.778537
vt 0.891257 0.736991
vt 0.897845 0.738097
vt 0.902739 0.779119
vt 0.903743 0.821398
vt 0.901560 0.738589
vt 0.874579 0.545252
vt 0.876479 0.504745
vt 0.879907 0.505130
vt 0.878492 0.545613
vt 0.874287 0.587828
vt 0.878509 0.588195
vt 0.876225 0.628110
vt 0.880130 0.628538
vt 0.902019 0.860755
vt 0.898026 0.897819
vt 0.879489 0.666530
vt 0.882700 0.667081
vt 0.887487 0.629251
vt 0.888781 0.668156
vt 0.894802 0.629656
vt 0.894841 0.668728
vt 0.898811 0.629252
vt 0.898101 0.667929
vt 0.894316 0.589109
vt 0.898688 0.589060
vt 0.886428 0.588726
vt 0.472700 0.878455
vt 0.470928 0.838584
vt 0.476080 0.837626
vt 0.477256 0.877129
vt 0.476416 0.916783
vt 0.479495 0.915098
vt 0.485587 0.836259
vt 0.486171 0.875647
vt 0.486485 0.913653
vt 0.495206 0.874451
vt 0.493785 0.912708
vt 0.495100 0.835004
vt 0.484455 0.794825
vt 0.476163 0.795955
vt 0.492723 0.793726
vt 0.489446 0.754235
vt 0.482858 0.755150
vt 0.476247 0.756079
vt 0.486670 0.719618
vt 0.481034 0.720465
vt 0.475379 0.721321
vt 0.484183 0.688162
vt 0.478981 0.689014
vt 0.473767 0.689866
vt 0.486991 0.687696
vt 0.489706 0.719172
vt 0.472295 0.721778
vt 0.470928 0.690322
vt 0.893907 0.471360
vt 0.895615 0.439834
vt 0.898811 0.440128
vt 0.897304 0.471644
vt 0.893084 0.506326
vt 0.896794 0.506580
vt 0.472624 0.756590
vt 0.893375 0.546647
vt 0.897537 0.546818
vt 0.471602 0.796625
vt 0.885924 0.546162
vt 0.886469 0.505748
vt 0.887864 0.470725
vt 0.881888 0.470052
vt 0.889932 0.439165
vt 0.884316 0.438454
vt 0.878773 0.469633
vt 0.881393 0.438002
vt 0.898847 0.703011
vt 0.900809 0.671388
vt 0.903743 0.671902
vt 0.902023 0.703491
vt 0.893250 0.701992
vt 0.895665 0.670368
vt 0.887750 0.700940
vt 0.890618 0.669328
vt 0.884926 0.700316
vt 0.888037 0.668728
vt 0.907299 0.000000
vt 0.910023 0.031762
vt 0.492992 0.753766
vt 0.891832 0.068795
vt 0.890965 0.108792
vt 0.497172 0.793173
vt 0.889822 0.150590
vt 0.500199 0.834405
vt 0.893836 0.190136
vt 0.889840 0.190341
vt 0.500009 0.873941
vt 0.893777 0.228732
vt 0.890543 0.228773
vt 0.497609 0.912386
vt 0.901349 0.189931
vt 0.899939 0.228757
vt 0.544918 0.610815
vt 0.548293 0.590867
vt 0.559079 0.589558
vt 0.559192 0.611737
vt 0.549338 0.627939
vt 0.537162 0.630179
vt 0.535909 0.620153
vt 0.559864 0.626737
vt 0.550541 0.639050
vt 0.537457 0.637498
vt 0.560367 0.638202
vt 0.524352 0.639388
vt 0.524050 0.632458
vt 0.523415 0.623303
vt 0.511334 0.641521
vt 0.510914 0.634582
vt 0.510284 0.625399
vt 0.498461 0.643517
vt 0.497908 0.636574
vt 0.497140 0.627397
vt 0.484945 0.638382
vt 0.484018 0.629227
vt 0.472014 0.640035
vt 0.470928 0.630903
vt 0.485630 0.645318
vt 0.472828 0.646957
vt 0.567156 0.625825
vt 0.567065 0.637422
vt 0.567143 0.610738
vt 0.567051 0.588303
vt 0.558544 0.561869
vt 0.547961 0.563430
vt 0.566663 0.560601
vt 0.570826 0.587451
vt 0.570752 0.609891
vt 0.570581 0.559821
vt 0.765848 0.595134
vt 0.761303 0.595675
vt 0.763846 0.618360
vt 0.768957 0.617714
vt 0.762539 0.567285
vt 0.758700 0.567781
vt 0.569594 0.529787
vt 0.565564 0.530483
vt 0.760324 0.537105
vt 0.756888 0.537528
vt 0.759429 0.505005
vt 0.756148 0.505288
vt 0.567607 0.497701
vt 0.563518 0.498362
vt 0.759454 0.471702
vt 0.756212 0.471835
vt 0.564875 0.464352
vt 0.560731 0.464972
vt 0.760474 0.438016
vt 0.757233 0.438002
vt 0.561230 0.430562
vt 0.557046 0.431122
vt 0.555082 0.499532
vt 0.552194 0.466110
vt 0.548458 0.432204
vt 0.541080 0.467559
vt 0.537278 0.433599
vt 0.544095 0.501004
vt 0.557253 0.531683
vt 0.546426 0.533175
vt 0.765469 0.504807
vt 0.766643 0.536690
vt 0.769635 0.566759
vt 0.771536 0.504689
vt 0.772985 0.536339
vt 0.776678 0.566251
vt 0.774469 0.594740
vt 0.783238 0.594788
vt 0.779213 0.617632
vt 0.794989 0.624407
vt 0.781095 0.631666
vt 0.770942 0.632870
vt 0.794393 0.630554
vt 0.794298 0.636640
vt 0.781984 0.642522
vt 0.772610 0.644520
vt 0.765799 0.633700
vt 0.767758 0.645495
vt 0.570564 0.625050
vt 0.570295 0.636673
vt 0.569929 0.648239
vt 0.566806 0.649077
vt 0.560644 0.650041
vt 0.554227 0.651146
vt 0.566644 0.659737
vt 0.560679 0.660946
vt 0.554616 0.662100
vt 0.550883 0.652328
vt 0.550069 0.643476
vt 0.551166 0.662678
vt 0.310764 0.843425
vt 0.314007 0.835455
vt 0.319163 0.835674
vt 0.315585 0.844197
vt 0.308012 0.853127
vt 0.312476 0.854213
vt 0.312457 0.862626
vt 0.307986 0.861914
vt 0.554969 0.670401
vt 0.551588 0.671040
vt 0.555457 0.676561
vt 0.552125 0.677461
vt 0.314967 0.869412
vt 0.310488 0.869415
vt 0.302416 0.869331
vt 0.299931 0.860449
vt 0.300097 0.850651
vt 0.291950 0.858954
vt 0.292297 0.847996
vt 0.294475 0.869294
vt 0.314563 0.875675
vt 0.307105 0.876696
vt 0.299939 0.877714
vt 0.311487 0.881579
vt 0.305263 0.881985
vt 0.318261 0.880035
vt 0.318700 0.875046
vt 0.321904 0.879024
vt 0.552728 0.682577
vt 0.555996 0.681467
vt 0.553308 0.686104
vt 0.556451 0.684973
vt 0.322970 0.880810
vt 0.320061 0.882063
vt 0.556627 0.687054
vt 0.553884 0.687696
vt 0.375409 0.848062
vt 0.378443 0.847285
vt 0.377841 0.849970
vt 0.375098 0.850818
vt 0.375772 0.841518
vt 0.378832 0.840887
vt 0.313284 0.883966
vt 0.375742 0.832729
vt 0.378838 0.832543
vt 0.304862 0.883800
vt 0.296604 0.878609
vt 0.375402 0.822879
vt 0.378491 0.823573
vt 0.204115 0.689970
vt 0.204801 0.680813
vt 0.207872 0.681201
vt 0.207186 0.689972
vt 0.290338 0.869302
vt 0.287715 0.858074
vt 0.205386 0.669496
vt 0.208485 0.670218
vt 0.205712 0.657511
vt 0.208929 0.658534
vt 0.288180 0.846400
vt 0.290476 0.835345
vt 0.294592 0.837528
vt 0.205818 0.645601
vt 0.209282 0.647318
vt 0.205857 0.632748
vt 0.209918 0.638595
vt 0.292958 0.826766
vt 0.297149 0.829528
vt 0.305443 0.832827
vt 0.302564 0.840702
vt 0.306971 0.828866
vt 0.315598 0.831556
vt 0.298517 0.825535
vt 0.797008 0.700760
vt 0.805871 0.700297
vt 0.805816 0.704379
vt 0.796956 0.704804
vt 0.788039 0.700465
vt 0.787947 0.704433
vt 0.319892 0.832415
vt 0.782866 0.702853
vt 0.783624 0.699770
vt 0.780595 0.697933
vt 0.322970 0.831755
vt 0.783428 0.712038
vt 0.788515 0.712970
vt 0.780999 0.710741
vt 0.536267 0.640450
vt 0.524073 0.642420
vt 0.784667 0.724322
vt 0.789462 0.724541
vt 0.786024 0.737128
vt 0.790391 0.737028
vt 0.511365 0.644539
vt 0.498618 0.646561
vt 0.787458 0.749949
vt 0.791388 0.749764
vt 0.485877 0.648382
vt 0.789084 0.762717
vt 0.792676 0.762481
vt 0.473157 0.650024
vt 0.790918 0.775416
vt 0.794367 0.775121
vt 0.798212 0.749354
vt 0.798879 0.762025
vt 0.800318 0.774599
vt 0.804990 0.761563
vt 0.806176 0.774081
vt 0.804945 0.748929
vt 0.798016 0.736681
vt 0.805546 0.736287
vt 0.806071 0.723994
vt 0.797826 0.724372
vt 0.806031 0.712742
vt 0.797353 0.713130
vt 0.294142 0.822879
vt 0.211585 0.634767
vt 0.209795 0.632043
vt 0.215684 0.633822
vt 0.211158 0.628982
vt 0.810484 0.703045
vt 0.810554 0.699056
vt 0.224501 0.634601
vt 0.223548 0.630169
vt 0.810554 0.711917
vt 0.235973 0.636353
vt 0.235906 0.632201
vt 0.810353 0.723566
vt 0.809457 0.736005
vt 0.248139 0.638504
vt 0.248390 0.634548
vt 0.260517 0.640715
vt 0.260840 0.636821
vt 0.808457 0.748672
vt 0.808167 0.761301
vt 0.272939 0.642705
vt 0.273298 0.638813
vt 0.285395 0.644216
vt 0.285788 0.640346
vt 0.809217 0.773803
vt 0.199175 0.644379
vt 0.198513 0.632236
vt 0.192646 0.643457
vt 0.191481 0.631290
vt 0.189402 0.643021
vt 0.188371 0.630108
vt 0.795349 0.639828
vt 0.796229 0.652949
vt 0.791859 0.653003
vt 0.783201 0.654652
vt 0.796473 0.665299
vt 0.792006 0.665482
vt 0.783871 0.666305
vt 0.775761 0.667274
vt 0.774712 0.656292
vt 0.770162 0.657265
vt 0.771375 0.667983
vt 0.569704 0.658843
vt 0.774202 0.675972
vt 0.769819 0.676078
vt 0.569835 0.667029
vt 0.566823 0.667806
vt 0.770366 0.682621
vt 0.766091 0.682046
vt 0.570173 0.673250
vt 0.567195 0.673831
vt 0.561367 0.675152
vt 0.560940 0.669119
vt 0.567642 0.678641
vt 0.561852 0.679965
vt 0.562234 0.683458
vt 0.567964 0.682095
vt 0.570826 0.687641
vt 0.570826 0.684328
vt 0.573943 0.683315
vt 0.573813 0.686870
vt 0.570597 0.678203
vt 0.761386 0.686671
vt 0.765224 0.687743
vt 0.757511 0.689872
vt 0.760812 0.691243
vt 0.570826 0.681676
vt 0.570541 0.683438
vt 0.567994 0.684180
vt 0.758716 0.693197
vt 0.756148 0.691537
vt 0.363726 0.848704
vt 0.363465 0.851444
vt 0.360788 0.850862
vt 0.360629 0.848233
vt 0.369582 0.848523
vt 0.369280 0.851311
vt 0.562328 0.685626
vt 0.369970 0.841930
vt 0.364114 0.842184
vt 0.369947 0.833072
vt 0.364131 0.833424
vt 0.369622 0.823045
vt 0.363799 0.823617
vt 0.198414 0.688916
vt 0.199048 0.679733
vt 0.192697 0.687453
vt 0.193259 0.678500
vt 0.199524 0.668416
vt 0.193612 0.667403
vt 0.199582 0.656407
vt 0.193444 0.655501
vt 0.190144 0.655248
vt 0.190342 0.666946
vt 0.794773 0.676878
vt 0.790366 0.676500
vt 0.190083 0.677603
vt 0.790101 0.687052
vt 0.785979 0.685832
vt 0.778209 0.684140
vt 0.782288 0.676163
vt 0.779073 0.692704
vt 0.772265 0.690173
vt 0.773088 0.695747
vt 0.767095 0.694041
vt 0.764944 0.696384
vt 0.773187 0.697933
vt 0.360922 0.841876
vt 0.361031 0.833573
vt 0.360629 0.824674
vt 0.782230 0.694628
vt 0.189615 0.686059
vt 0.211575 0.622967
vt 0.222241 0.621605
vt 0.211320 0.616828
vt 0.215313 0.615345
vt 0.217755 0.612421
vt 0.226086 0.613972
vt 0.237254 0.615825
vt 0.236028 0.624682
vt 0.249464 0.618001
vt 0.248811 0.627244
vt 0.262071 0.620270
vt 0.261385 0.629561
vt 0.273943 0.631566
vt 0.274763 0.622295
vt 0.287488 0.623870
vt 0.286533 0.633119
vt 0.211842 0.611628
vt 0.210064 0.613375
vt 0.208593 0.605323
vt 0.206427 0.611858
vt 0.213606 0.610051
vt 0.212157 0.602160
vt 0.211591 0.584488
vt 0.202535 0.590332
vt 0.211626 0.559435
vt 0.201354 0.560129
vt 0.192862 0.558988
vt 0.193239 0.586490
vt 0.192986 0.610621
vt 0.199706 0.610931
vt 0.189340 0.611566
vt 0.188744 0.585894
vt 0.795286 0.621163
vt 0.786994 0.594324
vt 0.780396 0.566029
vt 0.188371 0.558576
vt 0.776479 0.536238
vt 0.193154 0.529543
vt 0.188717 0.529446
vt 0.774900 0.504745
vt 0.194473 0.498504
vt 0.190013 0.498337
vt 0.201611 0.530238
vt 0.203014 0.499210
vt 0.212409 0.530936
vt 0.214004 0.500193
vt 0.216301 0.468038
vt 0.205192 0.466975
vt 0.219333 0.435251
vt 0.208170 0.434138
vt 0.196559 0.466188
vt 0.199497 0.433296
vt 0.192051 0.465907
vt 0.771416 0.471885
vt 0.774742 0.472099
vt 0.772425 0.438691
vt 0.775753 0.439053
vt 0.194958 0.432930
vt 0.765422 0.471750
vt 0.766436 0.438309
vt 0.794985 0.583954
vt 0.800305 0.574713
vt 0.813907 0.579361
vt 0.811350 0.587258
vt 0.779268 0.575268
vt 0.787887 0.567006
vt 0.769347 0.558488
vt 0.781745 0.554397
vt 0.790431 0.592846
vt 0.770603 0.584284
vt 0.756293 0.566915
vt 0.771515 0.524365
vt 0.783974 0.525742
vt 0.754207 0.535098
vt 0.764668 0.489792
vt 0.787174 0.489540
vt 0.798182 0.495924
vt 0.808774 0.468799
vt 0.815913 0.478414
vt 0.829980 0.456754
vt 0.829038 0.466322
vt 0.796894 0.459252
vt 0.815131 0.447794
vt 0.778357 0.444383
vt 0.780235 0.428989
vt 0.732677 0.424302
vt 0.745767 0.456548
vt 0.702545 0.536221
vt 0.689352 0.496882
vt 0.676431 0.455741
vt 0.627195 0.591546
vt 0.625500 0.540263
vt 0.615551 0.503327
vt 0.582774 0.562007
vt 0.563632 0.545910
vt 0.530027 0.576932
vt 0.573366 0.591535
vt 0.586400 0.629326
vt 0.571115 0.618823
vt 0.557191 0.624954
vt 0.572272 0.638960
vt 0.592640 0.639448
vt 0.572487 0.647469
vt 0.624893 0.616517
vt 0.629112 0.628475
vt 0.597199 0.649732
vt 0.571743 0.657131
vt 0.544796 0.642064
vt 0.549947 0.632661
vt 0.522644 0.611132
vt 0.518122 0.592732
vt 0.664283 0.605566
vt 0.663789 0.618068
vt 0.698880 0.607783
vt 0.694737 0.619486
vt 0.717926 0.596880
vt 0.679110 0.590662
vt 0.736392 0.581039
vt 0.717200 0.563051
vt 0.762223 0.592225
vt 0.755505 0.600291
vt 0.788601 0.610254
vt 0.787765 0.600579
vt 0.808920 0.600856
vt 0.810496 0.605476
vt 0.809462 0.594632
vt 0.825078 0.593535
vt 0.825291 0.597870
vt 0.826463 0.601538
vt 0.804706 0.618812
vt 0.816260 0.611714
vt 0.829310 0.606059
vt 0.816549 0.627661
vt 0.824107 0.620167
vt 0.833587 0.611784
vt 0.811841 0.634654
vt 0.802051 0.629550
vt 0.807765 0.642612
vt 0.802088 0.640557
vt 0.793578 0.626680
vt 0.796614 0.639727
vt 0.785727 0.628683
vt 0.790128 0.641196
vt 0.774765 0.616070
vt 0.767799 0.622935
vt 0.778507 0.633627
vt 0.783970 0.644335
vt 0.773062 0.639721
vt 0.779773 0.647912
vt 0.762519 0.631631
vt 0.757765 0.641245
vt 0.768454 0.646412
vt 0.776364 0.651757
vt 0.785395 0.652533
vt 0.783305 0.655508
vt 0.790104 0.654009
vt 0.789550 0.657131
vt 0.788009 0.650145
vt 0.790573 0.652034
vt 0.793168 0.651323
vt 0.793873 0.653595
vt 0.794818 0.656678
vt 0.795731 0.650415
vt 0.797238 0.651810
vt 0.799429 0.654109
vt 0.800323 0.647889
vt 0.803771 0.649361
vt 0.796775 0.647264
vt 0.792186 0.648158
vt 0.741713 0.636180
vt 0.745914 0.625574
vt 0.725705 0.630655
vt 0.730209 0.620750
vt 0.735498 0.614933
vt 0.749635 0.616604
vt 0.729873 0.608706
vt 0.752086 0.608747
vt 0.717880 0.614785
vt 0.712744 0.625144
vt 0.837440 0.600942
vt 0.841240 0.604085
vt 0.840519 0.596845
vt 0.844965 0.597444
vt 0.835086 0.598349
vt 0.838093 0.596502
vt 0.837985 0.595096
vt 0.840926 0.594415
vt 0.845290 0.593399
vt 0.837473 0.593786
vt 0.839490 0.592416
vt 0.843220 0.589899
vt 0.834968 0.590064
vt 0.836863 0.585558
vt 0.825598 0.588351
vt 0.826595 0.582459
vt 0.834033 0.593363
vt 0.834155 0.595962
vt 0.984394 0.431649
vt 0.984510 0.428541
vt 0.985834 0.428545
vt 0.985681 0.431665
vt 0.985203 0.433374
vt 0.984027 0.433331
vt 0.986773 0.433382
vt 0.987288 0.431663
vt 0.987455 0.428538
vt 0.984394 0.425427
vt 0.985681 0.425419
vt 0.987288 0.425408
vt 0.983767 0.854827
vt 0.986857 0.854527
vt 0.986834 0.855797
vt 0.983737 0.856161
vt 0.980674 0.854841
vt 0.980637 0.856112
vt 0.984027 0.423732
vt 0.985203 0.423693
vt 0.988511 0.854016
vt 0.988512 0.855065
vt 0.986038 0.168463
vt 0.986038 0.167412
vt 0.986588 0.167147
vt 0.986706 0.167739
vt 0.984298 0.099409
vt 0.983387 0.098642
vt 0.983373 0.097318
vt 0.984267 0.097818
vt 0.985943 0.097997
vt 0.985979 0.099667
vt 0.986773 0.423670
vt 0.987621 0.097848
vt 0.987661 0.099439
vt 0.988092 0.423674
vt 0.988581 0.425400
vt 0.988739 0.428526
vt 0.788222 0.965181
vt 0.791330 0.965454
vt 0.791288 0.966820
vt 0.788168 0.966491
vt 0.786454 0.965676
vt 0.786535 0.964530
vt 0.794438 0.965342
vt 0.794409 0.966653
vt 0.988581 0.431646
vt 0.791350 0.963730
vt 0.794451 0.963691
vt 0.788248 0.963529
vt 0.796126 0.964779
vt 0.796127 0.965928
vt 0.796115 0.963374
vt 0.796651 0.962891
vt 0.796770 0.963605
vt 0.983581 0.791542
vt 0.982667 0.790778
vt 0.982683 0.789324
vt 0.983584 0.789808
vt 0.985263 0.789969
vt 0.985264 0.791786
vt 0.988092 0.433355
vt 0.986942 0.789808
vt 0.986948 0.791542
vt 0.985262 0.786533
vt 0.986945 0.786450
vt 0.983579 0.786450
vt 0.985262 0.778179
vt 0.986951 0.778152
vt 0.983573 0.778152
vt 0.982666 0.786229
vt 0.982644 0.778084
vt 0.982393 0.788659
vt 0.982321 0.786062
vt 0.982270 0.778040
vt 0.982636 0.763104
vt 0.982253 0.763100
vt 0.983570 0.763106
vt 0.983573 0.748060
vt 0.982644 0.748123
vt 0.982270 0.748160
vt 0.982666 0.739975
vt 0.983579 0.739757
vt 0.982321 0.740136
vt 0.982393 0.737536
vt 0.982683 0.736874
vt 0.983584 0.736392
vt 0.985262 0.739675
vt 0.985263 0.736232
vt 0.985262 0.748034
vt 0.986951 0.748060
vt 0.986945 0.739757
vt 0.986942 0.736392
vt 0.987859 0.739975
vt 0.987881 0.748123
vt 0.987843 0.736874
vt 0.988134 0.737536
vt 0.988206 0.740137
vt 0.988257 0.748160
vt 0.987889 0.763104
vt 0.988273 0.763101
vt 0.986954 0.763106
vt 0.987881 0.778084
vt 0.988257 0.778041
vt 0.987859 0.786230
vt 0.988206 0.786062
vt 0.988134 0.788659
vt 0.987843 0.789325
vt 0.987862 0.790778
vt 0.978951 0.855550
vt 0.978307 0.854343
vt 0.978464 0.853933
vt 0.979009 0.854498
vt 0.978981 0.851979
vt 0.978326 0.851790
vt 0.980675 0.852120
vt 0.980653 0.845194
vt 0.978925 0.845169
vt 0.978212 0.845066
vt 0.978147 0.832494
vt 0.978878 0.832569
vt 0.980618 0.832544
vt 0.978147 0.819899
vt 0.978860 0.819939
vt 0.980588 0.819857
vt 0.983742 0.832407
vt 0.983706 0.819696
vt 0.983771 0.845077
vt 0.986882 0.844878
vt 0.986858 0.832228
vt 0.986817 0.819541
vt 0.988578 0.832077
vt 0.988590 0.844678
vt 0.988526 0.819448
vt 0.989271 0.831929
vt 0.989268 0.844505
vt 0.989203 0.819338
vt 0.988454 0.812547
vt 0.989080 0.812559
vt 0.986776 0.812499
vt 0.986742 0.809567
vt 0.988397 0.809853
vt 0.988928 0.810339
vt 0.983310 0.056843
vt 0.982954 0.056815
vt 0.983010 0.048901
vt 0.983341 0.048795
vt 0.983089 0.046319
vt 0.983373 0.045692
vt 0.984228 0.056821
vt 0.984245 0.048615
vt 0.984267 0.045242
vt 0.985923 0.048558
vt 0.985943 0.045104
vt 0.985912 0.056821
vt 0.987602 0.056851
vt 0.987606 0.048645
vt 0.987621 0.045272
vt 0.988526 0.048842
vt 0.988540 0.056890
vt 0.988525 0.045738
vt 0.988822 0.046371
vt 0.988887 0.048954
vt 0.988933 0.056869
vt 0.988948 0.071581
vt 0.988546 0.071644
vt 0.987602 0.071672
vt 0.988933 0.086280
vt 0.988540 0.086380
vt 0.987602 0.086470
vt 0.985912 0.086492
vt 0.985908 0.071669
vt 0.984228 0.086440
vt 0.984222 0.071642
vt 0.983299 0.071597
vt 0.983310 0.086333
vt 0.982954 0.086226
vt 0.982935 0.071527
vt 0.983341 0.094323
vt 0.983010 0.094105
vt 0.984245 0.094574
vt 0.983089 0.096639
vt 0.989179 0.851239
vt 0.988554 0.851493
vt 0.989039 0.853397
vt 0.986877 0.851805
vt 0.983779 0.852045
vt 0.985923 0.094679
vt 0.987606 0.094604
vt 0.988526 0.094370
vt 0.988525 0.097365
vt 0.988887 0.094158
vt 0.988822 0.096691
vt 0.988576 0.098689
vt 0.785897 0.963323
vt 0.786043 0.962615
vt 0.786582 0.963127
vt 0.786560 0.960485
vt 0.785912 0.960432
vt 0.788255 0.960656
vt 0.788264 0.953772
vt 0.786536 0.953737
vt 0.785830 0.953801
vt 0.786553 0.941400
vt 0.785830 0.941499
vt 0.788294 0.941378
vt 0.788331 0.929023
vt 0.786603 0.929093
vt 0.785897 0.929218
vt 0.786663 0.922444
vt 0.788359 0.922263
vt 0.786014 0.922650
vt 0.786156 0.920557
vt 0.786699 0.919989
vt 0.788367 0.919613
vt 0.791471 0.922262
vt 0.791470 0.919554
vt 0.791457 0.929063
vt 0.794580 0.929186
vt 0.794580 0.922425
vt 0.794570 0.919774
vt 0.796268 0.922694
vt 0.796299 0.929345
vt 0.796232 0.920237
vt 0.796765 0.920833
vt 0.796902 0.922934
vt 0.796988 0.929507
vt 0.796990 0.941789
vt 0.796284 0.941653
vt 0.794554 0.941541
vt 0.796922 0.954089
vt 0.796232 0.953989
vt 0.794513 0.953935
vt 0.791390 0.953854
vt 0.791425 0.941437
vt 0.791367 0.960787
vt 0.794476 0.960818
vt 0.796165 0.960735
vt 0.796800 0.960715
vt 0.984169 0.283088
vt 0.983534 0.283962
vt 0.982935 0.283957
vt 0.983132 0.283321
vt 0.984311 0.281300
vt 0.983111 0.281604
vt 0.983581 0.734644
vt 0.982667 0.735407
vt 0.985586 0.281107
vt 0.985340 0.282955
vt 0.791458 0.918267
vt 0.794565 0.918550
vt 0.984024 0.278197
vt 0.985334 0.277981
vt 0.788348 0.918388
vt 0.983511 0.275173
vt 0.984783 0.274956
vt 0.986382 0.274815
vt 0.986947 0.277842
vt 0.987186 0.280976
vt 0.987674 0.274787
vt 0.988230 0.277811
vt 0.988477 0.280937
vt 0.986904 0.282845
vt 0.988219 0.282786
vt 0.985264 0.734400
vt 0.986948 0.734644
vt 0.987862 0.735407
vt 0.980416 0.806907
vt 0.980514 0.808207
vt 0.978831 0.808915
vt 0.978706 0.807783
vt 0.980558 0.809881
vt 0.978895 0.810335
vt 0.978353 0.810875
vt 0.978194 0.810167
vt 0.978881 0.813033
vt 0.978226 0.813110
vt 0.980574 0.812814
vt 0.983677 0.812604
vt 0.983651 0.809600
vt 0.983612 0.807852
vt 0.986710 0.807892
vt 0.983525 0.806496
vt 0.986636 0.806592
vt 0.988392 0.808429
vt 0.988348 0.807293
vt 0.984298 0.043405
vt 0.983387 0.044141
vt 0.989032 0.809617
vt 0.985979 0.043183
vt 0.984379 0.042176
vt 0.986067 0.041890
vt 0.987661 0.043436
vt 0.984095 0.273421
vt 0.985655 0.273281
vt 0.988576 0.044188
vt 0.982935 0.273635
vt 0.786658 0.918978
vt 0.786013 0.920172
vt 0.985262 0.763107
vt 0.987288 0.415696
vt 0.985681 0.415707
vt 0.985203 0.413981
vt 0.986773 0.413958
vt 0.984394 0.415716
vt 0.984027 0.414020
vt 0.985834 0.418833
vt 0.984510 0.418829
vt 0.987456 0.418827
vt 0.985681 0.421953
vt 0.984394 0.421937
vt 0.987288 0.421951
vt 0.975291 0.963741
vt 0.972192 0.963692
vt 0.972228 0.962422
vt 0.975322 0.962407
vt 0.978388 0.963378
vt 0.978412 0.962108
vt 0.972230 0.959700
vt 0.975333 0.959625
vt 0.978431 0.959385
vt 0.972208 0.952774
vt 0.975326 0.952657
vt 0.978437 0.952458
vt 0.980109 0.959073
vt 0.980065 0.961596
vt 0.980145 0.952258
vt 0.980823 0.952085
vt 0.980734 0.958820
vt 0.980594 0.960977
vt 0.980066 0.962645
vt 0.986038 0.167147
vt 0.986038 0.166096
vt 0.986588 0.165831
vt 0.986706 0.166423
vt 0.984298 0.157186
vt 0.983387 0.156419
vt 0.983373 0.155095
vt 0.984267 0.155595
vt 0.983341 0.152100
vt 0.983089 0.154416
vt 0.983010 0.151882
vt 0.984245 0.152351
vt 0.984228 0.144217
vt 0.983310 0.144110
vt 0.982954 0.144003
vt 0.982935 0.129303
vt 0.983299 0.129374
vt 0.984222 0.129419
vt 0.982954 0.114592
vt 0.983310 0.114620
vt 0.984228 0.114598
vt 0.985912 0.114598
vt 0.985908 0.129446
vt 0.985912 0.144269
vt 0.987602 0.114628
vt 0.987602 0.129449
vt 0.987602 0.144247
vt 0.985923 0.152456
vt 0.987606 0.152381
vt 0.985943 0.155774
vt 0.987621 0.155625
vt 0.988526 0.152147
vt 0.988525 0.155142
vt 0.988540 0.144157
vt 0.988933 0.144057
vt 0.988887 0.151935
vt 0.988822 0.154468
vt 0.987661 0.157216
vt 0.988576 0.156465
vt 0.868597 0.970705
vt 0.867958 0.969497
vt 0.868104 0.968790
vt 0.868644 0.969301
vt 0.870230 0.972666
vt 0.868515 0.971851
vt 0.870283 0.971356
vt 0.870310 0.969704
vt 0.873391 0.971629
vt 0.873412 0.969905
vt 0.873349 0.972995
vt 0.876470 0.972828
vt 0.876500 0.971517
vt 0.876513 0.969866
vt 0.878188 0.970954
vt 0.878188 0.972103
vt 0.878176 0.969549
vt 0.878713 0.969066
vt 0.878831 0.969780
vt 0.954991 0.792919
vt 0.954076 0.792155
vt 0.954093 0.790702
vt 0.954994 0.791185
vt 0.956674 0.793163
vt 0.956673 0.791346
vt 0.988581 0.421934
vt 0.988092 0.423643
vt 0.986773 0.423670
vt 0.985203 0.423662
vt 0.958357 0.792919
vt 0.958352 0.791185
vt 0.984027 0.423619
vt 0.959253 0.790702
vt 0.959272 0.792155
vt 0.970506 0.963130
vt 0.969862 0.961923
vt 0.970019 0.961514
vt 0.970563 0.962078
vt 0.970536 0.959559
vt 0.969880 0.959370
vt 0.970480 0.952749
vt 0.969766 0.952646
vt 0.970432 0.940149
vt 0.969702 0.940074
vt 0.972173 0.940125
vt 0.972143 0.927437
vt 0.970415 0.927519
vt 0.969702 0.927480
vt 0.970435 0.920614
vt 0.972129 0.920394
vt 0.969781 0.920690
vt 0.969908 0.918456
vt 0.970450 0.917916
vt 0.972113 0.917461
vt 0.975206 0.917180
vt 0.975232 0.920184
vt 0.975260 0.927276
vt 0.978296 0.917147
vt 0.978330 0.920079
vt 0.978372 0.927121
vt 0.975296 0.939987
vt 0.978413 0.939808
vt 0.980132 0.939657
vt 0.980080 0.927028
vt 0.980758 0.926918
vt 0.980826 0.939509
vt 0.980009 0.920128
vt 0.980634 0.920139
vt 0.979952 0.917433
vt 0.980483 0.917919
vt 0.983341 0.106572
vt 0.983010 0.106678
vt 0.983089 0.104096
vt 0.983373 0.103469
vt 0.984245 0.106392
vt 0.984267 0.103019
vt 0.985943 0.102881
vt 0.985923 0.106334
vt 0.987621 0.103049
vt 0.987606 0.106422
vt 0.988526 0.106619
vt 0.988540 0.114667
vt 0.988525 0.103515
vt 0.988822 0.104148
vt 0.988887 0.106731
vt 0.988933 0.114646
vt 0.988948 0.129358
vt 0.988546 0.129421
vt 0.868615 0.947574
vt 0.868597 0.959912
vt 0.867892 0.959975
vt 0.867892 0.947674
vt 0.868664 0.935268
vt 0.867958 0.935393
vt 0.870355 0.947553
vt 0.870326 0.959947
vt 0.870393 0.935198
vt 0.868725 0.928618
vt 0.870421 0.928438
vt 0.868076 0.928825
vt 0.868218 0.926732
vt 0.868761 0.926164
vt 0.870429 0.925788
vt 0.873531 0.925729
vt 0.873532 0.928437
vt 0.873519 0.935238
vt 0.876632 0.925949
vt 0.876642 0.928599
vt 0.876642 0.935361
vt 0.873487 0.947612
vt 0.876615 0.947715
vt 0.873452 0.960029
vt 0.876575 0.960110
vt 0.873428 0.966962
vt 0.870317 0.966831
vt 0.876538 0.966992
vt 0.878226 0.966910
vt 0.878294 0.960164
vt 0.878983 0.960264
vt 0.878861 0.966890
vt 0.954054 0.779461
vt 0.954076 0.787607
vt 0.953730 0.787439
vt 0.953679 0.779418
vt 0.953803 0.790036
vt 0.954989 0.787827
vt 0.954982 0.779529
vt 0.954045 0.764482
vt 0.953662 0.764478
vt 0.954980 0.764484
vt 0.954982 0.749437
vt 0.954054 0.749501
vt 0.953679 0.749537
vt 0.954076 0.741352
vt 0.954989 0.741134
vt 0.953730 0.741514
vt 0.953803 0.738913
vt 0.954093 0.738251
vt 0.954994 0.737769
vt 0.956673 0.737609
vt 0.956672 0.741053
vt 0.956672 0.749411
vt 0.958352 0.737770
vt 0.958355 0.741134
vt 0.958361 0.749437
vt 0.956671 0.764484
vt 0.958364 0.764484
vt 0.956672 0.779556
vt 0.958361 0.779529
vt 0.956672 0.787910
vt 0.958355 0.787828
vt 0.959269 0.787607
vt 0.959290 0.779462
vt 0.959666 0.779418
vt 0.959615 0.787439
vt 0.959543 0.790037
vt 0.959299 0.764482
vt 0.959683 0.764478
vt 0.959666 0.749537
vt 0.959290 0.749501
vt 0.959269 0.741352
vt 0.959615 0.741514
vt 0.959253 0.738251
vt 0.959543 0.738913
vt 0.970386 0.916495
vt 0.969749 0.917747
vt 0.958357 0.736021
vt 0.959272 0.736784
vt 0.972068 0.915787
vt 0.971970 0.914487
vt 0.970261 0.915363
vt 0.956674 0.735778
vt 0.987186 0.291657
vt 0.988477 0.291619
vt 0.988219 0.293467
vt 0.986904 0.293526
vt 0.985586 0.291788
vt 0.985340 0.293636
vt 0.954991 0.736021
vt 0.984169 0.293769
vt 0.984311 0.291982
vt 0.954076 0.736784
vt 0.983534 0.294643
vt 0.982935 0.294638
vt 0.983132 0.294002
vt 0.983111 0.292285
vt 0.873519 0.924442
vt 0.876626 0.924725
vt 0.985334 0.288663
vt 0.984024 0.288879
vt 0.984783 0.285637
vt 0.983511 0.285854
vt 0.870410 0.924563
vt 0.982935 0.284316
vt 0.984095 0.284102
vt 0.868720 0.925153
vt 0.868075 0.926347
vt 0.987661 0.101212
vt 0.988576 0.101965
vt 0.985979 0.100960
vt 0.986382 0.285497
vt 0.985655 0.283962
vt 0.984379 0.099952
vt 0.986067 0.099667
vt 0.984298 0.101182
vt 0.978191 0.914172
vt 0.979903 0.914874
vt 0.979946 0.916010
vt 0.978265 0.915473
vt 0.983387 0.101918
vt 0.980587 0.917197
vt 0.975167 0.915433
vt 0.975080 0.914076
vt 0.986947 0.288523
vt 0.988230 0.288493
vt 0.987674 0.285468
vt 0.878293 0.926412
vt 0.878329 0.928868
vt 0.878827 0.927008
vt 0.878964 0.929108
vt 0.878361 0.935520
vt 0.879050 0.935682
vt 0.879051 0.947964
vt 0.878346 0.947827
vt 0.868622 0.966660
vt 0.867973 0.966607
vt 0.988739 0.418814
vt 0.988581 0.415688
vt 0.988092 0.413962
vt 0.985979 0.157443
s 1
usemtl Material.001
f 4/1/1 3/2/1 1/3/1 2/4/1
f 17/5/2 130/6/3 155/7/4 78/8/5
f 130/6/3 40/9/6 105/10/7 155/7/4
f 155/7/4 105/10/7 42/11/8 136/12/9
f 78/8/5 155/7/4 136/12/9 19/13/10
f 22/14/11 134/15/12 156/16/13 80/17/14
f 134/15/12 43/18/15 109/19/16 156/16/13
f 156/16/13 109/19/16 34/20/17 127/21/18
f 80/17/14 156/16/13 127/21/18 13/22/19
f 19/13/10 136/12/9 157/23/20 84/24/21
f 136/12/9 42/11/8 111/25/22 157/23/20
f 157/23/20 111/25/22 46/26/23 138/27/24
f 84/24/21 157/23/20 138/27/24 23/28/25
f 26/29/26 140/30/27 158/31/28 86/32/29
f 140/30/27 47/33/30 115/34/31 158/31/28
f 158/31/28 115/34/31 43/18/15 134/15/12
f 86/32/29 158/31/28 134/15/12 22/14/11
f 23/28/25 138/27/24 159/35/32 90/36/33
f 138/27/24 46/26/23 117/37/34 159/35/32
f 159/35/32 117/37/34 50/38/35 142/39/36
f 90/36/33 159/35/32 142/39/36 27/40/37
f 30/41/38 144/42/39 160/43/40 92/44/41
f 144/42/39 51/45/42 121/46/43 160/43/40
f 160/43/40 121/46/43 47/33/30 140/30/27
f 92/44/41 160/43/40 140/30/27 26/29/26
f 27/47/37 142/48/36 161/49/44 96/50/45
f 142/48/36 50/51/35 123/52/46 161/49/44
f 161/49/44 123/52/46 54/53/47 146/54/48
f 96/50/45 161/49/44 146/54/48 31/55/49
f 31/55/49 146/54/48 162/56/50 97/57/51
f 146/54/48 54/53/47 126/58/52 162/56/50
f 162/59/50 126/60/52 51/45/42 144/42/39
f 97/61/51 162/59/50 144/42/39 30/41/38
f 41/62/53 149/63/54 163/64/55 112/65/56
f 149/63/54 8/66/57 57/67/58 163/64/55
f 163/64/55 57/67/58 9/68/58 150/69/55
f 112/65/56 163/64/55 150/69/55 45/70/59
f 39/71/60 102/72/61 164/73/62 106/74/63
f 102/72/61 36/75/64 147/76/65 164/73/62
f 164/73/62 147/76/65 8/66/57 149/63/54
f 106/74/63 164/73/62 149/63/54 41/62/53
f 8/66/57 148/77/66 165/78/67 57/67/58
f 148/77/66 44/79/68 114/80/69 165/78/67
f 165/78/67 114/80/69 48/81/70 151/82/67
f 57/67/58 165/78/67 151/82/67 9/68/58
f 45/70/59 150/69/55 166/83/71 118/84/72
f 150/69/55 9/68/58 58/85/58 166/83/71
f 166/83/71 58/85/58 10/86/73 152/87/74
f 118/84/72 166/83/71 152/87/74 49/88/75
f 9/68/58 151/82/67 167/89/76 58/85/58
f 151/82/67 48/81/70 120/90/77 167/89/76
f 167/89/76 120/90/77 52/91/78 153/92/79
f 58/85/58 167/89/76 153/92/79 10/86/73
f 49/88/75 152/87/74 168/93/80 124/94/81
f 10/86/73 154/95/82 168/93/80 152/87/74
f 53/96/83 124/94/81 168/93/80 154/95/82
f 10/86/73 153/92/79 169/97/84 154/95/82
f 52/91/78 125/98/85 169/97/84 153/92/79
f 53/96/83 154/95/82 169/97/84 125/98/85
f 36/75/64 99/99/86 170/100/87 147/76/65
f 99/99/86 35/101/88 108/102/89 170/100/87
f 170/100/87 108/102/89 44/79/68 148/77/66
f 147/76/65 170/100/87 148/77/66 8/66/57
f 28/103/90 95/104/91 171/105/92 141/106/93
f 32/107/94 145/108/95 171/105/92 95/104/91
f 7/109/96 141/106/93 171/105/92 145/108/95
f 24/110/97 89/111/98 172/112/99 137/113/100
f 89/111/98 28/103/90 141/106/93 172/112/99
f 172/112/99 141/106/93 7/109/96 56/114/101
f 137/113/100 172/112/99 56/114/101 6/115/101
f 14/116/102 131/117/103 173/118/104 74/119/105
f 131/117/103 37/120/106 103/121/107 173/118/104
f 173/118/104 103/121/107 38/122/108 129/123/109
f 74/119/105 173/118/104 129/123/109 16/124/110
f 15/125/111 132/126/112 174/127/113 73/128/114
f 132/126/112 5/129/115 133/130/116 174/127/113
f 174/127/113 133/130/116 21/131/117 81/132/118
f 73/128/114 174/127/113 81/132/118 12/133/119
f 7/109/96 145/108/95 175/134/120 143/135/121
f 32/107/94 98/136/122 175/134/120 145/108/95
f 29/137/123 143/135/121 175/134/120 98/136/122
f 6/115/101 56/114/101 176/138/124 139/139/125
f 56/114/101 7/109/96 143/135/121 176/138/124
f 176/138/124 143/135/121 29/137/123 93/140/126
f 139/139/125 176/138/124 93/140/126 25/141/127
f 5/129/115 55/142/101 177/143/125 133/130/116
f 55/142/101 6/115/101 139/139/125 177/143/125
f 177/143/125 139/139/125 25/141/127 87/144/128
f 133/130/116 177/143/125 87/144/128 21/131/117
f 18/145/129 77/146/130 178/147/131 75/148/132
f 77/146/130 20/149/133 135/150/134 178/147/131
f 178/147/131 135/150/134 5/129/115 132/126/112
f 75/148/132 178/147/131 132/126/112 15/125/111
f 20/149/133 83/151/135 179/152/100 135/150/134
f 83/151/135 24/110/97 137/113/100 179/152/100
f 179/152/100 137/113/100 6/115/101 55/142/101
f 135/150/134 179/152/100 55/142/101 5/129/115
f 11/153/136 60/154/137 180/155/138 59/156/139
f 12/157/119 61/158/140 180/155/138 60/154/137
f 13/159/19 59/156/139 180/155/138 61/158/140
f 16/124/110 63/160/141 181/161/142 62/162/143
f 17/163/2 64/164/144 181/161/142 63/160/141
f 18/165/129 62/162/143 181/161/142 64/164/144
f 33/166/145 66/167/146 182/168/147 65/169/148
f 34/170/17 67/171/149 182/172/147 66/173/146
f 35/101/88 65/174/148 182/172/147 67/171/149
f 38/122/108 69/175/150 183/176/151 68/177/152
f 39/71/60 70/178/153 183/179/151 69/180/150
f 40/181/6 68/182/152 183/179/151 70/178/153
f 11/153/136 71/183/154 184/184/155 60/154/137
f 71/183/154 14/116/102 72/185/156 184/184/155
f 184/184/155 72/185/156 15/186/111 73/187/114
f 60/154/137 184/184/155 73/187/114 12/157/119
f 14/116/102 74/119/105 185/188/157 72/185/156
f 74/119/105 16/124/110 62/162/143 185/188/157
f 185/188/157 62/162/143 18/165/129 75/189/132
f 72/185/156 185/188/157 75/189/132 15/186/111
f 20/149/133 77/146/130 186/190/158 76/191/159
f 77/146/130 18/145/129 64/192/144 186/190/158
f 186/193/158 64/194/144 17/5/2 78/8/5
f 76/195/159 186/193/158 78/8/5 19/13/10
f 22/14/11 80/17/14 187/196/160 79/197/161
f 80/17/14 13/22/19 61/198/140 187/196/160
f 187/199/160 61/200/140 12/133/119 81/132/118
f 79/201/161 187/199/160 81/132/118 21/131/117
f 24/110/97 83/151/135 188/202/162 82/203/163
f 83/151/135 20/149/133 76/191/159 188/202/162
f 188/204/162 76/195/159 19/13/10 84/24/21
f 82/205/163 188/204/162 84/24/21 23/28/25
f 26/29/26 86/32/29 189/206/164 85/207/165
f 86/32/29 22/14/11 79/197/161 189/206/164
f 189/208/164 79/201/161 21/131/117 87/144/128
f 85/209/165 189/208/164 87/144/128 25/141/127
f 28/103/90 89/111/98 190/210/166 88/211/167
f 89/111/98 24/110/97 82/203/163 190/210/166
f 190/212/166 82/205/163 23/28/25 90/36/33
f 88/213/167 190/212/166 90/36/33 27/40/37
f 30/41/38 92/44/41 191/214/168 91/215/169
f 92/44/41 26/29/26 85/207/165 191/214/168
f 191/216/168 85/209/165 25/141/127 93/140/126
f 91/217/169 191/216/168 93/140/126 29/137/123
f 32/107/94 95/104/91 192/218/170 94/219/171
f 95/104/91 28/103/90 88/211/167 192/218/170
f 192/218/170 88/211/167 27/220/37 96/221/45
f 94/219/171 192/218/170 96/221/45 31/222/49
f 31/222/49 97/223/51 193/224/172 94/219/171
f 97/61/51 30/41/38 91/215/169 193/225/172
f 193/224/172 91/217/169 29/137/123 98/136/122
f 94/219/171 193/224/172 98/136/122 32/107/94
f 35/101/88 99/99/86 194/226/173 65/174/148
f 99/99/86 36/75/64 100/227/174 194/226/173
f 194/228/173 100/229/174 37/120/106 101/230/175
f 65/169/148 194/228/173 101/230/175 33/166/145
f 36/75/64 102/72/61 195/231/176 100/227/174
f 102/72/61 39/71/60 69/180/150 195/231/176
f 195/232/176 69/175/150 38/122/108 103/121/107
f 100/229/174 195/232/176 103/121/107 37/120/106
f 42/11/8 105/10/7 196/233/177 104/234/178
f 105/10/7 40/9/6 70/235/153 196/233/177
f 196/236/177 70/178/153 39/71/60 106/74/63
f 104/237/178 196/236/177 106/74/63 41/62/53
f 44/79/68 108/102/89 197/238/179 107/239/180
f 108/102/89 35/101/88 67/171/149 197/238/179
f 197/240/179 67/241/149 34/20/17 109/19/16
f 107/242/180 197/240/179 109/19/16 43/18/15
f 46/26/23 111/25/22 198/243/181 110/244/182
f 111/25/22 42/11/8 104/234/178 198/243/181
f 198/245/181 104/237/178 41/62/53 112/65/56
f 110/246/182 198/245/181 112/65/56 45/70/59
f 48/81/70 114/80/69 199/247/183 113/248/184
f 114/80/69 44/79/68 107/239/180 199/247/183
f 199/249/183 107/242/180 43/18/15 115/34/31
f 113/250/184 199/249/183 115/34/31 47/33/30
f 50/38/35 117/37/34 200/251/185 116/252/186
f 117/37/34 46/26/23 110/244/182 200/251/185
f 200/253/185 110/246/182 45/70/59 118/84/72
f 116/254/186 200/253/185 118/84/72 49/88/75
f 52/91/78 120/90/77 201/255/187 119/256/188
f 120/90/77 48/81/70 113/248/184 201/255/187
f 201/257/187 113/250/184 47/33/30 121/46/43
f 119/258/188 201/257/187 121/46/43 51/45/42
f 54/53/47 123/52/46 202/259/189 122/260/190
f 123/52/46 50/51/35 116/261/186 202/259/189
f 202/262/189 116/254/186 49/88/75 124/94/81
f 122/263/190 202/262/189 124/94/81 53/96/83
f 53/96/83 125/98/85 203/264/191 122/263/190
f 125/98/85 52/91/78 119/256/188 203/264/191
f 203/265/191 119/258/188 51/45/42 126/60/52
f 122/260/190 203/266/191 126/58/52 54/53/47
f 13/159/19 127/267/18 204/268/192 59/156/139
f 127/267/18 34/269/17 66/167/146 204/268/192
f 204/268/192 66/167/146 33/166/145 128/270/193
f 59/156/139 204/268/192 128/270/193 11/153/136
f 16/124/110 129/123/109 205/271/194 63/160/141
f 129/123/109 38/122/108 68/177/152 205/271/194
f 205/271/194 68/177/152 40/272/6 130/273/3
f 63/160/141 205/271/194 130/273/3 17/163/2
f 11/153/136 128/270/193 206/274/195 71/183/154
f 128/270/193 33/166/145 101/230/175 206/274/195
f 206/274/195 101/230/175 37/120/106 131/117/103
f 71/183/154 206/274/195 131/117/103 14/116/102
f 210/275/196 207/276/197 208/277/198 487/278/199
f 207/276/197 209/279/200 208/277/198
f 212/280/201 209/281/200 207/282/197 211/283/202
f 207/284/197 210/285/196 214/286/203 211/287/202
f 211/283/202 213/288/204 212/280/201
f 215/289/205 213/288/204 211/283/202 214/290/203
f 215/291/205 214/292/203 216/293/206
f 219/294/207 216/293/206 214/292/203 217/295/208
f 210/285/196 221/296/209 217/297/208 214/286/203
f 599/298/210 218/299/211 217/295/208 220/300/212
f 218/299/211 219/294/207 217/295/208
f 221/296/209 224/301/213 220/302/212 217/297/208
f 224/303/213 221/304/209 222/305/214 225/306/215
f 221/304/209 223/307/216 222/305/214
f 221/304/209 210/275/196 486/308/217 223/307/216
f 225/306/215 226/309/218 224/303/213
f 227/310/219 224/303/213 226/309/218 229/311/220
f 224/301/213 227/312/219 231/313/221 220/302/212
f 230/314/222 227/310/219 228/315/223 512/316/224
f 227/310/219 229/311/220 228/315/223
f 227/312/219 230/317/222 234/318/225 231/313/221
f 235/319/226 232/320/227 231/321/221 234/322/225
f 232/320/227 233/323/228 231/321/221
f 233/323/228 598/324/229 220/300/212 231/321/221
f 235/319/226 234/322/225 236/325/230
f 239/326/231 236/325/230 234/322/225 237/327/232
f 230/317/222 241/328/233 237/329/232 234/318/225
f 396/330/234 238/331/235 237/327/232 240/332/236
f 238/331/235 239/326/231 237/327/232
f 241/328/233 244/333/237 240/334/236 237/329/232
f 244/335/237 241/336/233 242/337/238 245/338/239
f 241/336/233 243/339/240 242/337/238
f 241/336/233 230/314/222 513/340/241 243/339/240
f 245/338/239 246/341/242 244/335/237
f 247/342/243 244/335/237 246/341/242 249/343/244
f 244/333/237 247/344/243 251/345/245 240/334/236
f 250/346/246 247/342/243 248/347/247 317/348/248
f 247/342/243 249/343/244 248/347/247
f 247/344/243 250/349/246 254/350/249 251/345/245
f 255/351/250 252/352/251 251/353/245 254/354/249
f 252/352/251 253/355/252 251/353/245
f 253/355/252 395/356/253 240/332/236 251/353/245
f 255/351/250 254/354/249 256/357/254
f 259/358/255 256/357/254 254/354/249 257/359/256
f 250/349/246 261/360/257 257/361/256 254/350/249
f 358/362/258 258/363/259 257/359/256 260/364/260
f 258/363/259 259/358/255 257/359/256
f 261/360/257 264/365/261 260/366/260 257/361/256
f 264/367/261 261/368/257 262/369/262 265/370/263
f 261/368/257 263/371/264 262/369/262
f 261/368/257 250/346/246 316/372/265 263/371/264
f 265/370/263 266/373/266 264/367/261
f 267/374/267 264/375/261 266/376/266 268/377/268
f 264/365/261 267/378/267 270/379/269 260/366/260
f 268/380/268 269/381/270 267/382/267
f 270/383/269 267/384/267 269/385/270 272/386/271
f 271/387/272 357/388/273 260/389/260 270/383/269
f 271/387/272 270/383/269 272/386/271
f 274/390/274 271/387/272 272/386/271 273/391/275
f 269/385/270 276/392/276 273/391/275 272/386/271
f 352/393/277 274/390/274 273/391/275 275/394/278
f 276/392/276 278/395/279 275/394/278 273/391/275
f 278/396/279 276/397/276 277/398/280 280/399/281
f 276/397/276 269/381/270 268/380/268 277/398/280
f 279/400/282 278/396/279 280/399/281 281/401/283
f 278/395/279 279/402/282 351/403/284 275/394/278
f 281/404/283 280/405/281 282/406/285 285/407/286
f 280/405/281 277/408/280 284/409/287 282/406/285
f 283/410/288 286/411/289 285/412/286 282/413/285
f 312/414/290 283/410/288 282/413/285 284/415/287
f 286/411/289 288/416/291 287/417/292 285/412/286
f 290/418/293 281/404/283 285/407/286 287/419/292
f 288/416/291 301/420/294 289/421/295 287/417/292
f 292/422/296 290/418/293 287/419/292 289/423/295
f 291/424/297 279/400/282 281/401/283 290/425/293
f 293/426/298 291/424/297 290/425/293 292/427/296
f 296/428/299 293/426/298 292/427/296 294/429/300
f 294/430/300 292/422/296 289/423/295 297/431/301
f 298/432/302 295/433/303 294/430/300 297/431/301
f 295/434/303 296/428/299 294/429/300
f 297/435/301 299/436/304 298/437/302
f 301/420/294 299/436/304 297/435/301 289/421/295
f 329/438/305 298/437/302 299/436/304 300/439/306
f 299/436/304 301/420/294 302/440/307 300/439/306
f 301/420/294 288/416/291 304/441/308 302/440/307
f 300/439/306 302/440/307 303/442/309 328/443/310
f 302/440/307 304/441/308 305/444/311 303/442/309
f 304/441/308 306/445/312 307/446/313 305/444/311
f 288/416/291 286/411/289 306/445/312 304/441/308
f 306/445/312 308/447/314 309/448/315 307/446/313
f 286/411/289 283/410/288 308/447/314 306/445/312
f 308/447/314 310/449/316 311/450/317 309/448/315
f 283/410/288 312/414/290 310/449/316 308/447/314
f 310/449/316 262/369/262 263/371/264 311/450/317
f 312/414/290 265/370/263 262/369/262 310/449/316
f 265/370/263 312/414/290 284/415/287 266/373/266
f 311/450/317 263/371/264 316/372/265 313/451/318
f 309/452/315 311/453/317 313/454/318 315/455/319
f 317/348/248 314/456/320 313/451/318 316/372/265
f 314/456/320 318/457/321 315/458/319 313/451/318
f 317/348/248 316/372/265 250/346/246
f 314/456/320 317/348/248 248/347/247 551/459/322
f 318/457/321 320/460/323 319/461/324 315/458/319
f 307/462/313 309/452/315 315/455/319 319/463/324
f 320/460/323 322/464/325 321/465/326 319/461/324
f 305/466/311 307/462/313 319/463/324 321/467/326
f 322/464/325 324/468/327 323/469/328 321/465/326
f 303/470/309 305/466/311 321/467/326 323/471/328
f 324/468/327 327/472/329 325/473/330 323/469/328
f 328/443/310 303/442/309 323/469/328 325/473/330
f 326/474/331 329/438/305 328/443/310 325/473/330
f 325/473/330 327/472/329 326/474/331
f 329/438/305 300/439/306 328/443/310
f 329/475/305 326/476/331 333/477/332 330/478/333
f 298/479/302 329/475/305 330/478/333 334/480/334
f 372/481/335 331/482/336 330/483/333 333/484/332
f 331/482/336 332/485/337 330/483/333
f 332/485/337 336/486/338 334/487/334 330/483/333
f 335/488/339 339/489/340 337/490/341 334/491/334
f 335/492/339 334/487/334 336/486/338
f 295/493/303 298/479/302 334/480/334 337/494/341
f 295/495/303 337/490/341 338/496/342 296/497/299
f 337/490/341 339/489/340 338/496/342
f 339/489/340 340/498/343 341/499/344 338/496/342
f 339/489/340 335/488/339 343/500/345 340/498/343
f 340/498/343 342/501/346 353/502/347 341/499/344
f 340/498/343 343/500/345 345/503/348 342/501/346
f 336/486/338 344/504/349 343/505/345 335/492/339
f 344/504/349 346/506/350 345/507/348 343/505/345
f 346/506/350 348/508/351 347/509/352 345/507/348
f 342/501/346 345/503/348 347/510/352 350/511/353
f 348/508/351 354/512/354 349/513/355 347/509/352
f 350/511/353 347/510/352 349/514/355 352/393/277
f 342/501/346 350/511/353 351/403/284 353/502/347
f 350/511/353 352/393/277 275/394/278 351/403/284
f 352/393/277 349/514/355 355/515/356 274/390/274
f 279/402/282 291/516/297 353/502/347 351/403/284
f 291/516/297 293/517/298 341/499/344 353/502/347
f 354/512/354 356/518/357 355/519/356 349/513/355
f 356/518/357 358/362/258 357/520/273 355/519/356
f 274/390/274 355/515/356 357/388/273 271/387/272
f 358/362/258 260/364/260 357/520/273
f 356/518/357 359/521/358 258/363/259 358/362/258
f 354/512/354 361/522/359 359/521/358 356/518/357
f 362/523/360 360/524/361 359/521/358 361/522/359
f 360/524/361 259/358/255 258/363/259 359/521/358
f 364/525/362 362/523/360 361/522/359 363/526/363
f 348/508/351 363/526/363 361/522/359 354/512/354
f 366/527/364 364/525/362 363/526/363 365/528/365
f 346/506/350 365/528/365 363/526/363 348/508/351
f 368/529/366 366/527/364 365/528/365 367/530/367
f 344/504/349 367/530/367 365/528/365 346/506/350
f 331/482/336 368/529/366 367/530/367 332/485/337
f 336/486/338 332/485/337 367/530/367 344/504/349
f 331/482/336 372/481/335 369/531/368 368/529/366
f 368/529/366 369/531/368 371/532/369 366/527/364
f 373/533/370 370/534/371 369/531/368 372/481/335
f 370/534/371 382/535/372 371/532/369 369/531/368
f 372/481/335 333/484/332 373/533/370
f 374/536/373 373/533/370 333/484/332 376/537/374
f 373/533/370 374/536/373 377/538/375 370/534/371
f 375/539/376 378/540/377 377/538/375 374/536/373
f 375/539/376 374/536/373 376/537/374
f 378/540/377 380/541/378 379/542/379 377/538/375
f 370/534/371 377/538/375 379/542/379 382/535/372
f 380/541/378 401/543/380 381/544/381 379/542/379
f 382/535/372 379/542/379 381/544/381 383/545/382
f 382/535/372 383/545/382 384/546/383 371/532/369
f 383/545/382 385/547/384 386/548/385 384/546/383
f 383/545/382 381/544/381 388/549/386 385/547/384
f 385/547/384 387/550/387 622/551/388 386/548/385
f 385/547/384 388/549/386 390/552/389 387/550/387
f 389/553/390 391/554/391 390/552/389 388/549/386
f 401/543/380 389/553/390 388/549/386 381/544/381
f 391/554/391 253/355/252 252/352/251 390/552/389
f 387/550/387 390/552/389 252/352/251 255/351/250
f 391/554/391 392/555/392 395/356/253 253/355/252
f 389/553/390 394/556/393 392/555/392 391/554/391
f 393/557/394 396/330/234 395/356/253 392/555/392
f 397/558/395 393/557/394 392/555/392 394/556/393
f 396/330/234 240/332/236 395/356/253
f 393/557/394 605/559/396 238/331/235 396/330/234
f 399/560/397 397/558/395 394/556/393 398/561/398
f 401/543/380 398/561/398 394/556/393 389/553/390
f 402/562/399 399/560/397 398/561/398 400/563/400
f 380/541/378 400/563/400 398/561/398 401/543/380
f 404/564/401 402/562/399 400/563/400 403/565/402
f 378/540/377 403/565/402 400/563/400 380/541/378
f 406/566/403 404/564/401 403/565/402 405/567/404
f 375/539/376 405/567/404 403/565/402 378/540/377
f 405/567/404 407/568/405 406/566/403
f 405/567/404 375/539/376 376/537/374 407/568/405
f 614/569/406 406/566/403 407/568/405 408/570/407
f 412/571/408 409/572/409 407/573/405 376/574/374
f 409/572/409 413/575/410 408/576/407 407/573/405
f 409/577/409 412/578/408 543/579/411 410/580/412
f 410/580/412 411/581/413 409/577/409
f 413/582/410 409/577/409 411/581/413 415/583/414
f 416/584/415 413/582/410 414/585/416 417/586/417
f 413/582/410 415/583/414 414/585/416
f 413/575/410 416/587/415 420/588/418 408/576/407
f 417/586/417 418/589/419 416/584/415
f 419/590/420 416/584/415 418/589/419 553/591/421
f 416/587/415 419/592/420 423/593/422 420/588/418
f 421/594/423 615/595/424 408/570/407 420/596/418
f 421/594/423 420/596/418 422/597/425
f 425/598/426 422/597/425 420/596/418 423/599/422
f 427/600/427 424/601/428 423/599/422 426/602/429
f 424/601/428 425/598/426 423/599/422
f 419/592/420 430/603/430 426/604/429 423/593/422
f 427/600/427 426/602/429 428/605/431
f 577/606/432 428/605/431 426/602/429 429/607/433
f 430/603/430 433/608/434 429/609/433 426/604/429
f 430/610/430 419/590/420 500/611/435 431/612/436
f 431/612/436 432/613/437 430/610/430
f 433/614/434 430/610/430 432/613/437 435/615/438
f 436/616/439 433/614/434 434/617/440 437/618/441
f 433/614/434 435/615/438 434/617/440
f 433/608/434 436/619/439 440/620/442 429/609/433
f 437/618/441 438/621/443 436/616/439
f 439/622/444 436/616/439 438/621/443 448/623/445
f 436/619/439 439/624/444 443/625/446 440/620/442
f 441/626/447 578/627/448 429/607/433 440/628/442
f 441/626/447 440/628/442 442/629/449
f 444/630/450 442/629/449 440/628/442 443/631/446
f 444/632/450 443/633/446 445/634/451
f 443/633/446 439/635/444 447/636/452 445/634/451
f 585/637/453 444/632/450 445/634/451 446/638/454
f 447/636/452 449/639/455 446/638/454 445/634/451
f 449/640/455 447/641/452 448/623/445 450/642/456
f 448/623/445 447/641/452 439/622/444
f 451/643/457 449/640/455 450/642/456 453/644/458
f 449/639/455 451/645/457 454/646/459 446/638/454
f 452/647/460 451/643/457 453/644/458 465/648/461
f 451/645/457 452/649/460 456/650/462 454/646/459
f 455/651/463 585/637/453 446/638/454 454/646/459
f 457/652/464 455/651/463 454/646/459 456/650/462
f 459/653/465 457/652/464 456/650/462 458/654/466
f 452/649/460 461/655/467 458/654/466 456/650/462
f 554/656/468 459/653/465 458/654/466 460/657/469
f 461/655/467 462/658/470 460/657/469 458/654/466
f 462/659/470 461/660/467 463/661/471 464/662/472
f 461/660/467 452/647/460 465/648/461 463/661/471
f 466/663/473 467/664/474 464/665/472 463/666/471
f 469/667/475 466/663/473 463/666/471 465/668/461
f 467/669/474 466/670/473 468/671/476 485/672/477
f 466/670/473 469/673/475 470/674/478 468/671/476
f 469/673/475 471/675/479 472/676/480 470/674/478
f 471/677/479 469/667/475 465/668/461 453/678/458
f 471/675/479 473/679/481 474/680/482 472/676/480
f 473/681/481 471/677/479 453/678/458 450/682/456
f 473/679/481 438/621/443 437/618/441 474/680/482
f 438/683/443 473/681/481 450/682/456 448/684/445
f 475/685/483 477/686/484 472/676/480 474/680/482
f 434/617/440 475/685/483 474/680/482 437/618/441
f 476/687/485 478/688/486 477/686/484 475/685/483
f 435/615/438 476/687/485 475/685/483 434/617/440
f 478/688/486 480/689/487 479/690/488 477/686/484
f 477/686/484 479/690/488 470/674/478 472/676/480
f 480/689/487 482/691/489 481/692/490 479/690/488
f 479/690/488 481/692/490 468/671/476 470/674/478
f 482/691/489 484/693/491 483/694/492 481/692/490
f 481/692/490 483/694/492 485/672/477 468/671/476
f 484/693/491 222/305/214 223/307/216 483/694/492
f 483/694/492 223/307/216 486/308/217 485/672/477
f 487/278/199 467/669/474 485/672/477 486/308/217
f 487/278/199 486/308/217 210/275/196
f 467/669/474 487/278/199 208/277/198 464/662/472
f 488/695/493 225/306/215 222/305/214 484/693/491
f 490/696/494 488/695/493 484/693/491 482/691/489
f 225/306/215 488/695/493 489/697/495 226/309/218
f 488/695/493 490/696/494 491/698/496 489/697/495
f 490/696/494 492/699/497 493/700/498 491/698/496
f 492/699/497 490/696/494 482/691/489 480/689/487
f 492/699/497 494/701/499 495/702/500 493/700/498
f 494/701/499 492/699/497 480/689/487 478/688/486
f 494/701/499 496/703/501 497/704/502 495/702/500
f 496/703/501 494/701/499 478/688/486 476/687/485
f 496/703/501 432/613/437 431/612/436 497/704/502
f 432/613/437 496/703/501 476/687/485 435/615/438
f 498/705/503 501/706/504 495/702/500 497/704/502
f 500/611/435 498/705/503 497/704/502 431/612/436
f 499/707/505 502/708/506 501/706/504 498/705/503
f 553/591/421 499/707/505 498/705/503 500/611/435
f 502/708/506 504/709/507 503/710/508 501/706/504
f 501/706/504 503/710/508 493/700/498 495/702/500
f 504/709/507 506/711/509 505/712/510 503/710/508
f 503/710/508 505/712/510 491/698/496 493/700/498
f 506/711/509 508/713/511 507/714/512 505/712/510
f 505/712/510 507/714/512 489/697/495 491/698/496
f 508/713/511 228/315/223 229/311/220 507/714/512
f 507/714/512 229/311/220 226/309/218 489/697/495
f 509/715/513 512/316/224 228/315/223 508/713/511
f 511/716/514 509/715/513 508/713/511 506/711/509
f 512/316/224 509/715/513 510/717/515 513/340/241
f 509/715/513 511/716/514 514/718/516 510/717/515
f 512/316/224 513/340/241 230/314/222
f 529/719/517 243/339/240 513/340/241 510/717/515
f 511/716/514 515/720/518 516/721/519 514/718/516
f 515/720/518 511/716/514 506/711/509 504/709/507
f 515/720/518 517/722/520 518/723/521 516/721/519
f 517/722/520 515/720/518 504/709/507 502/708/506
f 517/722/520 519/724/522 520/725/523 518/723/521
f 519/724/522 517/722/520 502/708/506 499/707/505
f 519/724/522 418/589/419 417/586/417 520/725/523
f 418/589/419 519/724/522 499/707/505 553/591/421
f 521/726/524 523/727/525 518/723/521 520/725/523
f 414/585/416 521/726/524 520/725/523 417/586/417
f 522/728/526 524/729/527 523/727/525 521/726/524
f 415/583/414 522/728/526 521/726/524 414/585/416
f 524/729/527 526/730/528 525/731/529 523/727/525
f 523/727/525 525/731/529 516/721/519 518/723/521
f 526/730/528 528/732/530 527/733/531 525/731/529
f 525/731/529 527/733/531 514/718/516 516/721/519
f 528/732/530 530/734/532 529/719/517 527/733/531
f 527/733/531 529/719/517 510/717/515 514/718/516
f 530/734/532 242/337/238 243/339/240 529/719/517
f 531/735/533 245/338/239 242/337/238 530/734/532
f 533/736/534 531/735/533 530/734/532 528/732/530
f 245/338/239 531/735/533 532/737/535 246/341/242
f 531/735/533 533/736/534 534/738/536 532/737/535
f 533/736/534 535/739/537 536/740/538 534/738/536
f 535/739/537 533/736/534 528/732/530 526/730/528
f 535/739/537 537/741/539 538/742/540 536/740/538
f 537/741/539 535/739/537 526/730/528 524/729/527
f 537/741/539 539/743/541 540/744/542 538/742/540
f 539/743/541 537/741/539 524/729/527 522/728/526
f 539/743/541 411/581/413 410/580/412 540/744/542
f 411/581/413 539/743/541 522/728/526 415/583/414
f 541/745/543 544/746/544 538/742/540 540/744/542
f 543/579/411 541/745/543 540/744/542 410/580/412
f 542/747/545 545/748/546 544/746/544 541/745/543
f 552/749/547 542/747/545 541/745/543 543/579/411
f 545/748/546 547/750/548 546/751/549 544/746/544
f 544/746/544 546/751/549 536/740/538 538/742/540
f 547/750/548 549/752/550 548/753/551 546/751/549
f 546/751/549 548/753/551 534/738/536 536/740/538
f 549/752/550 551/459/322 550/754/552 548/753/551
f 548/753/551 550/754/552 532/737/535 534/738/536
f 551/459/322 248/347/247 249/343/244 550/754/552
f 550/754/552 249/343/244 246/341/242 532/737/535
f 318/457/321 314/456/320 551/459/322 549/752/550
f 320/460/323 318/457/321 549/752/550 547/750/548
f 322/464/325 320/460/323 547/750/548 545/748/546
f 324/468/327 322/464/325 545/748/546 542/747/545
f 412/578/408 552/749/547 543/579/411
f 412/578/408 326/474/331 327/472/329 552/749/547
f 327/472/329 324/468/327 542/747/545 552/749/547
f 419/590/420 553/591/421 500/611/435
f 209/279/200 462/659/470 464/662/472 208/277/198
f 462/658/470 209/281/200 212/280/201 460/657/469
f 213/288/204 554/656/468 460/657/469 212/280/201
f 555/755/553 554/656/468 213/288/204 215/289/205
f 556/756/554 459/653/465 554/656/468 555/755/553
f 556/757/554 555/758/553 557/759/555 558/760/556
f 555/758/553 215/291/205 216/293/206 557/759/555
f 561/761/557 558/760/556 557/759/555 559/762/558
f 559/762/558 557/759/555 216/293/206 219/294/207
f 561/761/557 559/762/558 560/763/559 563/764/560
f 559/762/558 219/294/207 218/299/211 560/763/559
f 562/765/561 561/761/557 563/764/560 564/766/562
f 562/765/561 583/767/563 558/760/556 561/761/557
f 568/768/564 564/766/562 563/764/560 565/769/565
f 565/769/565 563/764/560 560/763/559 567/770/566
f 568/768/564 565/769/565 566/771/567 569/772/568
f 565/769/565 567/770/566 597/773/569 566/771/567
f 570/774/570 568/768/564 569/772/568 571/775/571
f 570/774/570 573/776/572 564/766/562 568/768/564
f 572/777/573 570/774/570 571/775/571 586/778/574
f 572/777/573 575/779/575 573/776/572 570/774/570
f 574/780/576 562/765/561 564/766/562 573/776/572
f 576/781/577 574/780/576 573/776/572 575/779/575
f 578/627/448 576/781/577 575/779/575 577/606/432
f 428/605/431 577/606/432 575/779/575 572/777/573
f 578/627/448 577/606/432 429/607/433
f 578/627/448 441/626/447 579/782/578 576/781/577
f 576/781/577 579/782/578 581/783/579 574/780/576
f 442/629/449 580/784/580 579/782/578 441/626/447
f 580/784/580 582/785/581 581/783/579 579/782/578
f 582/785/581 584/786/582 583/767/563 581/783/579
f 574/780/576 581/783/579 583/767/563 562/765/561
f 584/786/582 556/757/554 558/760/556 583/767/563
f 584/787/582 457/652/464 459/653/465 556/756/554
f 582/788/581 455/651/463 457/652/464 584/787/582
f 580/789/580 585/637/453 455/651/463 582/788/581
f 442/629/449 444/630/450 585/790/453 580/784/580
f 428/605/431 572/777/573 586/778/574 427/600/427
f 587/791/583 586/778/574 571/775/571 589/792/584
f 424/601/428 427/600/427 586/778/574 587/791/583
f 424/601/428 587/791/583 588/793/585 425/598/426
f 587/791/583 589/792/584 590/794/586 588/793/585
f 589/792/584 591/795/587 592/796/588 590/794/586
f 589/792/584 571/775/571 569/772/568 591/795/587
f 591/795/587 593/797/589 594/798/590 592/796/588
f 591/795/587 569/772/568 566/771/567 593/797/589
f 593/797/589 595/799/591 596/800/592 594/798/590
f 593/797/589 566/771/567 597/773/569 595/799/591
f 595/799/591 233/323/228 232/320/227 596/800/592
f 595/799/591 597/773/569 598/324/229 233/323/228
f 567/770/566 599/298/210 598/324/229 597/773/569
f 599/298/210 220/300/212 598/324/229
f 567/770/566 560/763/559 218/299/211 599/298/210
f 600/801/593 596/800/592 232/320/227 235/319/226
f 601/802/594 594/798/590 596/800/592 600/801/593
f 601/802/594 600/801/593 602/803/595 603/804/596
f 600/801/593 235/319/226 236/325/230 602/803/595
f 606/805/597 603/804/596 602/803/595 604/806/598
f 604/806/598 602/803/595 236/325/230 239/326/231
f 606/805/597 604/806/598 605/559/396 608/807/599
f 604/806/598 239/326/231 238/331/235 605/559/396
f 607/808/600 606/805/597 608/807/599 609/809/601
f 607/808/600 620/810/602 603/804/596 606/805/597
f 399/560/397 609/809/601 608/807/599 397/558/395
f 397/558/395 608/807/599 605/559/396 393/557/394
f 611/811/603 607/808/600 609/809/601 610/812/604
f 402/562/399 610/812/604 609/809/601 399/560/397
f 613/813/605 611/811/603 610/812/604 612/814/606
f 404/564/401 612/814/606 610/812/604 402/562/399
f 615/595/424 613/813/605 612/814/606 614/569/406
f 406/566/403 614/569/406 612/814/606 404/564/401
f 615/595/424 614/569/406 408/570/407
f 615/595/424 421/594/423 616/815/607 613/813/605
f 613/813/605 616/815/607 618/816/608 611/811/603
f 422/597/425 617/817/609 616/815/607 421/594/423
f 617/817/609 619/818/610 618/816/608 616/815/607
f 619/818/610 621/819/611 620/810/602 618/816/608
f 611/811/603 618/816/608 620/810/602 607/808/600
f 621/819/611 601/802/594 603/804/596 620/810/602
f 621/819/611 592/796/588 594/798/590 601/802/594
f 619/818/610 590/794/586 592/796/588 621/819/611
f 617/817/609 588/793/585 590/794/586 619/818/610
f 422/597/425 425/598/426 588/793/585 617/817/609
f 326/476/331 412/571/408 376/574/374 333/477/332
f 387/550/387 255/351/250 256/357/254 622/551/388
f 362/523/360 386/548/385 622/551/388 360/524/361
f 360/524/361 622/551/388 256/357/254 259/358/255
f 364/525/362 384/546/383 386/548/385 362/523/360
f 366/527/364 371/532/369 384/546/383 364/525/362
f 293/517/298 296/497/299 338/496/342 341/499/344
f 277/408/280 268/377/268 266/376/266 284/409/287
f 627/820/612 624/821/613 623/822/614 625/823/615
f 629/824/616 627/820/612 625/823/615 626/825/617
f 628/826/618 674/827/619 624/821/613 627/820/612
f 630/828/620 628/826/618 627/820/612 629/824/616
f 630/828/620 629/824/616 631/829/621 634/830/622
f 629/824/616 626/825/617 632/831/623 631/829/621
f 631/829/621 632/831/623 842/832/624 633/833/625
f 634/830/622 631/829/621 633/833/625 635/834/626
f 636/835/627 634/830/622 635/834/626 638/836/628
f 637/837/629 630/828/620 634/830/622 636/835/627
f 641/838/630 637/837/629 636/835/627 639/839/631
f 639/839/631 636/835/627 638/836/628 640/840/632
f 642/841/633 639/839/631 640/840/632 644/842/634
f 643/843/635 641/838/630 639/839/631 642/841/633
f 647/844/636 643/843/635 642/841/633 645/845/637
f 645/845/637 642/841/633 644/842/634 646/846/638
f 648/847/639 645/848/637 646/849/638 650/850/640
f 649/851/641 647/852/636 645/848/637 648/847/639
f 652/853/642 649/851/641 648/847/639 651/854/643
f 651/854/643 648/847/639 650/850/640 653/855/644
f 651/854/643 654/856/645 657/857/646 652/853/642
f 653/855/644 655/858/647 654/856/645 651/854/643
f 655/859/647 853/860/648 656/861/649 654/862/645
f 654/862/645 656/861/649 658/863/650 657/864/646
f 658/863/650 660/865/651 659/866/652 657/864/646
f 657/857/646 659/867/652 662/868/653 652/853/642
f 660/865/651 675/869/654 661/870/655 659/866/652
f 659/867/652 661/871/655 663/872/656 662/868/653
f 662/868/653 663/872/656 665/873/657 664/874/658
f 652/853/642 662/868/653 664/874/658 649/851/641
f 664/874/658 665/873/657 667/875/659 666/876/660
f 649/851/641 664/874/658 666/876/660 647/852/636
f 647/844/636 666/877/660 668/878/661 643/843/635
f 666/877/660 667/879/659 669/880/662 668/878/661
f 668/878/661 669/880/662 671/881/663 670/882/664
f 643/843/635 668/878/661 670/882/664 641/838/630
f 641/838/630 670/882/664 672/883/665 637/837/629
f 670/882/664 671/881/663 673/884/666 672/883/665
f 672/883/665 673/884/666 674/827/619 628/826/618
f 637/837/629 672/883/665 628/826/618 630/828/620
f 678/885/667 676/886/668 675/869/654 660/865/651
f 679/887/669 677/888/670 676/886/668 678/885/667
f 681/889/671 679/887/669 678/885/667 680/890/672
f 680/890/672 678/885/667 660/865/651 658/863/650
f 682/891/673 684/892/674 681/889/671 680/890/672
f 656/861/649 682/891/673 680/890/672 658/863/650
f 683/893/675 685/894/676 684/892/674 682/891/673
f 853/860/648 683/893/675 682/891/673 656/861/649
f 684/892/674 686/895/677 689/896/678 681/889/671
f 685/894/676 687/897/679 686/895/677 684/892/674
f 687/897/679 862/898/680 688/899/681 686/895/677
f 686/895/677 688/899/681 690/900/682 689/896/678
f 690/900/682 692/901/683 691/902/684 689/896/678
f 681/889/671 689/896/678 691/902/684 679/887/669
f 876/903/685 693/904/686 691/902/684 692/901/683
f 695/905/687 694/906/688 691/902/684 693/904/686
f 677/888/670 679/887/669 691/902/684 694/906/688
f 695/905/687 693/904/686 699/907/689 697/908/690
f 695/909/687 697/910/690 700/911/691 696/912/692
f 698/913/693 701/914/694 700/911/691 697/910/690
f 698/915/693 697/908/690 699/907/689 880/916/695
f 698/913/693 703/917/696 702/918/697 701/914/694
f 703/917/696 881/919/698 704/920/699 702/918/697
f 707/921/700 705/922/701 706/923/702 708/924/703
f 709/925/704 707/921/700 708/924/703 710/926/705
f 710/926/705 711/927/706 709/925/704
f 709/928/704 711/929/706 712/930/707
f 709/928/704 712/930/707 715/931/708 713/932/709
f 714/933/710 713/932/709 715/931/708 717/934/711
f 737/935/712 717/934/711 715/931/708 716/936/713
f 719/937/714 716/936/713 715/931/708 718/938/715
f 720/939/716 718/938/715 715/931/708 712/930/707
f 722/940/717 719/937/714 718/938/715 721/941/718
f 721/941/718 718/938/715 720/939/716 723/942/719
f 726/943/720 722/940/717 721/941/718 724/944/721
f 724/944/721 721/941/718 723/942/719 725/945/722
f 722/940/717 726/943/720 727/946/723 729/947/724
f 729/947/724 727/946/723 728/948/725 730/949/726
f 719/937/714 722/940/717 729/947/724 731/950/727
f 731/950/727 729/947/724 730/949/726 732/951/728
f 733/952/729 731/950/727 732/951/728 734/953/730
f 716/936/713 719/937/714 731/950/727 733/952/729
f 737/935/712 716/936/713 733/952/729 735/954/731
f 735/954/731 733/952/729 734/953/730 736/955/732
f 738/956/733 735/954/731 736/955/732 740/957/734
f 739/958/735 737/935/712 735/954/731 738/956/733
f 743/959/736 739/958/735 738/956/733 741/960/737
f 741/960/737 738/956/733 740/957/734 742/961/738
f 744/962/739 741/960/737 742/961/738 746/963/740
f 745/964/741 743/959/736 741/960/737 744/962/739
f 749/965/742 745/966/741 744/967/739 747/968/743
f 747/968/743 744/967/739 746/969/740 748/970/744
f 748/970/744 751/971/745 750/972/746 747/968/743
f 747/968/743 750/972/746 753/973/747 749/965/742
f 751/971/745 797/974/748 752/975/749 750/972/746
f 750/972/746 752/975/749 754/976/750 753/973/747
f 753/973/747 754/976/750 756/977/751 755/978/752
f 749/965/742 753/973/747 755/978/752 758/979/753
f 755/978/752 756/977/751 766/980/754 757/981/755
f 758/979/753 755/978/752 757/981/755 759/982/756
f 745/966/741 749/965/742 758/979/753 760/983/757
f 760/983/757 758/979/753 759/982/756 761/984/758
f 743/959/736 745/964/741 760/985/757 762/986/759
f 762/986/759 760/985/757 761/987/758 763/988/760
f 764/989/761 762/986/759 763/988/760 765/990/762
f 739/958/735 743/959/736 762/986/759 764/989/761
f 737/935/712 739/958/735 764/989/761 717/934/711
f 717/934/711 764/989/761 765/990/762 714/933/710
f 756/991/751 769/992/763 767/993/764 766/994/754
f 769/992/763 771/995/765 768/996/766 767/993/764
f 770/997/767 772/998/768 771/995/765 769/992/763
f 754/999/750 770/997/767 769/992/763 756/991/751
f 771/995/765 773/1000/769 776/1001/770 768/996/766
f 772/998/768 774/1002/771 773/1000/769 771/995/765
f 774/1002/771 789/1003/772 775/1004/773 773/1000/769
f 773/1000/769 775/1004/773 777/1005/774 776/1001/770
f 775/1004/773 780/1006/775 778/1007/776 777/1005/774
f 780/1006/775 782/1008/777 779/1009/778 778/1007/776
f 781/1010/779 783/1011/780 782/1008/777 780/1006/775
f 789/1003/772 781/1010/779 780/1006/775 775/1004/773
f 786/1012/781 784/1013/782 783/1011/780 781/1010/779
f 787/1014/783 785/1015/784 784/1013/782 786/1012/781
f 790/1016/785 787/1014/783 786/1012/781 788/1017/786
f 788/1017/786 786/1012/781 781/1010/779 789/1003/772
f 791/1018/787 788/1017/786 789/1003/772 774/1002/771
f 792/1019/788 790/1016/785 788/1017/786 791/1018/787
f 794/1020/789 792/1019/788 791/1018/787 793/1021/790
f 793/1021/790 791/1018/787 774/1002/771 772/998/768
f 795/1022/791 793/1021/790 772/998/768 770/997/767
f 796/1023/792 794/1020/789 793/1021/790 795/1022/791
f 797/1024/748 796/1023/792 795/1022/791 752/1025/749
f 752/1025/749 795/1022/791 770/997/767 754/999/750
f 798/1026/793 800/1027/794 794/1028/789 796/1029/792
f 801/1030/795 798/1026/793 796/1029/792 797/1031/748
f 799/1032/796 823/1033/797 800/1027/794 798/1026/793
f 802/1034/798 799/1032/796 798/1026/793 801/1030/795
f 803/1035/799 801/1030/795 797/1031/748 751/1036/745
f 804/1037/800 802/1034/798 801/1030/795 803/1035/799
f 806/1038/801 804/1037/800 803/1035/799 805/1039/802
f 805/1039/802 803/1035/799 751/1036/745 748/1040/744
f 805/1039/802 807/1041/803 809/1042/804 806/1038/801
f 748/1040/744 746/1043/740 807/1041/803 805/1039/802
f 746/1043/740 742/1044/738 808/1045/805 807/1041/803
f 807/1041/803 808/1045/805 810/1046/806 809/1042/804
f 809/1042/804 810/1046/806 812/1047/807 811/1048/808
f 806/1038/801 809/1042/804 811/1048/808 814/1049/809
f 811/1048/808 812/1047/807 854/1050/810 813/1051/811
f 814/1049/809 811/1048/808 813/1051/811 815/1052/812
f 816/1053/813 814/1049/809 815/1052/812 817/1054/814
f 804/1037/800 806/1038/801 814/1049/809 816/1053/813
f 802/1034/798 804/1037/800 816/1053/813 818/1055/815
f 818/1055/815 816/1053/813 817/1054/814 819/1056/816
f 799/1032/796 802/1034/798 818/1055/815 820/1057/817
f 820/1057/817 818/1055/815 819/1056/816 821/1058/818
f 823/1033/797 799/1032/796 820/1057/817 822/1059/819
f 822/1059/819 820/1057/817 821/1058/818 824/1060/820
f 826/1061/821 823/1033/797 822/1059/819 825/1062/822
f 825/1062/822 822/1059/819 824/1060/820 827/1063/823
f 829/1064/824 826/1061/821 825/1062/822 828/1065/825
f 828/1065/825 825/1062/822 827/1063/823 830/1066/826
f 832/1067/827 829/1064/824 828/1065/825 831/1068/828
f 831/1068/828 828/1065/825 830/1066/826 833/1069/829
f 836/1070/830 832/1067/827 831/1068/828 834/1071/831
f 834/1071/831 831/1068/828 833/1069/829 835/1072/832
f 832/1067/827 836/1070/830 837/1073/833 838/1074/834
f 838/1074/834 837/1073/833 785/1075/784 787/1076/783
f 829/1064/824 832/1067/827 838/1074/834 839/1077/835
f 839/1077/835 838/1074/834 787/1076/783 790/1078/785
f 840/1079/836 839/1077/835 790/1078/785 792/1080/788
f 826/1061/821 829/1064/824 839/1077/835 840/1079/836
f 823/1033/797 826/1061/821 840/1079/836 800/1027/794
f 800/1027/794 840/1079/836 792/1080/788 794/1028/789
f 843/1081/837 841/1082/838 835/1072/832 833/1069/829
f 633/1083/625 842/1084/624 841/1082/838 843/1081/837
f 635/1085/626 633/1083/625 843/1081/837 844/1086/839
f 844/1086/839 843/1081/837 833/1069/829 830/1066/826
f 845/1087/840 844/1086/839 830/1066/826 827/1063/823
f 638/1088/628 635/1085/626 844/1086/839 845/1087/840
f 640/1089/632 638/1088/628 845/1087/840 846/1090/841
f 846/1090/841 845/1087/840 827/1063/823 824/1060/820
f 847/1091/842 846/1090/841 824/1060/820 821/1058/818
f 644/1092/634 640/1089/632 846/1090/841 847/1091/842
f 646/1093/638 644/1092/634 847/1091/842 848/1094/843
f 848/1094/843 847/1091/842 821/1058/818 819/1056/816
f 849/1095/844 848/1094/843 819/1056/816 817/1054/814
f 650/1096/640 646/1093/638 848/1094/843 849/1095/844
f 653/1097/644 650/1096/640 849/1095/844 850/1098/845
f 850/1098/845 849/1095/844 817/1054/814 815/1052/812
f 850/1098/845 851/1099/846 655/1100/647 653/1097/644
f 815/1052/812 813/1051/811 851/1099/846 850/1098/845
f 813/1051/811 854/1050/810 852/1101/847 851/1099/846
f 851/1099/846 852/1101/847 853/1102/648 655/1100/647
f 852/1101/847 855/1103/848 683/1104/675 853/1102/648
f 854/1050/810 856/1105/849 855/1103/848 852/1101/847
f 856/1105/849 858/1106/850 857/1107/851 855/1103/848
f 855/1103/848 857/1107/851 685/1108/676 683/1104/675
f 857/1107/851 859/1109/852 687/1110/679 685/1108/676
f 858/1106/850 860/1111/853 859/1109/852 857/1107/851
f 860/1111/853 863/1112/854 861/1113/855 859/1109/852
f 859/1109/852 861/1113/855 862/1114/680 687/1110/679
f 861/1113/855 864/1115/856 867/1116/857 862/1114/680
f 863/1112/854 865/1117/858 864/1115/856 861/1113/855
f 865/1117/858 882/1118/859 866/1119/860 864/1115/856
f 864/1115/856 866/1119/860 868/1120/861 867/1116/857
f 867/1121/857 868/1122/861 870/1123/862 869/1124/863
f 862/898/680 867/1121/857 869/1124/863 688/899/681
f 869/1124/863 870/1123/862 872/1125/864 871/1126/865
f 688/899/681 869/1124/863 871/1126/865 690/900/682
f 872/1125/864 874/1127/866 873/1128/867 871/1126/865
f 871/1126/865 873/1128/867 692/901/683 690/900/682
f 874/1127/866 877/1129/868 875/1130/869 873/1128/867
f 873/1128/867 875/1130/869 876/903/685 692/901/683
f 876/903/685 875/1130/869 878/1131/870 880/916/695
f 875/1130/869 877/1129/868 879/1132/871 878/1131/870
f 878/1131/870 879/1132/871 881/1133/698 703/1134/696
f 880/916/695 878/1131/870 703/1134/696 698/915/693
f 876/903/685 880/916/695 699/907/689 693/904/686
f 885/1135/872 883/1136/873 882/1118/859 865/1117/858
f 886/1137/874 884/1138/875 883/1136/873 885/1135/872
f 888/1139/876 886/1137/874 885/1135/872 887/1140/877
f 887/1140/877 885/1135/872 865/1117/858 863/1112/854
f 889/1141/878 887/1140/877 863/1112/854 860/1111/853
f 890/1142/879 888/1139/876 887/1140/877 889/1141/878
f 892/1143/880 890/1142/879 889/1141/878 891/1144/881
f 891/1144/881 889/1141/878 860/1111/853 858/1106/850
f 893/1145/882 891/1144/881 858/1106/850 856/1105/849
f 894/1146/883 892/1143/880 891/1144/881 893/1145/882
f 810/1046/806 894/1146/883 893/1145/882 812/1047/807
f 812/1047/807 893/1145/882 856/1105/849 854/1050/810
f 895/1147/884 896/1148/885 892/1143/880 894/1146/883
f 808/1045/805 895/1147/884 894/1146/883 810/1046/806
f 740/1149/734 736/1150/732 896/1148/885 895/1147/884
f 742/1044/738 740/1149/734 895/1147/884 808/1045/805
f 896/1148/885 897/1151/886 890/1142/879 892/1143/880
f 736/1150/732 734/1152/730 897/1151/886 896/1148/885
f 734/1152/730 732/1153/728 898/1154/887 897/1151/886
f 897/1151/886 898/1154/887 888/1139/876 890/1142/879
f 898/1154/887 899/1155/888 886/1137/874 888/1139/876
f 732/1153/728 730/1156/726 899/1155/888 898/1154/887
f 730/1156/726 728/1157/725 900/1158/889 899/1155/888
f 899/1155/888 900/1158/889 884/1138/875 886/1137/874
f 902/1159/890 901/1160/891 725/945/722 723/942/719
f 708/1161/703 706/1162/702 901/1160/891 902/1159/890
f 710/1163/705 708/1161/703 902/1159/890 712/1164/707
f 712/1164/707 902/1159/890 723/942/719 720/939/716
f 710/1163/705 712/1164/707 711/929/706
f 905/1165/892 907/1166/893 904/1167/894 903/1168/895
f 906/1169/896 909/1170/897 907/1166/893 905/1165/892
f 909/1170/897 911/1171/898 908/1172/899 907/1166/893
f 907/1166/893 908/1172/899 928/1173/900 904/1167/894
f 910/1174/901 912/1175/902 911/1171/898 909/1170/897
f 971/1176/903 910/1174/901 909/1170/897 906/1169/896
f 912/1175/902 914/1177/904 913/1178/905 911/1171/898
f 911/1171/898 913/1178/905 915/1179/906 908/1172/899
f 914/1177/904 917/1180/907 916/1181/908 913/1178/905
f 913/1178/905 916/1181/908 918/1182/909 915/1179/906
f 917/1180/907 920/1183/910 919/1184/911 916/1181/908
f 916/1181/908 919/1184/911 922/1185/912 918/1182/909
f 920/1183/910 929/1186/913 921/1187/914 919/1184/911
f 919/1184/911 921/1187/914 924/1188/915 922/1185/912
f 918/1182/909 922/1185/912 923/1189/916 926/1190/917
f 922/1185/912 924/1188/915 925/1191/918 923/1189/916
f 915/1179/906 918/1182/909 926/1190/917 927/1192/919
f 908/1172/899 915/1179/906 927/1192/919 928/1173/900
f 932/1193/920 930/1194/921 929/1186/913 920/1183/910
f 933/1195/922 931/1196/923 930/1194/921 932/1193/920
f 935/1197/924 933/1195/922 932/1193/920 934/1198/925
f 934/1198/925 932/1193/920 920/1183/910 917/1180/907
f 941/1199/926 942/1200/927 943/1201/928 935/1197/924 934/1198/925 936/1202/929 938/1202/926 939/1203/926 940/1204/926
f 936/1202/929 934/1198/925 917/1180/907 914/1177/904 963/1205/930 962/1206/931 961/1207/931 937/1208/931
f 946/1209/932 947/1210/933 948/1211/934 943/1201/928 942/1200/927 944/1212/932 945/1213/932
f 950/1214/935 951/1215/936 948/1211/934 947/1210/933 949/1216/937
f 953/1217/938 951/1215/936 950/1214/935 952/1218/939
f 954/1219/940 955/1220/941 951/1215/936 953/1217/938
f 955/1220/941 956/1221/942 948/1211/934 951/1215/936
f 956/1221/942 957/1222/943 943/1201/928 948/1211/934
f 957/1222/943 958/1223/944 935/1197/924 943/1201/928
f 958/1223/944 959/1224/945 933/1195/922 935/1197/924
f 959/1224/945 960/1225/946 931/1196/923 933/1195/922
f 964/1226/947 963/1205/930 914/1177/904 912/1175/902 967/1227/948 966/1228/947 965/1229/947
f 968/1230/949 967/1227/948 912/1175/902 910/1174/901 969/1231/950
f 910/1174/901 971/1176/903 970/1232/951 969/1231/950
f 972/1233/952 973/1234/953 975/1235/954 974/1236/955
f 974/1236/955 975/1235/954 977/1237/956 976/1238/957
f 976/1238/957 977/1237/956 979/1239/958 978/1240/959
f 978/1240/959 979/1239/958 981/1241/960 980/1242/961
f 980/1242/961 981/1241/960 983/1243/962 982/1244/963
f 982/1244/963 983/1243/962 985/1245/964 984/1246/965
f 984/1247/965 985/1248/964 987/1249/966 986/1250/967
f 986/1250/967 987/1249/966 989/1251/968 988/1252/969
f 988/1252/969 989/1251/968 991/1253/970 990/1254/971
f 990/1254/971 991/1253/970 993/1255/972 992/1256/973
f 992/1256/973 993/1255/972 995/1257/974 994/1258/975
f 994/1258/975 995/1257/974 997/1259/976 996/1260/977
f 996/1261/977 997/1262/976 999/1263/978 998/1264/979
f 998/1264/979 999/1263/978 1001/1265/980 1000/1266/981
f 1000/1266/981 1001/1265/980 1003/1267/982 1002/1268/983
f 1002/1268/983 1003/1267/982 1005/1269/984 1004/1270/985
f 1004/1270/985 1005/1269/984 1007/1271/986 1006/1272/987
f 1006/1272/987 1007/1271/986 1009/1273/988 1008/1274/989
f 1007/1271/986 1012/1275/990 1010/1276/991 1009/1273/988
f 1012/1275/990 1014/1277/992 1011/1278/993 1010/1276/991
f 1013/1279/994 1015/1280/995 1014/1277/992 1012/1275/990
f 1005/1269/984 1013/1279/994 1012/1275/990 1007/1271/986
f 1014/1277/992 1016/1281/996 1017/1282/997 1011/1278/993
f 1015/1280/995 1018/1283/998 1016/1281/996 1014/1277/992
f 1016/1281/996 1019/1284/999 1020/1285/1000 1017/1282/997
f 1018/1283/998 1021/1286/1001 1019/1284/999 1016/1281/996
f 1019/1284/999 1022/1287/1002 1023/1288/1003 1020/1285/1000
f 1021/1286/1001 1024/1289/1004 1022/1287/1002 1019/1284/999
f 1027/1290/1005 1025/1291/1006 1024/1289/1004 1021/1286/1001
f 1028/1292/1007 1026/1293/1008 1025/1291/1006 1027/1290/1005
f 1030/1294/1009 1028/1292/1007 1027/1290/1005 1029/1295/1010
f 1029/1295/1010 1027/1290/1005 1021/1286/1001 1018/1283/998
f 1032/1296/1011 1030/1294/1009 1029/1295/1010 1031/1297/1012
f 1031/1297/1012 1029/1295/1010 1018/1283/998 1015/1280/995
f 1034/1298/1013 1032/1296/1011 1031/1297/1012 1033/1299/1014
f 1033/1299/1014 1031/1297/1012 1015/1280/995 1013/1279/994
f 1001/1265/980 1034/1298/1013 1033/1299/1014 1003/1267/982
f 1003/1267/982 1033/1299/1014 1013/1279/994 1005/1269/984
f 1035/1300/1015 1037/1301/1016 1032/1296/1011 1034/1298/1013
f 999/1263/978 1035/1300/1015 1034/1298/1013 1001/1265/980
f 1036/1302/1017 1038/1303/1018 1037/1301/1016 1035/1300/1015
f 997/1262/976 1036/1302/1017 1035/1300/1015 999/1263/978
f 1038/1303/1018 1040/1304/1019 1039/1305/1020 1037/1301/1016
f 1037/1301/1016 1039/1305/1020 1030/1294/1009 1032/1296/1011
f 1040/1304/1019 1042/1306/1021 1041/1307/1022 1039/1305/1020
f 1039/1305/1020 1041/1307/1022 1028/1292/1007 1030/1294/1009
f 1042/1306/1021 1044/1308/1023 1043/1309/1024 1041/1307/1022
f 1041/1307/1022 1043/1309/1024 1026/1293/1008 1028/1292/1007
f 1047/1310/1025 1045/1311/1026 1044/1312/1023 1042/1313/1021
f 1048/1314/1027 1046/1315/1028 1045/1311/1026 1047/1310/1025
f 1049/1316/1029 1047/1310/1025 1042/1313/1021 1040/1317/1019
f 1050/1318/1030 1048/1314/1027 1047/1310/1025 1049/1316/1029
f 1051/1319/1031 1049/1316/1029 1040/1317/1019 1038/1320/1018
f 1052/1321/1032 1050/1318/1030 1049/1316/1029 1051/1319/1031
f 1053/1322/1033 1051/1319/1031 1038/1320/1018 1036/1323/1017
f 1054/1324/1034 1052/1321/1032 1051/1319/1031 1053/1322/1033
f 995/1257/974 1053/1322/1033 1036/1323/1017 997/1259/976
f 993/1255/972 1054/1324/1034 1053/1322/1033 995/1257/974
f 1055/1325/1035 1057/1326/1036 1052/1321/1032 1054/1324/1034
f 991/1253/970 1055/1325/1035 1054/1324/1034 993/1255/972
f 1056/1327/1037 1058/1328/1038 1057/1326/1036 1055/1325/1035
f 989/1251/968 1056/1327/1037 1055/1325/1035 991/1253/970
f 1058/1328/1038 1060/1329/1039 1059/1330/1040 1057/1326/1036
f 1057/1326/1036 1059/1330/1040 1050/1318/1030 1052/1321/1032
f 1060/1329/1039 1062/1331/1041 1061/1332/1042 1059/1330/1040
f 1059/1330/1040 1061/1332/1042 1048/1314/1027 1050/1318/1030
f 1062/1331/1041 1064/1333/1043 1063/1334/1044 1061/1332/1042
f 1061/1332/1042 1063/1334/1044 1046/1315/1028 1048/1314/1027
f 1067/1335/1045 1065/1336/1046 1064/1333/1043 1062/1331/1041
f 1068/1337/1047 1066/1338/1048 1065/1336/1046 1067/1335/1045
f 1070/1339/1049 1068/1337/1047 1067/1335/1045 1069/1340/1050
f 1069/1340/1050 1067/1335/1045 1062/1331/1041 1060/1329/1039
f 1072/1341/1051 1070/1339/1049 1069/1340/1050 1071/1342/1052
f 1071/1342/1052 1069/1340/1050 1060/1329/1039 1058/1328/1038
f 1074/1343/1053 1072/1341/1051 1071/1342/1052 1073/1344/1054
f 1073/1344/1054 1071/1342/1052 1058/1328/1038 1056/1327/1037
f 985/1248/964 1074/1343/1053 1073/1344/1054 987/1249/966
f 987/1249/966 1073/1344/1054 1056/1327/1037 989/1251/968
f 1075/1345/1055 1077/1346/1056 1072/1347/1051 1074/1348/1053
f 983/1243/962 1075/1345/1055 1074/1348/1053 985/1245/964
f 1076/1349/1057 1078/1350/1058 1077/1346/1056 1075/1345/1055
f 981/1241/960 1076/1349/1057 1075/1345/1055 983/1243/962
f 1077/1346/1056 1079/1351/1059 1070/1352/1049 1072/1347/1051
f 1078/1350/1058 1080/1353/1060 1079/1351/1059 1077/1346/1056
f 1079/1351/1059 1081/1354/1061 1068/1355/1047 1070/1352/1049
f 1080/1353/1060 1082/1356/1062 1081/1354/1061 1079/1351/1059
f 1081/1354/1061 1083/1357/1063 1066/1358/1048 1068/1355/1047
f 1082/1356/1062 1084/1359/1064 1083/1357/1063 1081/1354/1061
f 1087/1360/1065 1085/1361/1066 1084/1359/1064 1082/1356/1062
f 1088/1362/1067 1086/1363/1068 1085/1361/1066 1087/1360/1065
f 1090/1364/1069 1088/1362/1067 1087/1360/1065 1089/1365/1070
f 1089/1365/1070 1087/1360/1065 1082/1356/1062 1080/1353/1060
f 1092/1366/1071 1090/1364/1069 1089/1365/1070 1091/1367/1072
f 1091/1367/1072 1089/1365/1070 1080/1353/1060 1078/1350/1058
f 1094/1368/1073 1092/1366/1071 1091/1367/1072 1093/1369/1074
f 1093/1369/1074 1091/1367/1072 1078/1350/1058 1076/1349/1057
f 977/1237/956 1094/1368/1073 1093/1369/1074 979/1239/958
f 979/1239/958 1093/1369/1074 1076/1349/1057 981/1241/960
f 1095/1370/1075 1097/1371/1076 1092/1366/1071 1094/1368/1073
f 975/1235/954 1095/1370/1075 1094/1368/1073 977/1237/956
f 1096/1372/1077 1098/1373/1078 1097/1371/1076 1095/1370/1075
f 973/1234/953 1096/1372/1077 1095/1370/1075 975/1235/954
f 1098/1373/1078 1100/1374/1079 1099/1375/1080 1097/1371/1076
f 1097/1371/1076 1099/1375/1080 1090/1364/1069 1092/1366/1071
f 1100/1374/1079 1102/1376/1081 1101/1377/1082 1099/1375/1080
f 1099/1375/1080 1101/1377/1082 1088/1362/1067 1090/1364/1069
f 1102/1376/1081 1104/1378/1083 1103/1379/1084 1101/1377/1082
f 1101/1377/1082 1103/1379/1084 1086/1363/1068 1088/1362/1067
f 1107/1380/1085 1374/1381/1086 1106/1382/1087 1105/1383/1088
f 1110/1384/1089 1107/1380/1085 1105/1383/1088 1108/1385/1090
f 1112/1386/1091 1110/1384/1089 1108/1385/1090 1109/1387/1092
f 1111/1388/1093 1376/1389/1094 1107/1380/1085 1110/1384/1089
f 1113/1390/1095 1111/1388/1093 1110/1384/1089 1112/1386/1091
f 1113/1390/1095 1112/1386/1091 1114/1391/1096 1117/1392/1097
f 1112/1386/1091 1109/1387/1092 1115/1393/1098 1114/1391/1096
f 1114/1394/1096 1115/1395/1098 1325/1396/1099 1116/1397/1100
f 1117/1398/1097 1114/1394/1096 1116/1397/1100 1118/1399/1101
f 1113/1390/1095 1117/1392/1097 1119/1400/1102 1120/1401/1103
f 1118/1399/1101 1121/1402/1104 1119/1403/1102 1117/1398/1097
f 1123/1404/1105 1120/1405/1103 1119/1406/1102 1121/1407/1104
f 1121/1407/1104 1122/1408/1106 1124/1409/1107 1123/1404/1105
f 1118/1399/1101 1304/1410/1108 1122/1411/1106 1121/1402/1104
f 1126/1412/1109 1120/1405/1103 1123/1404/1105 1125/1413/1110
f 1128/1414/1111 1126/1412/1109 1125/1413/1110 1127/1415/1112
f 1130/1416/1113 1128/1414/1111 1127/1415/1112 1129/1417/1114
f 1132/1418/1115 1130/1416/1113 1129/1417/1114 1131/1419/1116
f 1134/1420/1117 1132/1418/1115 1131/1419/1116 1133/1421/1118
f 1136/1422/1119 1134/1420/1117 1133/1421/1118 1135/1423/1120
f 1138/1424/1121 1136/1422/1119 1135/1423/1120 1137/1425/1122
f 1140/1426/1123 1138/1424/1121 1137/1425/1122 1139/1427/1124
f 1142/1428/1125 1140/1426/1123 1139/1427/1124 1141/1429/1126
f 1144/1430/1127 1142/1428/1125 1141/1429/1126 1143/1431/1128
f 1147/1432/1129 1144/1430/1127 1143/1431/1128 1145/1433/1130
f 1148/1434/1131 1147/1432/1129 1145/1433/1130 1146/1435/1132
f 1152/1436/1133 1149/1437/1134 1147/1438/1129 1148/1439/1131
f 1149/1437/1134 1150/1440/1135 1144/1441/1127 1147/1438/1129
f 1150/1440/1135 1149/1437/1134 1151/1442/1136 1356/1443/1137
f 1149/1437/1134 1152/1436/1133 1154/1444/1138 1151/1442/1136
f 1153/1445/1139 1156/1446/1140 1154/1444/1138 1152/1436/1133
f 1152/1436/1133 1148/1439/1131 1349/1447/1141 1153/1445/1139
f 1156/1446/1140 1158/1448/1142 1155/1449/1143 1154/1444/1138
f 1151/1442/1136 1154/1444/1138 1155/1449/1143 1353/1450/1144
f 1157/1451/1145 1159/1452/1146 1158/1453/1142 1156/1454/1140
f 1350/1455/1147 1157/1451/1145 1156/1454/1140 1153/1456/1139
f 1157/1451/1145 1162/1457/1148 1160/1458/1149 1159/1452/1146
f 1162/1457/1148 1164/1459/1150 1161/1460/1151 1160/1458/1149
f 1163/1461/1152 1165/1462/1153 1164/1459/1150 1162/1457/1148
f 1350/1455/1147 1163/1461/1152 1162/1457/1148 1157/1451/1145
f 1165/1462/1153 1167/1463/1154 1166/1464/1155 1164/1459/1150
f 1164/1459/1150 1166/1464/1155 1169/1465/1156 1161/1460/1151
f 1167/1463/1154 1351/1466/1157 1168/1467/1158 1166/1464/1155
f 1166/1464/1155 1168/1467/1158 1170/1468/1159 1169/1465/1156
f 1168/1467/1158 1173/1469/1160 1171/1470/1161 1170/1468/1159
f 1173/1469/1160 1175/1471/1162 1172/1472/970 1171/1470/1161
f 1174/1473/1163 1176/1474/1164 1175/1471/1162 1173/1469/1160
f 1351/1466/1157 1174/1473/1163 1173/1469/1160 1168/1467/1158
f 1175/1471/1162 1177/1475/1165 1180/1476/1166 1172/1472/970
f 1176/1474/1164 1178/1477/1167 1177/1475/1165 1175/1471/1162
f 1178/1477/1167 1352/1478/1168 1179/1479/1169 1177/1475/1165
f 1177/1475/1165 1179/1479/1169 1181/1480/1170 1180/1476/1166
f 1179/1479/1169 1184/1481/1171 1182/1482/1172 1181/1480/1170
f 1184/1481/1171 1186/1483/1173 1183/1484/1174 1182/1482/1172
f 1185/1485/1175 1187/1486/1176 1186/1483/1173 1184/1481/1171
f 1352/1478/1168 1185/1485/1175 1184/1481/1171 1179/1479/1169
f 1186/1483/1173 1188/1487/1177 1191/1488/1178 1183/1484/1174
f 1187/1486/1176 1189/1489/1179 1188/1487/1177 1186/1483/1173
f 1189/1489/1179 1199/1490/1180 1190/1491/1181 1188/1487/1177
f 1188/1487/1177 1190/1491/1181 1192/1492/1182 1191/1488/1178
f 1195/1493/1183 1193/1494/1184 1192/1492/1182 1190/1491/1181
f 1196/1495/1185 1194/1496/1186 1193/1497/1184 1195/1498/1183
f 1197/1499/1187 1195/1493/1183 1190/1491/1181 1199/1490/1180
f 1198/1500/1188 1196/1495/1185 1195/1498/1183 1197/1501/1187
f 1198/1500/1188 1197/1501/1187 1200/1502/1189 1202/1503/1190
f 1199/1490/1180 1201/1504/1191 1200/1505/1189 1197/1499/1187
f 1203/1506/1192 1202/1507/1190 1200/1508/1189 1201/1509/1191
f 1205/1510/1193 1198/1500/1188 1202/1503/1190 1204/1511/1194
f 1204/1512/1194 1202/1507/1190 1203/1506/1192 1206/1513/1195
f 1209/1514/1196 1205/1510/1193 1204/1511/1194 1207/1515/1197
f 1207/1516/1197 1204/1512/1194 1206/1513/1195 1208/1517/1198
f 1210/1518/1199 1207/1516/1197 1208/1517/1198 1212/1519/1200
f 1211/1520/1201 1209/1514/1196 1207/1515/1197 1210/1521/1199
f 1214/1522/1202 1211/1520/1201 1210/1521/1199 1213/1523/1203
f 1213/1524/1203 1210/1518/1199 1212/1519/1200 1215/1525/1204
f 1217/1526/1205 1214/1522/1202 1213/1523/1203 1216/1527/1206
f 1216/1528/1206 1213/1524/1203 1215/1525/1204 1218/1529/1207
f 1220/1530/1208 1217/1526/1205 1216/1527/1206 1219/1531/1209
f 1219/1532/1209 1216/1528/1206 1218/1529/1207 1221/1533/1210
f 1223/1534/1211 1220/1530/1208 1219/1531/1209 1222/1535/1212
f 1222/1536/1212 1219/1532/1209 1221/1533/1210 1224/1537/1213
f 1226/1538/1214 1223/1534/1211 1222/1535/1212 1225/1539/1215
f 1225/1540/1215 1222/1536/1212 1224/1537/1213 1227/1541/1216
f 1229/1542/1217 1226/1538/1214 1225/1539/1215 1228/1543/1218
f 1228/1544/1218 1225/1540/1215 1227/1541/1216 1230/1545/1219
f 1232/1546/1220 1229/1542/1217 1228/1543/1218 1231/1547/1221
f 1231/1548/1221 1228/1544/1218 1230/1545/1219 1233/1549/1222
f 1235/1550/1223 1232/1546/1220 1231/1547/1221 1234/1551/1224
f 1234/1552/1224 1231/1548/1221 1233/1549/1222 1236/1553/1225
f 1240/1554/1226 1235/1550/1223 1234/1551/1224 1237/1555/1227
f 1237/1556/1227 1234/1552/1224 1236/1553/1225 1239/1557/1228
f 1239/1557/1228 1274/1558/1229 1238/1559/1230 1237/1556/1227
f 1240/1554/1226 1237/1555/1227 1238/1560/1230 1241/1561/1231
f 1242/1562/1232 1240/1554/1226 1241/1561/1231 1244/1563/1233
f 1235/1550/1223 1240/1554/1226 1242/1562/1232 1243/1564/1234
f 1243/1564/1234 1242/1562/1232 1245/1565/1235 1247/1566/1236
f 1245/1565/1235 1242/1562/1232 1244/1563/1233 1246/1567/1237
f 1250/1568/1238 1243/1564/1234 1247/1566/1236 1248/1569/1239
f 1251/1570/1240 1250/1568/1238 1248/1569/1239 1249/1571/1241
f 1229/1542/1217 1232/1546/1220 1250/1568/1238 1251/1570/1240
f 1232/1546/1220 1235/1550/1223 1243/1564/1234 1250/1568/1238
f 1226/1538/1214 1229/1542/1217 1251/1570/1240 1252/1572/1242
f 1252/1572/1242 1251/1570/1240 1249/1571/1241 1253/1573/1243
f 1254/1574/1244 1252/1572/1242 1253/1573/1243 1255/1575/1245
f 1223/1534/1211 1226/1538/1214 1252/1572/1242 1254/1574/1244
f 1220/1530/1208 1223/1534/1211 1254/1574/1244 1256/1576/1246
f 1256/1576/1246 1254/1574/1244 1255/1575/1245 1257/1577/1247
f 1258/1578/1248 1256/1576/1246 1257/1577/1247 1259/1579/1249
f 1217/1526/1205 1220/1530/1208 1256/1576/1246 1258/1578/1248
f 1214/1522/1202 1217/1526/1205 1258/1578/1248 1260/1580/1250
f 1260/1580/1250 1258/1578/1248 1259/1579/1249 1261/1581/1251
f 1211/1520/1201 1214/1522/1202 1260/1580/1250 1262/1582/1252
f 1262/1582/1252 1260/1580/1250 1261/1581/1251 1263/1583/1253
f 1209/1514/1196 1211/1520/1201 1262/1582/1252 1264/1584/1254
f 1264/1584/1254 1262/1582/1252 1263/1583/1253 1265/1585/1255
f 1205/1510/1193 1209/1514/1196 1264/1584/1254 1266/1586/1256
f 1266/1586/1256 1264/1584/1254 1265/1585/1255 1267/1587/1257
f 1198/1500/1188 1205/1510/1193 1266/1586/1256 1196/1495/1185
f 1196/1495/1185 1266/1586/1256 1267/1587/1257 1194/1496/1186
f 1246/1588/1237 1244/1589/1233 1270/1590/1258 1268/1591/1259
f 1270/1590/1258 1271/1592/1260 1269/1593/1261 1268/1591/1259
f 1272/1594/1262 1273/1595/1263 1271/1592/1260 1270/1590/1258
f 1244/1589/1233 1241/1596/1231 1272/1594/1262 1270/1590/1258
f 1273/1595/1263 1272/1594/1262 1274/1597/1229 1275/1598/1264
f 1272/1594/1262 1241/1596/1231 1238/1599/1230 1274/1597/1229
f 1275/1600/1264 1274/1558/1229 1239/1557/1228 1276/1601/1265
f 1279/1602/1266 1273/1595/1263 1275/1598/1264 1277/1603/1267
f 1277/1604/1267 1275/1600/1264 1276/1601/1265 1278/1605/1268
f 1280/1606/1269 1277/1604/1267 1278/1605/1268 1282/1607/1270
f 1281/1608/1271 1279/1602/1266 1277/1603/1267 1280/1609/1269
f 1284/1610/1272 1281/1608/1271 1280/1609/1269 1283/1611/1273
f 1283/1612/1273 1280/1606/1269 1282/1607/1270 1285/1613/1274
f 1287/1614/1275 1284/1610/1272 1283/1611/1273 1286/1615/1276
f 1286/1616/1276 1283/1612/1273 1285/1613/1274 1288/1617/1277
f 1290/1618/1278 1287/1614/1275 1286/1615/1276 1289/1619/1279
f 1289/1620/1279 1286/1616/1276 1288/1617/1277 1291/1621/1280
f 1293/1622/1281 1290/1618/1278 1289/1619/1279 1292/1623/1282
f 1292/1624/1282 1289/1620/1279 1291/1621/1280 1294/1625/1283
f 1296/1626/1284 1293/1622/1281 1292/1623/1282 1295/1627/1285
f 1295/1628/1285 1292/1624/1282 1294/1625/1283 1297/1629/1286
f 1299/1630/1287 1296/1626/1284 1295/1627/1285 1298/1631/1288
f 1298/1632/1288 1295/1628/1285 1297/1629/1286 1300/1633/1289
f 1302/1634/1290 1299/1630/1287 1298/1631/1288 1301/1635/1291
f 1301/1636/1291 1298/1632/1288 1300/1633/1289 1303/1637/1292
f 1304/1410/1108 1302/1634/1290 1301/1635/1291 1122/1411/1106
f 1122/1408/1106 1301/1636/1291 1303/1637/1292 1124/1409/1107
f 1302/1634/1290 1304/1410/1108 1307/1638/1293 1305/1639/1294
f 1299/1630/1287 1302/1634/1290 1305/1639/1294 1308/1640/1295
f 1308/1640/1295 1305/1639/1294 1306/1641/1296 1309/1642/1297
f 1305/1639/1294 1307/1638/1293 1324/1643/1298 1306/1641/1296
f 1296/1626/1284 1299/1630/1287 1308/1640/1295 1310/1644/1299
f 1310/1644/1299 1308/1640/1295 1309/1642/1297 1311/1645/1300
f 1312/1646/1301 1310/1644/1299 1311/1645/1300 1313/1647/1302
f 1293/1622/1281 1296/1626/1284 1310/1644/1299 1312/1646/1301
f 1290/1618/1278 1293/1622/1281 1312/1646/1301 1314/1648/1303
f 1314/1648/1303 1312/1646/1301 1313/1647/1302 1315/1649/1304
f 1316/1650/1305 1314/1648/1303 1315/1649/1304 1317/1651/1306
f 1287/1614/1275 1290/1618/1278 1314/1648/1303 1316/1650/1305
f 1284/1610/1272 1287/1614/1275 1316/1650/1305 1318/1652/1307
f 1318/1652/1307 1316/1650/1305 1317/1651/1306 1319/1653/1308
f 1281/1608/1271 1284/1610/1272 1318/1652/1307 1320/1654/1309
f 1320/1654/1309 1318/1652/1307 1319/1653/1308 1321/1655/1310
f 1279/1602/1266 1281/1608/1271 1320/1654/1309 1322/1656/1311
f 1322/1656/1311 1320/1654/1309 1321/1655/1310 1323/1657/1312
f 1273/1595/1263 1279/1602/1266 1322/1656/1311 1271/1592/1260
f 1271/1592/1260 1322/1656/1311 1323/1657/1312 1269/1593/1261
f 1304/1410/1108 1118/1399/1101 1116/1397/1100 1307/1638/1293
f 1307/1638/1293 1116/1397/1100 1325/1396/1099 1324/1643/1298
f 1201/1509/1191 1327/1658/1313 1326/1659/1314 1203/1506/1192
f 1327/1658/1313 1329/1660/1315 1328/1661/1316 1326/1659/1314
f 1329/1660/1315 1331/1662/1317 1330/1663/1318 1328/1661/1316
f 1331/1662/1317 1333/1664/1319 1332/1665/1320 1330/1663/1318
f 1333/1664/1319 1335/1666/1321 1334/1667/1322 1332/1665/1320
f 1335/1666/1321 1337/1668/1323 1336/1669/1324 1334/1667/1322
f 1337/1668/1323 1339/1670/1325 1338/1671/1326 1336/1669/1324
f 1339/1670/1325 1341/1672/1327 1340/1673/1328 1338/1671/1326
f 1341/1672/1327 1343/1674/1329 1342/1675/1330 1340/1673/1328
f 1343/1674/1329 1345/1676/1331 1344/1677/1332 1342/1675/1330
f 1345/1676/1331 1347/1678/1333 1346/1679/1334 1344/1677/1332
f 1347/1678/1333 1348/1680/1335 1146/1435/1132 1346/1679/1334
f 1163/1461/1152 1350/1455/1147 1348/1681/1335 1347/1682/1333
f 1165/1462/1153 1163/1461/1152 1347/1682/1333 1345/1683/1331
f 1146/1435/1132 1348/1680/1335 1349/1684/1141 1148/1434/1131
f 1350/1455/1147 1153/1456/1139 1349/1685/1141 1348/1681/1335
f 1167/1463/1154 1165/1462/1153 1345/1683/1331 1343/1686/1329
f 1351/1466/1157 1167/1463/1154 1343/1686/1329 1341/1687/1327
f 1174/1473/1163 1351/1466/1157 1341/1687/1327 1339/1688/1325
f 1176/1474/1164 1174/1473/1163 1339/1688/1325 1337/1689/1323
f 1178/1477/1167 1176/1474/1164 1337/1689/1323 1335/1690/1321
f 1352/1478/1168 1178/1477/1167 1335/1690/1321 1333/1691/1319
f 1185/1485/1175 1352/1478/1168 1333/1691/1319 1331/1692/1317
f 1187/1486/1176 1185/1485/1175 1331/1692/1317 1329/1693/1315
f 1189/1489/1179 1187/1486/1176 1329/1693/1315 1327/1694/1313
f 1199/1490/1180 1189/1489/1179 1327/1694/1313 1201/1504/1191
f 1356/1443/1137 1151/1442/1136 1353/1450/1144 1354/1695/1336
f 1357/1696/1337 1356/1443/1137 1354/1695/1336 1355/1697/1338
f 1358/1698/1339 1150/1440/1135 1356/1443/1137 1357/1696/1337
f 1361/1699/1340 1358/1698/1339 1357/1696/1337 1359/1700/1341
f 1359/1700/1341 1357/1696/1337 1355/1697/1338 1360/1701/1342
f 1362/1702/1343 1359/1700/1341 1360/1701/1342 1364/1703/1344
f 1363/1704/1345 1361/1699/1340 1359/1700/1341 1362/1702/1343
f 1367/1705/1346 1363/1704/1345 1362/1702/1343 1365/1706/1347
f 1365/1706/1347 1362/1702/1343 1364/1703/1344 1366/1707/1348
f 1368/1708/1349 1365/1706/1347 1366/1707/1348 1370/1709/1350
f 1369/1710/1351 1367/1705/1346 1365/1706/1347 1368/1708/1349
f 1372/1711/1352 1369/1710/1351 1368/1708/1349 1371/1712/1353
f 1371/1712/1353 1368/1708/1349 1370/1709/1350 1373/1713/1354
f 1375/1714/1355 1372/1711/1352 1371/1712/1353 1374/1381/1086
f 1374/1381/1086 1371/1712/1353 1373/1713/1354 1106/1382/1087
f 1376/1389/1094 1375/1714/1355 1374/1381/1086 1107/1380/1085
f 1372/1711/1352 1375/1714/1355 1130/1715/1113 1132/1716/1115
f 1375/1714/1355 1376/1389/1094 1128/1717/1111 1130/1715/1113
f 1376/1389/1094 1111/1388/1093 1126/1718/1109 1128/1717/1111
f 1369/1710/1351 1372/1711/1352 1132/1716/1115 1134/1719/1117
f 1367/1705/1346 1369/1710/1351 1134/1719/1117 1136/1720/1119
f 1363/1704/1345 1367/1705/1346 1136/1720/1119 1138/1721/1121
f 1361/1699/1340 1363/1704/1345 1138/1721/1121 1140/1722/1123
f 1358/1698/1339 1361/1699/1340 1140/1722/1123 1142/1723/1125
f 1150/1440/1135 1358/1698/1339 1142/1723/1125 1144/1441/1127
f 1111/1388/1093 1113/1390/1095 1120/1401/1103 1126/1718/1109
f 1380/1724/1356 1377/1725/1357 1378/1726/1358 1882/1727/1359
f 1377/1725/1357 1379/1728/1360 1456/1729/1361 1378/1726/1358
f 1383/1730/1362 1379/1728/1360 1377/1725/1357 1381/1731/1363
f 1380/1724/1356 1384/1732/1364 1381/1731/1363 1377/1725/1357
f 1384/1732/1364 1386/1733/1365 1382/1734/1366 1381/1731/1363
f 1442/1735/1367 1383/1730/1362 1381/1731/1363 1382/1734/1366
f 1385/1736/1368 1387/1737/1369 1386/1733/1365 1384/1732/1364
f 1881/1738/1370 1385/1736/1368 1384/1732/1364 1380/1724/1356
f 1391/1739/1371 1388/1740/1372 1386/1733/1365 1387/1737/1369
f 1388/1740/1372 1390/1741/1373 1382/1734/1366 1386/1733/1365
f 1389/1742/1374 1433/1743/1375 1390/1741/1373 1388/1740/1372
f 1392/1744/1376 1389/1742/1374 1388/1740/1372 1391/1739/1371
f 1393/1745/1377 1395/1746/1378 1392/1744/1376 1391/1739/1371
f 1396/1747/1379 1393/1745/1377 1391/1739/1371 1387/1737/1369
f 1394/1748/1380 1411/1749/1381 1395/1746/1378 1393/1745/1377
f 1397/1750/1382 1394/1751/1380 1393/1752/1377 1396/1753/1379
f 1387/1737/1369 1385/1736/1368 1398/1754/1383 1396/1747/1379
f 1396/1753/1379 1398/1755/1383 1400/1756/1384 1397/1750/1382
f 1385/1736/1368 1881/1738/1370 1399/1757/1385 1398/1754/1383
f 1398/1755/1383 1399/1758/1385 1401/1759/1386 1400/1756/1384
f 1400/1756/1384 1401/1759/1386 1403/1760/1387 1402/1761/1388
f 1397/1750/1382 1400/1756/1384 1402/1761/1388 1405/1762/1389
f 1402/1761/1388 1403/1760/1387 1489/1763/1390 1404/1764/1391
f 1405/1762/1389 1402/1761/1388 1404/1764/1391 1406/1765/1392
f 1405/1762/1389 1407/1766/1393 1394/1751/1380 1397/1750/1382
f 1406/1765/1392 1408/1767/1394 1407/1766/1393 1405/1762/1389
f 1408/1767/1394 1410/1768/1395 1409/1769/1396 1407/1766/1393
f 1407/1766/1393 1409/1769/1396 1411/1770/1381 1394/1751/1380
f 1412/1771/1397 1409/1769/1396 1410/1768/1395 1414/1772/1398
f 1413/1773/1399 1411/1770/1381 1409/1769/1396 1412/1771/1397
f 1416/1774/1400 1413/1773/1399 1412/1771/1397 1415/1775/1401
f 1415/1775/1401 1412/1771/1397 1414/1772/1398 1417/1776/1402
f 1415/1775/1401 1418/1777/1403 1421/1778/1404 1416/1774/1400
f 1417/1776/1402 1419/1779/1405 1418/1777/1403 1415/1775/1401
f 1419/1780/1405 1873/1781/1406 1420/1782/1407 1418/1783/1403
f 1418/1783/1403 1420/1782/1407 1422/1784/1408 1421/1785/1404
f 1421/1785/1404 1422/1784/1408 1424/1786/1409 1423/1787/1410
f 1416/1788/1400 1421/1789/1404 1423/1790/1410 1426/1791/1411
f 1423/1790/1410 1424/1792/1409 1611/1793/1412 1425/1794/1413
f 1426/1791/1411 1423/1790/1410 1425/1794/1413 1427/1795/1414
f 1427/1795/1414 1429/1796/1415 1428/1797/1416 1426/1791/1411
f 1426/1791/1411 1428/1797/1416 1413/1798/1399 1416/1788/1400
f 1429/1796/1415 1392/1744/1376 1395/1746/1378 1428/1797/1416
f 1428/1797/1416 1395/1746/1378 1411/1749/1381 1413/1798/1399
f 1429/1796/1415 1427/1795/1414 1431/1799/1417 1430/1800/1418
f 1392/1744/1376 1429/1796/1415 1430/1800/1418 1389/1742/1374
f 1430/1800/1418 1431/1799/1417 1434/1801/1419 1432/1802/1420
f 1389/1742/1374 1430/1800/1418 1432/1802/1420 1433/1743/1375
f 1433/1743/1375 1432/1802/1420 1435/1803/1421 1438/1804/1422
f 1432/1802/1420 1434/1801/1419 1436/1805/1423 1435/1803/1421
f 1435/1803/1421 1436/1805/1423 1704/1806/1424 1437/1807/1425
f 1438/1804/1422 1435/1803/1421 1437/1807/1425 1439/1808/1426
f 1438/1804/1422 1440/1809/1427 1390/1741/1373 1433/1743/1375
f 1439/1810/1426 1441/1811/1428 1440/1812/1427 1438/1813/1422
f 1441/1811/1428 1443/1814/1429 1442/1815/1367 1440/1812/1427
f 1440/1809/1427 1442/1735/1367 1382/1734/1366 1390/1741/1373
f 1443/1814/1429 1445/1816/1430 1383/1817/1362 1442/1815/1367
f 1444/1818/1431 1447/1819/1432 1445/1816/1430 1443/1814/1429
f 1703/1820/1433 1444/1818/1431 1443/1814/1429 1441/1811/1428
f 1445/1816/1430 1446/1821/1434 1379/1822/1360 1383/1817/1362
f 1447/1819/1432 1449/1823/1435 1446/1821/1434 1445/1816/1430
f 1448/1824/1436 1450/1825/1437 1449/1823/1435 1447/1819/1432
f 1691/1826/1438 1448/1824/1436 1447/1819/1432 1444/1818/1431
f 1449/1823/1435 1451/1827/1439 1454/1828/1440 1446/1821/1434
f 1450/1825/1437 1452/1829/1441 1451/1827/1439 1449/1823/1435
f 1452/1829/1441 1462/1830/1442 1453/1831/1443 1451/1827/1439
f 1451/1827/1439 1453/1831/1443 1455/1832/1444 1454/1828/1440
f 1379/1822/1360 1446/1821/1434 1454/1828/1440 1456/1833/1361
f 1456/1833/1361 1454/1828/1440 1455/1832/1444 1457/1834/1445
f 1378/1726/1358 1456/1729/1361 1457/1835/1445 1458/1836/1446
f 1459/1837/1447 1457/1834/1445 1455/1832/1444 1453/1831/1443
f 1460/1838/1448 1458/1839/1446 1457/1840/1445 1459/1841/1447
f 1463/1842/1449 1460/1838/1448 1459/1841/1447 1461/1843/1450
f 1461/1844/1450 1459/1837/1447 1453/1831/1443 1462/1830/1442
f 1462/1830/1442 1465/1845/1451 1464/1846/1452 1461/1844/1450
f 1461/1843/1450 1464/1847/1452 1467/1848/1453 1463/1842/1449
f 1465/1845/1451 1686/1849/1454 1466/1850/1455 1464/1846/1452
f 1464/1847/1452 1466/1851/1455 1468/1852/1456 1467/1848/1453
f 1467/1848/1453 1468/1852/1456 1470/1853/1457 1469/1854/1458
f 1463/1842/1449 1467/1848/1453 1469/1854/1458 1472/1855/1459
f 1469/1854/1458 1470/1853/1457 1719/1856/1460 1471/1857/1461
f 1472/1855/1459 1469/1854/1458 1471/1857/1461 1473/1858/1462
f 1474/1859/1463 1460/1838/1448 1463/1842/1449 1472/1855/1459
f 1476/1860/1464 1474/1859/1463 1472/1855/1459 1473/1858/1462
f 1475/1861/1465 1458/1839/1446 1460/1838/1448 1474/1859/1463
f 1477/1862/1466 1475/1861/1465 1474/1859/1463 1476/1860/1464
f 1476/1860/1464 1478/1863/1467 1481/1864/1468 1477/1862/1466
f 1473/1858/1462 1479/1865/1469 1478/1863/1467 1476/1860/1464
f 1479/1866/1469 1488/1867/1470 1480/1868/1471 1478/1869/1467
f 1478/1869/1467 1480/1868/1471 1482/1870/1472 1481/1871/1468
f 1484/1872/1473 1477/1873/1466 1481/1874/1468 1483/1875/1474
f 1483/1875/1474 1481/1874/1468 1482/1876/1472 1485/1877/1475
f 1881/1738/1370 1484/1872/1473 1483/1875/1474 1399/1757/1385
f 1399/1758/1385 1483/1878/1474 1485/1879/1475 1401/1759/1386
f 1486/1880/1476 1485/1879/1475 1482/1870/1472 1480/1868/1471
f 1403/1760/1387 1401/1759/1386 1485/1879/1475 1486/1880/1476
f 1489/1763/1390 1403/1760/1387 1486/1880/1476 1487/1881/1477
f 1487/1881/1477 1486/1880/1476 1480/1868/1471 1488/1867/1470
f 1490/1882/1478 1487/1881/1477 1488/1867/1470 1492/1883/1479
f 1491/1884/1480 1489/1763/1390 1487/1881/1477 1490/1882/1478
f 1494/1885/1481 1491/1884/1480 1490/1882/1478 1493/1886/1482
f 1493/1886/1482 1490/1882/1478 1492/1883/1479 1495/1887/1483
f 1494/1885/1481 1493/1886/1482 1496/1888/1484 1499/1889/1485
f 1493/1886/1482 1495/1887/1483 1497/1890/1486 1496/1888/1484
f 1496/1888/1484 1497/1890/1486 1725/1891/1487 1498/1892/1488
f 1499/1889/1485 1496/1888/1484 1498/1892/1488 1500/1893/1489
f 1500/1893/1489 1502/1894/1490 1501/1895/1491 1499/1889/1485
f 1499/1889/1485 1501/1895/1491 1504/1896/1492 1494/1885/1481
f 1502/1894/1490 1861/1897/1493 1503/1898/1494 1501/1895/1491
f 1501/1895/1491 1503/1898/1494 1505/1899/1495 1504/1896/1492
f 1506/1900/1496 1504/1896/1492 1505/1899/1495 1507/1901/1497
f 1491/1884/1480 1494/1885/1481 1504/1896/1492 1506/1900/1496
f 1489/1763/1390 1491/1884/1480 1506/1900/1496 1404/1764/1391
f 1404/1764/1391 1506/1900/1496 1507/1901/1497 1406/1765/1392
f 1510/1902/1498 1508/1903/1499 1507/1901/1497 1505/1899/1495
f 1508/1903/1499 1408/1767/1394 1406/1765/1392 1507/1901/1497
f 1509/1904/1500 1410/1768/1395 1408/1767/1394 1508/1903/1499
f 1511/1905/1501 1509/1904/1500 1508/1903/1499 1510/1902/1498
f 1511/1905/1501 1510/1902/1498 1512/1906/1502 1514/1907/1503
f 1510/1902/1498 1505/1899/1495 1503/1898/1494 1512/1906/1502
f 1512/1906/1502 1503/1898/1494 1861/1897/1493 1513/1908/1504
f 1514/1907/1503 1512/1906/1502 1513/1908/1504 1515/1909/1505
f 1516/1910/1506 1514/1907/1503 1515/1909/1505 1518/1911/1507
f 1517/1912/1508 1511/1905/1501 1514/1907/1503 1516/1910/1506
f 1520/1913/1509 1517/1912/1508 1516/1910/1506 1519/1914/1510
f 1519/1914/1510 1516/1910/1506 1518/1911/1507 1521/1915/1511
f 1523/1916/1512 1520/1913/1509 1519/1914/1510 1522/1917/1513
f 1522/1917/1513 1519/1914/1510 1521/1915/1511 1524/1918/1514
f 1527/1919/1515 1523/1916/1512 1522/1917/1513 1525/1920/1516
f 1525/1920/1516 1522/1917/1513 1524/1918/1514 1526/1921/1517
f 1528/1922/1518 1525/1920/1516 1526/1921/1517 1530/1923/1519
f 1529/1924/1520 1527/1919/1515 1525/1920/1516 1528/1922/1518
f 1533/1925/1521 1529/1924/1520 1528/1922/1518 1531/1926/1522
f 1531/1926/1522 1528/1922/1518 1530/1923/1519 1532/1927/1523
f 1534/1928/1524 1531/1926/1522 1532/1927/1523 1536/1929/1525
f 1535/1930/1526 1533/1925/1521 1531/1926/1522 1534/1928/1524
f 1539/1931/1527 1535/1930/1526 1534/1928/1524 1537/1932/1528
f 1537/1932/1528 1534/1928/1524 1536/1929/1525 1538/1933/1529
f 1540/1934/1530 1537/1932/1528 1538/1933/1529 1542/1935/1531
f 1541/1936/1532 1539/1931/1527 1537/1932/1528 1540/1934/1530
f 1544/1937/1533 1541/1936/1532 1540/1934/1530 1543/1938/1534
f 1543/1938/1534 1540/1934/1530 1542/1935/1531 1545/1939/1535
f 1544/1937/1533 1543/1938/1534 1546/1940/1536 1549/1941/1537
f 1543/1938/1534 1545/1939/1535 1547/1942/1538 1546/1940/1536
f 1546/1940/1536 1547/1942/1538 1776/1943/1539 1548/1944/1540
f 1549/1941/1537 1546/1940/1536 1548/1944/1540 1550/1945/1541
f 1550/1945/1541 1552/1946/1542 1551/1947/1543 1549/1941/1537
f 1549/1941/1537 1551/1947/1543 1554/1948/1544 1544/1937/1533
f 1552/1946/1542 1859/1949/1545 1553/1950/1546 1551/1947/1543
f 1551/1947/1543 1553/1950/1546 1555/1951/1547 1554/1948/1544
f 1558/1952/1548 1556/1953/1549 1554/1948/1544 1555/1951/1547
f 1556/1953/1549 1541/1936/1532 1544/1937/1533 1554/1948/1544
f 1557/1954/1550 1539/1931/1527 1541/1936/1532 1556/1953/1549
f 1559/1955/1551 1557/1954/1550 1556/1953/1549 1558/1952/1548
f 1560/1956/1552 1562/1957/1553 1559/1955/1551 1558/1952/1548
f 1563/1958/1554 1560/1956/1552 1558/1952/1548 1555/1951/1547
f 1561/1959/1555 1877/1960/1556 1562/1957/1553 1560/1956/1552
f 1564/1961/1557 1561/1959/1555 1560/1956/1552 1563/1958/1554
f 1563/1958/1554 1565/1962/1558 1567/1963/1559 1564/1961/1557
f 1555/1951/1547 1553/1950/1546 1565/1962/1558 1563/1958/1554
f 1553/1950/1546 1859/1949/1545 1566/1964/1560 1565/1962/1558
f 1565/1962/1558 1566/1964/1560 1568/1965/1561 1567/1963/1559
f 1569/1966/1562 1567/1967/1559 1568/1968/1561 1571/1969/1563
f 1570/1970/1564 1564/1971/1557 1567/1967/1559 1569/1966/1562
f 1574/1972/1565 1570/1970/1564 1569/1966/1562 1572/1973/1566
f 1572/1973/1566 1569/1966/1562 1571/1969/1563 1573/1974/1567
f 1575/1975/1568 1572/1973/1566 1573/1974/1567 1577/1976/1569
f 1576/1977/1570 1574/1972/1565 1572/1973/1566 1575/1975/1568
f 1579/1978/1571 1576/1977/1570 1575/1975/1568 1578/1979/1572
f 1578/1979/1572 1575/1975/1568 1577/1976/1569 1580/1980/1573
f 1579/1978/1571 1578/1979/1572 1581/1981/1574 1584/1982/1575
f 1578/1979/1572 1580/1980/1573 1582/1983/1576 1581/1981/1574
f 1581/1981/1574 1582/1983/1576 1799/1984/1577 1583/1985/1578
f 1584/1982/1575 1581/1981/1574 1583/1985/1578 1585/1986/1579
f 1586/1987/1580 1584/1982/1575 1585/1986/1579 1588/1988/1581
f 1587/1989/1582 1579/1978/1571 1584/1982/1575 1586/1987/1580
f 1590/1990/1583 1587/1989/1582 1586/1987/1580 1589/1991/1584
f 1589/1991/1584 1586/1987/1580 1588/1988/1581 1591/1992/1585
f 1589/1991/1584 1592/1993/1586 1595/1994/1587 1590/1990/1583
f 1591/1992/1585 1593/1995/1588 1592/1993/1586 1589/1991/1584
f 1593/1995/1588 1624/1996/1589 1594/1997/1590 1592/1993/1586
f 1592/1993/1586 1594/1997/1590 1596/1998/1591 1595/1994/1587
f 1597/1999/1592 1595/1994/1587 1596/1998/1591 1599/2000/1593
f 1598/2001/1594 1590/1990/1583 1595/1994/1587 1597/1999/1592
f 1601/2002/1595 1598/2001/1594 1597/1999/1592 1600/2003/1596
f 1600/2003/1596 1597/1999/1592 1599/2000/1593 1602/2004/1597
f 1603/2005/1598 1605/2006/1599 1601/2002/1595 1600/2003/1596
f 1606/2007/1600 1603/2005/1598 1600/2003/1596 1602/2004/1597
f 1604/2008/1601 1877/2009/1556 1605/2006/1599 1603/2005/1598
f 1607/2010/1602 1604/2008/1601 1603/2005/1598 1606/2007/1600
f 1608/2011/1603 1606/2007/1600 1602/2004/1597 1610/2012/1604
f 1609/2013/1605 1607/2010/1602 1606/2007/1600 1608/2011/1603
f 1422/1784/1408 1609/2014/1605 1608/2015/1603 1424/1786/1409
f 1424/1792/1409 1608/2011/1603 1610/2012/1604 1611/1793/1412
f 1602/2004/1597 1599/2000/1593 1612/2016/1606 1610/2012/1604
f 1610/2012/1604 1612/2016/1606 1614/2017/1607 1611/1793/1412
f 1599/2000/1593 1596/1998/1591 1613/2018/1608 1612/2016/1606
f 1612/2016/1606 1613/2018/1608 1615/2019/1609 1614/2017/1607
f 1611/1793/1412 1614/2017/1607 1616/2020/1610 1425/1794/1413
f 1614/2017/1607 1615/2019/1609 1617/2021/1611 1616/2020/1610
f 1616/2020/1610 1617/2021/1611 1434/1801/1419 1431/1799/1417
f 1425/1794/1413 1616/2020/1610 1431/1799/1417 1427/1795/1414
f 1618/2022/1612 1436/1805/1423 1434/1801/1419 1617/2021/1611
f 1620/2023/1613 1618/2022/1612 1617/2021/1611 1615/2019/1609
f 1619/2024/1614 1704/1806/1424 1436/1805/1423 1618/2022/1612
f 1621/2025/1615 1619/2024/1614 1618/2022/1612 1620/2023/1613
f 1623/2026/1616 1621/2025/1615 1620/2023/1613 1622/2027/1617
f 1622/2027/1617 1620/2023/1613 1615/2019/1609 1613/2018/1608
f 1624/1996/1589 1623/2026/1616 1622/2027/1617 1594/1997/1590
f 1594/1997/1590 1622/2027/1617 1613/2018/1608 1596/1998/1591
f 1625/2028/1618 1627/2029/1619 1621/2030/1615 1623/2031/1616
f 1628/2032/1620 1625/2033/1618 1623/2034/1616 1624/2035/1589
f 1626/2036/1621 1707/2037/1622 1627/2029/1619 1625/2028/1618
f 1629/2038/1623 1626/2039/1621 1625/2033/1618 1628/2032/1620
f 1631/2040/1624 1629/2038/1623 1628/2032/1620 1630/2041/1625
f 1630/2041/1625 1628/2032/1620 1624/2035/1589 1593/2042/1588
f 1633/2043/1626 1631/2040/1624 1630/2041/1625 1632/2044/1627
f 1632/2044/1627 1630/2041/1625 1593/2042/1588 1591/2045/1585
f 1591/2045/1585 1588/2046/1581 1634/2047/1628 1632/2044/1627
f 1632/2044/1627 1634/2047/1628 1636/2048/1629 1633/2043/1626
f 1588/2046/1581 1585/2049/1579 1635/2050/1630 1634/2047/1628
f 1634/2047/1628 1635/2050/1630 1637/2051/1631 1636/2048/1629
f 1637/2051/1631 1639/2052/1632 1638/2053/1633 1636/2048/1629
f 1636/2048/1629 1638/2053/1633 1641/2054/1634 1633/2043/1626
f 1639/2052/1632 1805/2055/1635 1640/2056/1636 1638/2053/1633
f 1638/2053/1633 1640/2056/1636 1642/2057/1637 1641/2054/1634
f 1645/2058/1638 1643/2059/1639 1641/2054/1634 1642/2057/1637
f 1643/2059/1639 1631/2040/1624 1633/2043/1626 1641/2054/1634
f 1644/2060/1640 1629/2038/1623 1631/2040/1624 1643/2059/1639
f 1646/2061/1641 1644/2060/1640 1643/2059/1639 1645/2058/1638
f 1646/2061/1641 1645/2058/1638 1647/2062/1642 1650/2063/1643
f 1645/2058/1638 1642/2057/1637 1648/2064/1644 1647/2062/1642
f 1647/2062/1642 1648/2064/1644 1814/2065/1645 1649/2066/1646
f 1650/2063/1643 1647/2062/1642 1649/2066/1646 1651/2067/1647
f 1653/2068/1648 1646/2061/1641 1650/2063/1643 1652/2069/1649
f 1652/2070/1649 1650/2071/1643 1651/2072/1647 1654/2073/1650
f 1656/2074/1651 1653/2075/1648 1652/2070/1649 1655/2076/1652
f 1655/2076/1652 1652/2070/1649 1654/2073/1650 1657/2077/1653
f 1659/2078/1654 1656/2074/1651 1655/2076/1652 1658/2079/1655
f 1658/2079/1655 1655/2076/1652 1657/2077/1653 1660/2080/1656
f 1663/2081/1657 1659/2082/1654 1658/2083/1655 1661/2084/1658
f 1661/2084/1658 1658/2083/1655 1660/2085/1656 1662/2086/1659
f 1664/2087/1660 1661/2084/1658 1662/2086/1659 1666/2088/1661
f 1665/2089/1662 1663/2081/1657 1661/2084/1658 1664/2087/1660
f 1668/2090/1663 1665/2089/1662 1664/2087/1660 1667/2091/1664
f 1667/2091/1664 1664/2087/1660 1666/2088/1661 1669/2092/1665
f 1671/2093/1666 1668/2090/1663 1667/2091/1664 1670/2094/1667
f 1670/2094/1667 1667/2091/1664 1669/2092/1665 1672/2095/1668
f 1675/2096/1669 1671/2093/1666 1670/2094/1667 1673/2097/1670
f 1673/2097/1670 1670/2094/1667 1672/2095/1668 1674/2098/1671
f 1676/2099/1672 1673/2097/1670 1674/2098/1671 1678/2100/1673
f 1677/2101/1674 1675/2096/1669 1673/2097/1670 1676/2099/1672
f 1680/2102/1675 1677/2101/1674 1676/2099/1672 1679/2103/1676
f 1679/2103/1676 1676/2099/1672 1678/2100/1673 1681/2104/1677
f 1680/2102/1675 1679/2103/1676 1682/2105/1678 1685/2106/1679
f 1679/2103/1676 1681/2104/1677 1683/2107/1680 1682/2105/1678
f 1682/2105/1678 1683/2107/1680 1711/2108/1681 1684/2109/1682
f 1685/2106/1679 1682/2105/1678 1684/2109/1682 1686/1849/1454
f 1687/2110/1683 1685/2106/1679 1686/1849/1454 1465/1845/1451
f 1688/2111/1684 1680/2102/1675 1685/2106/1679 1687/2110/1683
f 1450/1825/1437 1688/2111/1684 1687/2110/1683 1452/1829/1441
f 1452/1829/1441 1687/2110/1683 1465/1845/1451 1462/1830/1442
f 1448/1824/1436 1689/2112/1685 1688/2111/1684 1450/1825/1437
f 1689/2112/1685 1677/2101/1674 1680/2102/1675 1688/2111/1684
f 1690/2113/1686 1675/2096/1669 1677/2101/1674 1689/2112/1685
f 1691/1826/1438 1690/2113/1686 1689/2112/1685 1448/1824/1436
f 1690/2113/1686 1691/1826/1438 1693/2114/1687 1692/2115/1688
f 1675/2096/1669 1690/2113/1686 1692/2115/1688 1671/2093/1666
f 1692/2115/1688 1693/2114/1687 1695/2116/1689 1694/2117/1690
f 1671/2093/1666 1692/2115/1688 1694/2117/1690 1668/2090/1663
f 1698/2118/1691 1696/2119/1692 1694/2117/1690 1695/2116/1689
f 1696/2119/1692 1665/2089/1662 1668/2090/1663 1694/2117/1690
f 1697/2120/1693 1663/2081/1657 1665/2089/1662 1696/2119/1692
f 1699/2121/1694 1697/2120/1693 1696/2119/1692 1698/2118/1691
f 1700/2122/1695 1701/2123/1696 1699/2121/1694 1698/2118/1691
f 1702/2124/1697 1700/2122/1695 1698/2118/1691 1695/2116/1689
f 1437/2125/1425 1704/2126/1424 1701/2123/1696 1700/2122/1695
f 1439/1810/1426 1437/2125/1425 1700/2122/1695 1702/2124/1697
f 1702/2124/1697 1703/1820/1433 1441/1811/1428 1439/1810/1426
f 1695/2116/1689 1693/2114/1687 1703/1820/1433 1702/2124/1697
f 1693/2114/1687 1691/1826/1438 1444/1818/1431 1703/1820/1433
f 1706/2127/1698 1699/2121/1694 1701/2123/1696 1705/2128/1699
f 1705/2128/1699 1701/2123/1696 1704/2126/1424 1619/2129/1614
f 1707/2037/1622 1706/2130/1698 1705/2131/1699 1627/2029/1619
f 1627/2029/1619 1705/2131/1699 1619/2132/1614 1621/2030/1615
f 1708/2133/1700 1706/2130/1698 1707/2037/1622 1709/2134/1701
f 1697/2120/1693 1699/2121/1694 1706/2127/1698 1708/2135/1700
f 1663/2081/1657 1697/2120/1693 1708/2135/1700 1659/2082/1654
f 1659/2078/1654 1708/2133/1700 1709/2134/1701 1656/2074/1651
f 1709/2134/1701 1707/2037/1622 1626/2036/1621 1710/2136/1702
f 1656/2074/1651 1709/2134/1701 1710/2136/1702 1653/2075/1648
f 1710/2137/1702 1626/2039/1621 1629/2038/1623 1644/2060/1640
f 1653/2068/1648 1710/2137/1702 1644/2060/1640 1646/2061/1641
f 1466/1850/1455 1686/1849/1454 1684/2109/1682 1712/2138/1703
f 1712/2139/1703 1684/2140/1682 1711/2141/1681 1713/2142/1704
f 1468/1852/1456 1466/1851/1455 1712/2139/1703 1714/2143/1705
f 1714/2143/1705 1712/2139/1703 1713/2142/1704 1715/2144/1706
f 1715/2144/1706 1717/2145/1707 1716/2146/1708 1714/2143/1705
f 1714/2143/1705 1716/2146/1708 1470/1853/1457 1468/1852/1456
f 1717/2145/1707 1720/2147/1709 1718/2148/1710 1716/2146/1708
f 1716/2146/1708 1718/2148/1710 1719/1856/1460 1470/1853/1457
f 1719/1856/1460 1718/2148/1710 1721/2149/1711 1723/2150/1712
f 1718/2148/1710 1720/2147/1709 1722/2151/1713 1721/2149/1711
f 1721/2152/1711 1722/2153/1713 1725/1891/1487 1497/1890/1486
f 1723/2154/1712 1721/2152/1711 1497/1890/1486 1495/1887/1483
f 1495/1887/1483 1492/1883/1479 1724/2155/1714 1723/2154/1712
f 1723/2150/1712 1724/2156/1714 1471/1857/1461 1719/1856/1460
f 1492/1883/1479 1488/1867/1470 1479/1866/1469 1724/2155/1714
f 1724/2156/1714 1479/1865/1469 1473/1858/1462 1471/1857/1461
f 1726/2157/1715 1498/1892/1488 1725/1891/1487 1722/2153/1713
f 1728/2158/1716 1726/2159/1715 1722/2160/1713 1720/2161/1709
f 1727/2162/1717 1500/1893/1489 1498/1892/1488 1726/2157/1715
f 1729/2163/1718 1727/2164/1717 1726/2159/1715 1728/2158/1716
f 1730/2165/1719 1728/2158/1716 1720/2161/1709 1717/2166/1707
f 1731/2167/1720 1729/2163/1718 1728/2158/1716 1730/2165/1719
f 1733/2168/1721 1731/2167/1720 1730/2165/1719 1732/2169/1722
f 1732/2169/1722 1730/2165/1719 1717/2166/1707 1715/2170/1706
f 1733/2168/1721 1732/2169/1722 1734/2171/1723 1735/2172/1724
f 1732/2169/1722 1715/2170/1706 1713/2173/1704 1734/2171/1723
f 1734/2171/1723 1713/2173/1704 1711/2174/1681 1683/2175/1680
f 1735/2176/1724 1734/2177/1723 1683/2107/1680 1681/2104/1677
f 1681/2104/1677 1678/2100/1673 1736/2178/1725 1735/2176/1724
f 1735/2172/1724 1736/2179/1725 1738/2180/1726 1733/2168/1721
f 1678/2100/1673 1674/2098/1671 1737/2181/1727 1736/2178/1725
f 1736/2179/1725 1737/2182/1727 1739/2183/1728 1738/2180/1726
f 1742/2184/1729 1740/2185/1730 1738/2180/1726 1739/2183/1728
f 1740/2185/1730 1731/2167/1720 1733/2168/1721 1738/2180/1726
f 1741/2186/1731 1729/2163/1718 1731/2167/1720 1740/2185/1730
f 1743/2187/1732 1741/2186/1731 1740/2185/1730 1742/2184/1729
f 1742/2184/1729 1739/2183/1728 1745/2188/1733 1744/2189/1734
f 1743/2187/1732 1742/2184/1729 1744/2189/1734 1747/2190/1735
f 1744/2189/1734 1745/2188/1733 1835/2191/1736 1746/2192/1737
f 1747/2190/1735 1744/2189/1734 1746/2192/1737 1748/2193/1738
f 1749/2194/1739 1750/2195/1740 1743/2187/1732 1747/2190/1735
f 1751/2196/1741 1749/2194/1739 1747/2190/1735 1748/2193/1738
f 1513/1908/1504 1861/1897/1493 1750/2197/1740 1749/2198/1739
f 1515/2199/1505 1513/2200/1504 1749/2194/1739 1751/2196/1741
f 1752/2201/1742 1751/2196/1741 1748/2193/1738 1753/2202/1743
f 1518/2203/1507 1515/2199/1505 1751/2196/1741 1752/2201/1742
f 1521/2204/1511 1518/2203/1507 1752/2201/1742 1754/2205/1744
f 1754/2205/1744 1752/2201/1742 1753/2202/1743 1755/2206/1745
f 1524/2207/1514 1521/2204/1511 1754/2205/1744 1756/2208/1746
f 1756/2208/1746 1754/2205/1744 1755/2206/1745 1757/2209/1747
f 1526/2210/1517 1524/2207/1514 1756/2208/1746 1758/2211/1748
f 1758/2211/1748 1756/2208/1746 1757/2209/1747 1759/2212/1749
f 1760/2213/1750 1758/2211/1748 1759/2212/1749 1761/2214/1751
f 1530/2215/1519 1526/2210/1517 1758/2211/1748 1760/2213/1750
f 1532/2216/1523 1530/2215/1519 1760/2213/1750 1762/2217/1752
f 1762/2217/1752 1760/2213/1750 1761/2214/1751 1763/2218/1753
f 1764/2219/1754 1762/2217/1752 1763/2218/1753 1765/2220/1755
f 1536/2221/1525 1532/2216/1523 1762/2217/1752 1764/2219/1754
f 1538/2222/1529 1536/2221/1525 1764/2219/1754 1766/2223/1756
f 1766/2223/1756 1764/2219/1754 1765/2220/1755 1767/2224/1757
f 1768/2225/1758 1766/2223/1756 1767/2224/1757 1769/2226/1759
f 1542/2227/1531 1538/2222/1529 1766/2223/1756 1768/2225/1758
f 1545/2228/1535 1542/2227/1531 1768/2225/1758 1770/2229/1760
f 1770/2229/1760 1768/2225/1758 1769/2226/1759 1771/2230/1761
f 1770/2229/1760 1772/2231/1762 1547/2232/1538 1545/2228/1535
f 1771/2230/1761 1773/2233/1763 1772/2231/1762 1770/2229/1760
f 1773/2233/1763 1775/2234/1764 1774/2235/1765 1772/2231/1762
f 1772/2231/1762 1774/2235/1765 1776/2236/1539 1547/2232/1538
f 1779/2237/1766 1777/2238/1767 1774/2235/1765 1775/2234/1764
f 1777/2239/1767 1548/1944/1540 1776/1943/1539 1774/2240/1765
f 1778/2241/1768 1550/1945/1541 1548/1944/1540 1777/2239/1767
f 1780/2242/1769 1778/2243/1768 1777/2244/1767 1779/2245/1766
f 1775/2234/1764 1782/2246/1770 1781/2247/1771 1779/2237/1766
f 1779/2245/1766 1781/2248/1771 1784/2249/1772 1780/2242/1769
f 1782/2246/1770 1850/2250/1773 1783/2251/1774 1781/2247/1771
f 1781/2248/1771 1783/2252/1774 1785/2253/1775 1784/2249/1772
f 1786/2254/1776 1784/2249/1772 1785/2253/1775 1788/2255/1777
f 1787/2256/1778 1780/2242/1769 1784/2249/1772 1786/2254/1776
f 1790/2257/1779 1787/2256/1778 1786/2254/1776 1789/2258/1780
f 1789/2258/1780 1786/2254/1776 1788/2255/1777 1791/2259/1781
f 1792/2260/1782 1793/2261/1783 1790/2257/1779 1789/2258/1780
f 1794/2262/1784 1792/2260/1782 1789/2258/1780 1791/2259/1781
f 1577/2263/1569 1573/2264/1567 1793/2261/1783 1792/2260/1782
f 1580/2265/1573 1577/2263/1569 1792/2260/1782 1794/2262/1784
f 1794/2262/1784 1795/2266/1785 1582/2267/1576 1580/2265/1573
f 1791/2259/1781 1796/2268/1786 1795/2266/1785 1794/2262/1784
f 1796/2269/1786 1798/2270/1787 1797/2271/1788 1795/2272/1785
f 1795/2272/1785 1797/2271/1788 1799/2273/1577 1582/2274/1576
f 1801/2275/1789 1800/2276/1790 1797/2271/1788 1798/2270/1787
f 1800/2276/1790 1583/2277/1578 1799/2273/1577 1797/2271/1788
f 1635/2050/1630 1585/2049/1579 1583/2277/1578 1800/2276/1790
f 1637/2051/1631 1635/2050/1630 1800/2276/1790 1801/2275/1789
f 1802/2278/1791 1801/2275/1789 1798/2270/1787 1803/2279/1792
f 1639/2052/1632 1637/2051/1631 1801/2275/1789 1802/2278/1791
f 1805/2055/1635 1639/2052/1632 1802/2278/1791 1804/2280/1793
f 1804/2280/1793 1802/2278/1791 1803/2279/1792 1806/2281/1794
f 1805/2055/1635 1804/2280/1793 1807/2282/1795 1810/2283/1796
f 1804/2280/1793 1806/2281/1794 1808/2284/1797 1807/2282/1795
f 1807/2282/1795 1808/2284/1797 1853/2285/1798 1809/2286/1799
f 1810/2283/1796 1807/2282/1795 1809/2286/1799 1811/2287/1800
f 1812/2288/1801 1810/2283/1796 1811/2287/1800 1813/2289/1802
f 1640/2056/1636 1805/2055/1635 1810/2283/1796 1812/2288/1801
f 1642/2057/1637 1640/2056/1636 1812/2288/1801 1648/2064/1644
f 1648/2064/1644 1812/2288/1801 1813/2289/1802 1814/2065/1645
f 1813/2290/1802 1811/2291/1800 1816/2292/1803 1815/2293/1804
f 1814/2294/1645 1813/2290/1802 1815/2293/1804 1818/2295/1805
f 1815/2293/1804 1816/2292/1803 1847/2296/1806 1817/2297/1807
f 1818/2295/1805 1815/2293/1804 1817/2297/1807 1819/2298/1808
f 1649/2299/1646 1814/2294/1645 1818/2295/1805 1820/2300/1809
f 1820/2300/1809 1818/2295/1805 1819/2298/1808 1821/2301/1810
f 1651/2302/1647 1649/2299/1646 1820/2300/1809 1822/2303/1811
f 1822/2303/1811 1820/2300/1809 1821/2301/1810 1823/2304/1812
f 1654/2305/1650 1651/2302/1647 1822/2303/1811 1824/2306/1813
f 1824/2306/1813 1822/2303/1811 1823/2304/1812 1825/2307/1814
f 1657/2077/1653 1654/2073/1650 1824/2308/1813 1826/2309/1815
f 1826/2310/1815 1824/2306/1813 1825/2307/1814 1827/2311/1816
f 1660/2080/1656 1657/2077/1653 1826/2309/1815 1828/2312/1817
f 1828/2313/1817 1826/2310/1815 1827/2311/1816 1829/2314/1818
f 1662/2315/1659 1660/2316/1656 1828/2313/1817 1830/2317/1819
f 1830/2317/1819 1828/2313/1817 1829/2314/1818 1831/2318/1820
f 1832/2319/1821 1830/2317/1819 1831/2318/1820 1833/2320/1822
f 1666/2321/1661 1662/2315/1659 1830/2317/1819 1832/2319/1821
f 1669/2322/1665 1666/2321/1661 1832/2319/1821 1834/2323/1823
f 1834/2323/1823 1832/2319/1821 1833/2320/1822 1835/2191/1736
f 1672/2324/1668 1669/2322/1665 1834/2323/1823 1836/2325/1824
f 1836/2325/1824 1834/2323/1823 1835/2191/1736 1745/2188/1733
f 1674/2326/1671 1672/2324/1668 1836/2325/1824 1737/2182/1727
f 1737/2182/1727 1836/2325/1824 1745/2188/1733 1739/2183/1728
f 1837/2327/1825 1746/2192/1737 1835/2191/1736 1833/2320/1822
f 1838/2328/1826 1837/2327/1825 1833/2320/1822 1831/2318/1820
f 1753/2202/1743 1748/2193/1738 1746/2192/1737 1837/2327/1825
f 1755/2206/1745 1753/2202/1743 1837/2327/1825 1838/2328/1826
f 1838/2328/1826 1831/2318/1820 1829/2314/1818 1839/2329/1827
f 1755/2206/1745 1838/2328/1826 1839/2329/1827 1757/2209/1747
f 1839/2329/1827 1829/2314/1818 1827/2311/1816 1840/2330/1828
f 1757/2209/1747 1839/2329/1827 1840/2330/1828 1759/2212/1749
f 1840/2330/1828 1827/2311/1816 1825/2307/1814 1841/2331/1829
f 1759/2212/1749 1840/2330/1828 1841/2331/1829 1761/2214/1751
f 1841/2331/1829 1825/2307/1814 1823/2304/1812 1842/2332/1830
f 1761/2214/1751 1841/2331/1829 1842/2332/1830 1763/2218/1753
f 1763/2218/1753 1842/2332/1830 1843/2333/1831 1765/2220/1755
f 1842/2332/1830 1823/2304/1812 1821/2301/1810 1843/2333/1831
f 1843/2333/1831 1821/2301/1810 1819/2298/1808 1844/2334/1832
f 1765/2220/1755 1843/2333/1831 1844/2334/1832 1767/2224/1757
f 1769/2226/1759 1767/2224/1757 1844/2334/1832 1845/2335/1833
f 1845/2335/1833 1844/2334/1832 1819/2298/1808 1817/2297/1807
f 1771/2230/1761 1769/2226/1759 1845/2335/1833 1846/2336/1834
f 1846/2336/1834 1845/2335/1833 1817/2297/1807 1847/2296/1806
f 1771/2230/1761 1846/2336/1834 1848/2337/1835 1773/2233/1763
f 1846/2336/1834 1847/2296/1806 1849/2338/1836 1848/2337/1835
f 1848/2337/1835 1849/2338/1836 1850/2250/1773 1782/2246/1770
f 1773/2233/1763 1848/2337/1835 1782/2246/1770 1775/2234/1764
f 1849/2338/1836 1851/2339/1837 1852/2340/1838 1850/2250/1773
f 1847/2296/1806 1816/2292/1803 1851/2339/1837 1849/2338/1836
f 1816/2292/1803 1811/2291/1800 1809/2341/1799 1851/2339/1837
f 1851/2339/1837 1809/2341/1799 1853/2342/1798 1852/2340/1838
f 1854/2343/1839 1852/2344/1838 1853/2285/1798 1808/2284/1797
f 1783/2251/1774 1850/2250/1773 1852/2340/1838 1854/2345/1839
f 1785/2253/1775 1783/2252/1774 1854/2346/1839 1855/2347/1840
f 1855/2348/1840 1854/2343/1839 1808/2284/1797 1806/2281/1794
f 1806/2281/1794 1803/2279/1792 1856/2349/1841 1855/2348/1840
f 1855/2347/1840 1856/2350/1841 1788/2255/1777 1785/2253/1775
f 1803/2279/1792 1798/2270/1787 1796/2269/1786 1856/2349/1841
f 1856/2350/1841 1796/2268/1786 1791/2259/1781 1788/2255/1777
f 1790/2257/1779 1793/2261/1783 1857/2351/1842 1858/2352/1843
f 1793/2261/1783 1573/2264/1567 1571/2353/1563 1857/2351/1842
f 1857/2354/1842 1571/2355/1563 1568/1965/1561 1566/1964/1560
f 1858/2356/1843 1857/2354/1842 1566/1964/1560 1859/1949/1545
f 1860/2357/1844 1858/2356/1843 1859/1949/1545 1552/1946/1542
f 1787/2256/1778 1790/2257/1779 1858/2352/1843 1860/2358/1844
f 1780/2242/1769 1787/2256/1778 1860/2358/1844 1778/2243/1768
f 1778/2241/1768 1860/2357/1844 1552/1946/1542 1550/1945/1541
f 1862/2359/1845 1750/2197/1740 1861/1897/1493 1502/1894/1490
f 1741/2186/1731 1743/2187/1732 1750/2195/1740 1862/2360/1845
f 1729/2163/1718 1741/2186/1731 1862/2360/1845 1727/2164/1717
f 1727/2162/1717 1862/2359/1845 1502/1894/1490 1500/1893/1489
f 1863/2361/1846 1865/2362/1847 1607/2363/1602 1609/2364/1605
f 1420/1782/1407 1863/2365/1846 1609/2014/1605 1422/1784/1408
f 1864/2366/1848 1866/2367/1849 1865/2362/1847 1863/2361/1846
f 1873/2368/1406 1864/2366/1848 1863/2361/1846 1420/2369/1407
f 1865/2362/1847 1867/2370/1850 1604/2371/1601 1607/2363/1602
f 1866/2367/1849 1868/2372/1851 1867/2370/1850 1865/2362/1847
f 1868/2372/1851 1559/1955/1551 1562/1957/1553 1867/2370/1850
f 1867/2370/1850 1562/1957/1553 1877/1960/1556 1604/2371/1601
f 1869/2373/1852 1868/2372/1851 1866/2367/1849 1870/2374/1853
f 1557/1954/1550 1559/1955/1551 1868/2372/1851 1869/2373/1852
f 1539/1931/1527 1557/1954/1550 1869/2373/1852 1535/1930/1526
f 1535/1930/1526 1869/2373/1852 1870/2374/1853 1533/1925/1521
f 1870/2374/1853 1866/2367/1849 1864/2366/1848 1871/2375/1854
f 1533/1925/1521 1870/2374/1853 1871/2375/1854 1529/1924/1520
f 1871/2375/1854 1864/2366/1848 1873/2368/1406 1872/2376/1855
f 1529/1924/1520 1871/2375/1854 1872/2376/1855 1527/1919/1515
f 1527/1919/1515 1872/2376/1855 1874/2377/1856 1523/1916/1512
f 1872/2376/1855 1873/2368/1406 1419/1779/1405 1874/2377/1856
f 1874/2377/1856 1419/1779/1405 1417/1776/1402 1875/2378/1857
f 1523/1916/1512 1874/2377/1856 1875/2378/1857 1520/1913/1509
f 1876/2379/1858 1517/1912/1508 1520/1913/1509 1875/2378/1857
f 1414/1772/1398 1876/2379/1858 1875/2378/1857 1417/1776/1402
f 1509/1904/1500 1511/1905/1501 1517/1912/1508 1876/2379/1858
f 1410/1768/1395 1509/1904/1500 1876/2379/1858 1414/1772/1398
f 1878/2380/1859 1605/2006/1599 1877/2009/1556 1561/2381/1555
f 1879/2382/1860 1601/2002/1595 1605/2006/1599 1878/2380/1859
f 1574/1972/1565 1879/2382/1860 1878/2380/1859 1570/1970/1564
f 1570/1970/1564 1878/2380/1859 1561/2381/1555 1564/1971/1557
f 1879/2382/1860 1574/1972/1565 1576/1977/1570 1880/2383/1861
f 1601/2002/1595 1879/2382/1860 1880/2383/1861 1598/2001/1594
f 1880/2383/1861 1576/1977/1570 1579/1978/1571 1587/1989/1582
f 1598/2001/1594 1880/2383/1861 1587/1989/1582 1590/1990/1583
f 1881/1738/1370 1380/1724/1356 1882/1727/1359 1484/1872/1473
f 1484/1872/1473 1882/1727/1359 1475/2384/1465 1477/1873/1466
f 1882/1727/1359 1378/1726/1358 1458/1836/1446 1475/2384/1465
f 1886/2385/1862 1883/2386/1863 1884/2387/1864 2100/2388/1865
f 1883/2386/1863 1885/2389/1866 1905/2390/1867 1884/2387/1864
f 1883/2386/1863 1887/2391/1868 1890/2392/1869 1885/2389/1866
f 1886/2385/1862 1889/2393/1458 1887/2391/1868 1883/2386/1863
f 1887/2391/1868 1888/2394/1870 1891/2395/1871 1890/2392/1869
f 1889/2393/1458 1952/2396/1872 1888/2394/1870 1887/2391/1868
f 1890/2392/1869 1891/2395/1871 1893/2397/1873 1892/2398/1874
f 1885/2389/1866 1890/2392/1869 1892/2398/1874 1894/2399/1875
f 1892/2400/1874 1893/2401/1873 1896/2402/1876 1895/2403/1877
f 1894/2404/1875 1892/2400/1874 1895/2403/1877 1898/2405/1878
f 1895/2403/1877 1896/2402/1876 1962/2406/1879 1897/2407/1880
f 1898/2405/1878 1895/2403/1877 1897/2407/1880 1899/2408/1881
f 1898/2405/1878 1900/2409/1882 1903/2410/1883 1894/2404/1875
f 1899/2408/1881 1901/2411/1884 1900/2409/1882 1898/2405/1878
f 1901/2411/1884 1911/2412/1885 1902/2413/1886 1900/2409/1882
f 1900/2409/1882 1902/2413/1886 1904/2414/1887 1903/2410/1883
f 1885/2389/1866 1894/2399/1875 1903/2415/1883 1905/2390/1867
f 1905/2390/1867 1903/2415/1883 1904/2416/1887 1906/2417/1888
f 1884/2387/1864 1905/2390/1867 1906/2417/1888 1907/2418/1889
f 1908/2419/1890 1906/2420/1888 1904/2421/1887 1902/2422/1886
f 1909/2423/1891 1907/2424/1889 1906/2420/1888 1908/2419/1890
f 1912/2425/1892 1909/2423/1891 1908/2419/1890 1910/2426/1893
f 1910/2426/1893 1908/2419/1890 1902/2422/1886 1911/2427/1885
f 1911/2427/1885 1914/2428/1894 1913/2429/1895 1910/2426/1893
f 1910/2426/1893 1913/2429/1895 1916/2430/1896 1912/2425/1892
f 1914/2428/1894 1974/2431/1897 1915/2432/1898 1913/2429/1895
f 1913/2429/1895 1915/2432/1898 1917/2433/1899 1916/2430/1896
f 1916/2430/1896 1917/2433/1899 1919/2434/1900 1918/2435/1901
f 1912/2425/1892 1916/2430/1896 1918/2435/1901 1921/2436/1902
f 1918/2435/1901 1919/2434/1900 1987/2437/1903 1920/2438/1904
f 1921/2436/1902 1918/2435/1901 1920/2438/1904 1922/2439/1905
f 1923/2440/1906 1909/2423/1891 1912/2425/1892 1921/2436/1902
f 1925/2441/1907 1923/2440/1906 1921/2436/1902 1922/2439/1905
f 1924/2442/1908 1907/2424/1889 1909/2423/1891 1923/2440/1906
f 1926/2443/1909 1924/2442/1908 1923/2440/1906 1925/2441/1907
f 1925/2441/1907 1927/2444/1910 1930/2445/1911 1926/2443/1909
f 1922/2439/1905 1928/2446/1912 1927/2444/1910 1925/2441/1907
f 1928/2446/1912 1996/2447/1913 1929/2448/1914 1927/2444/1910
f 1927/2449/1910 1929/2450/1914 1931/2451/1915 1930/2452/1911
f 1933/2453/1916 1926/2454/1909 1930/2452/1911 1932/2455/1917
f 1932/2455/1917 1930/2452/1911 1931/2451/1915 1934/2456/1918
f 1937/2457/1919 1933/2453/1916 1932/2455/1917 1935/2458/1920
f 1935/2458/1920 1932/2455/1917 1934/2456/1918 1936/2459/1921
f 1938/2460/1922 1935/2458/1920 1936/2459/1921 1940/2461/1923
f 1939/2462/1924 1937/2457/1919 1935/2458/1920 1938/2460/1922
f 1942/2463/1925 1939/2462/1924 1938/2460/1922 1941/2464/1926
f 1941/2464/1926 1938/2460/1922 1940/2461/1923 1943/2465/1927
f 1942/2463/1925 1941/2464/1926 1944/2466/1928 1947/2467/1929
f 1941/2464/1926 1943/2465/1927 1945/2468/1930 1944/2466/1928
f 1944/2466/1928 1945/2468/1930 2023/2469/1931 1946/2470/1932
f 1947/2467/1929 1944/2466/1928 1946/2470/1932 1948/2471/1933
f 1948/2471/1933 1950/2472/1934 1949/2473/1935 1947/2467/1929
f 1947/2467/1929 1949/2473/1935 1952/2396/1872 1942/2463/1925
f 1950/2472/1934 1953/2474/1936 1951/2475/1937 1949/2473/1935
f 1949/2473/1935 1951/2475/1937 1888/2394/1870 1952/2396/1872
f 1939/2462/1924 1942/2463/1925 1952/2396/1872 1889/2393/1458
f 1888/2394/1870 1951/2475/1937 1954/2476/1938 1891/2395/1871
f 1951/2475/1937 1953/2474/1936 1955/2477/1939 1954/2476/1938
f 1954/2476/1938 1955/2477/1939 1957/2478/1940 1956/2479/1941
f 1891/2395/1871 1954/2476/1938 1956/2479/1941 1893/2397/1873
f 1958/2480/1942 1956/2481/1941 1957/2482/1940 1959/2483/1943
f 1896/2402/1876 1893/2401/1873 1956/2481/1941 1958/2480/1942
f 1962/2406/1879 1896/2402/1876 1958/2480/1942 1960/2484/1944
f 1960/2484/1944 1958/2480/1942 1959/2483/1943 1961/2485/1945
f 1961/2485/1945 1964/2486/1946 1963/2487/1947 1960/2484/1944
f 1960/2484/1944 1963/2487/1947 1966/2488/1948 1962/2406/1879
f 1964/2486/1946 2049/2489/1949 1965/2490/1950 1963/2487/1947
f 1963/2487/1947 1965/2490/1950 1967/2491/1951 1966/2488/1948
f 1968/2492/1952 1966/2488/1948 1967/2491/1951 1969/2493/1953
f 1897/2407/1880 1962/2406/1879 1966/2488/1948 1968/2492/1952
f 1899/2408/1881 1897/2407/1880 1968/2492/1952 1970/2494/1954
f 1970/2494/1954 1968/2492/1952 1969/2493/1953 1971/2495/1955
f 1899/2408/1881 1970/2494/1954 1972/2496/1956 1901/2411/1884
f 1970/2494/1954 1971/2495/1955 1973/2497/1957 1972/2496/1956
f 1972/2496/1956 1973/2497/1957 1974/2498/1897 1914/2499/1894
f 1901/2411/1884 1972/2496/1956 1914/2499/1894 1911/2412/1885
f 1973/2497/1957 1975/2500/1958 1978/2501/1959 1974/2498/1897
f 1971/2495/1955 1976/2502/1960 1975/2500/1958 1973/2497/1957
f 1976/2502/1960 2066/2503/1961 1977/2504/1962 1975/2500/1958
f 1975/2500/1958 1977/2504/1962 1979/2505/1963 1978/2501/1959
f 1980/2506/1964 1978/2507/1959 1979/2508/1963 1981/2509/1965
f 1915/2432/1898 1974/2431/1897 1978/2507/1959 1980/2506/1964
f 1917/2433/1899 1915/2432/1898 1980/2506/1964 1982/2510/1966
f 1982/2510/1966 1980/2506/1964 1981/2509/1965 1983/2511/1967
f 1983/2511/1967 1985/2512/1968 1984/2513/1969 1982/2510/1966
f 1982/2510/1966 1984/2513/1969 1919/2434/1900 1917/2433/1899
f 1985/2512/1968 1988/2514/1970 1986/2515/1971 1984/2513/1969
f 1984/2513/1969 1986/2515/1971 1987/2437/1903 1919/2434/1900
f 1987/2437/1903 1986/2515/1971 1989/2516/1972 1992/2517/1973
f 1986/2515/1971 1988/2514/1970 1990/2518/1974 1989/2516/1972
f 1989/2516/1972 1990/2518/1974 2099/2519/1975 1991/2520/1976
f 1992/2517/1973 1989/2516/1972 1991/2520/1976 1993/2521/1977
f 1993/2521/1977 1995/2522/1978 1994/2523/1979 1992/2517/1973
f 1992/2517/1973 1994/2523/1979 1920/2438/1904 1987/2437/1903
f 1995/2522/1978 1996/2447/1913 1928/2446/1912 1994/2523/1979
f 1994/2523/1979 1928/2446/1912 1922/2439/1905 1920/2438/1904
f 1997/2524/1980 1999/2525/1981 1996/2526/1913 1995/2527/1978
f 2000/2528/1982 1997/2524/1980 1995/2527/1978 1993/2529/1977
f 1998/2530/1983 2014/2531/1984 1999/2525/1981 1997/2524/1980
f 2001/2532/1985 1998/2530/1983 1997/2524/1980 2000/2528/1982
f 2001/2532/1985 2000/2528/1982 2002/2533/1986 2004/2534/1987
f 2000/2528/1982 1993/2529/1977 1991/2535/1976 2002/2533/1986
f 2002/2533/1986 1991/2535/1976 2099/2536/1975 2003/2537/1988
f 2004/2534/1987 2002/2533/1986 2003/2537/1988 2005/2538/1989
f 2005/2538/1989 2007/2539/1990 2006/2540/1991 2004/2534/1987
f 2004/2534/1987 2006/2540/1991 2009/2541/1992 2001/2532/1985
f 2007/2539/1990 2091/2542/1993 2008/2543/1994 2006/2540/1991
f 2006/2540/1991 2008/2543/1994 2010/2544/1995 2009/2541/1992
f 2009/2541/1992 2010/2544/1995 2012/2545/1996 2011/2546/1997
f 2001/2532/1985 2009/2541/1992 2011/2546/1997 1998/2530/1983
f 2011/2546/1997 2012/2545/1996 2015/2547/1998 2013/2548/1999
f 1998/2530/1983 2011/2546/1997 2013/2548/1999 2014/2531/1984
f 2016/2549/2000 2017/2550/2001 2014/2531/1984 2013/2548/1999
f 2018/2551/2002 2016/2549/2000 2013/2548/1999 2015/2547/1998
f 1940/2552/1923 1936/2553/1921 2017/2550/2001 2016/2549/2000
f 1943/2554/1927 1940/2552/1923 2016/2549/2000 2018/2551/2002
f 2018/2551/2002 2019/2555/2003 1945/2556/1930 1943/2554/1927
f 2015/2547/1998 2020/2557/2004 2019/2555/2003 2018/2551/2002
f 2020/2557/2004 2022/2558/2005 2021/2559/2006 2019/2555/2003
f 2019/2555/2003 2021/2559/2006 2023/2560/1931 1945/2556/1930
f 2026/2561/2007 2024/2562/2008 2021/2563/2006 2022/2564/2005
f 2024/2562/2008 1946/2565/1932 2023/2566/1931 2021/2563/2006
f 2025/2567/2009 1948/2568/1933 1946/2565/1932 2024/2562/2008
f 2027/2569/2010 2025/2567/2009 2024/2562/2008 2026/2561/2007
f 2028/2570/2011 2026/2561/2007 2022/2564/2005 2030/2571/2012
f 2029/2572/2013 2027/2569/2010 2026/2561/2007 2028/2570/2011
f 2032/2573/2014 2029/2572/2013 2028/2570/2011 2031/2574/2015
f 2031/2574/2015 2028/2570/2011 2030/2571/2012 2033/2575/2016
f 2032/2573/2014 2031/2574/2015 2034/2576/2017 2037/2577/2018
f 2031/2574/2015 2033/2575/2016 2035/2578/2019 2034/2576/2017
f 2034/2576/2017 2035/2578/2019 2094/2579/2020 2036/2580/2021
f 2037/2577/2018 2034/2576/2017 2036/2580/2021 2038/2581/2022
f 2039/2582/2023 2037/2577/2018 2038/2581/2022 2041/2583/2024
f 2040/2584/2025 2032/2573/2014 2037/2577/2018 2039/2582/2023
f 2043/2585/2026 2040/2584/2025 2039/2582/2023 2042/2586/2027
f 2042/2586/2027 2039/2582/2023 2041/2583/2024 2044/2587/2028
f 2043/2585/2026 2042/2586/2027 2045/2588/2029 2048/2589/2030
f 2042/2586/2027 2044/2587/2028 2046/2590/2031 2045/2588/2029
f 2045/2588/2029 2046/2590/2031 2059/2591/2032 2047/2592/2033
f 2048/2589/2030 2045/2588/2029 2047/2592/2033 2049/2593/1949
f 2050/2594/2034 2048/2589/2030 2049/2593/1949 1964/2595/1946
f 2051/2596/2035 2043/2585/2026 2048/2589/2030 2050/2594/2034
f 2053/2597/2036 2051/2596/2035 2050/2594/2034 2052/2598/2037
f 2052/2598/2037 2050/2594/2034 1964/2595/1946 1961/2599/1945
f 2053/2597/2036 2052/2598/2037 2054/2600/2038 2055/2601/2039
f 2052/2598/2037 1961/2599/1945 1959/2602/1943 2054/2600/2038
f 2054/2600/2038 1959/2602/1943 1957/2603/1940 1955/2604/1939
f 2055/2601/2039 2054/2600/2038 1955/2604/1939 1953/2605/1936
f 2056/2606/2040 2055/2601/2039 1953/2605/1936 1950/2607/1934
f 2057/2608/2041 2053/2597/2036 2055/2601/2039 2056/2606/2040
f 2027/2569/2010 2057/2608/2041 2056/2606/2040 2025/2567/2009
f 2025/2567/2009 2056/2606/2040 1950/2607/1934 1948/2568/1933
f 2057/2608/2041 2027/2569/2010 2029/2572/2013 2058/2609/2042
f 2053/2597/2036 2057/2608/2041 2058/2609/2042 2051/2596/2035
f 2058/2609/2042 2029/2572/2013 2032/2573/2014 2040/2584/2025
f 2051/2596/2035 2058/2609/2042 2040/2584/2025 2043/2585/2026
f 1965/2490/1950 2049/2489/1949 2047/2610/2033 2060/2611/2043
f 2060/2611/2043 2047/2610/2033 2059/2612/2032 2061/2613/2044
f 1967/2491/1951 1965/2490/1950 2060/2611/2043 2062/2614/2045
f 2062/2614/2045 2060/2611/2043 2061/2613/2044 2063/2615/2046
f 2063/2615/2046 2065/2616/2047 2064/2617/2048 2062/2614/2045
f 2062/2614/2045 2064/2617/2048 1969/2493/1953 1967/2491/1951
f 2065/2616/2047 2066/2503/1961 1976/2502/1960 2064/2617/2048
f 2064/2617/2048 1976/2502/1960 1971/2495/1955 1969/2493/1953
f 2067/2618/2049 2069/2619/2050 2066/2620/1961 2065/2621/2047
f 2070/2622/2051 2067/2618/2049 2065/2621/2047 2063/2623/2046
f 2068/2624/2052 2081/2625/2053 2069/2619/2050 2067/2618/2049
f 2071/2626/2054 2068/2624/2052 2067/2618/2049 2070/2622/2051
f 2071/2626/2054 2070/2622/2051 2072/2627/2055 2073/2628/2056
f 2070/2622/2051 2063/2623/2046 2061/2629/2044 2072/2627/2055
f 2072/2627/2055 2061/2629/2044 2059/2630/2032 2046/2631/2031
f 2073/2628/2056 2072/2627/2055 2046/2631/2031 2044/2632/2028
f 2044/2632/2028 2041/2633/2024 2074/2634/2057 2073/2628/2056
f 2073/2628/2056 2074/2634/2057 2076/2635/2058 2071/2626/2054
f 2041/2633/2024 2038/2636/2022 2075/2637/2059 2074/2634/2057
f 2074/2634/2057 2075/2637/2059 2077/2638/2060 2076/2635/2058
f 2078/2639/2061 2076/2635/2058 2077/2638/2060 2079/2640/2062
f 2068/2624/2052 2071/2626/2054 2076/2635/2058 2078/2639/2061
f 2081/2625/2053 2068/2624/2052 2078/2639/2061 2080/2641/2063
f 2080/2641/2063 2078/2639/2061 2079/2640/2062 2082/2642/2064
f 2081/2625/2053 2080/2641/2063 2083/2643/2065 2085/2644/2066
f 2080/2641/2063 2082/2642/2064 2084/2645/2067 2083/2643/2065
f 2083/2643/2065 2084/2645/2067 1988/2646/1970 1985/2647/1968
f 2085/2644/2066 2083/2643/2065 1985/2647/1968 1983/2648/1967
f 2081/2625/2053 2085/2644/2066 2086/2649/2068 2069/2619/2050
f 2085/2644/2066 1983/2648/1967 1981/2650/1965 2086/2649/2068
f 2086/2649/2068 1981/2650/1965 1979/2651/1963 1977/2652/1962
f 2069/2619/2050 2086/2649/2068 1977/2652/1962 2066/2620/1961
f 2084/2645/2067 2087/2653/2069 1990/2654/1974 1988/2646/1970
f 2082/2642/2064 2088/2655/2070 2087/2653/2069 2084/2645/2067
f 2088/2655/2070 2005/2656/1989 2003/2657/1988 2087/2653/2069
f 2087/2653/2069 2003/2657/1988 2099/2658/1975 1990/2654/1974
f 2082/2642/2064 2079/2640/2062 2089/2659/2071 2088/2655/2070
f 2088/2655/2070 2089/2659/2071 2007/2660/1990 2005/2656/1989
f 2079/2640/2062 2077/2638/2060 2090/2661/2072 2089/2659/2071
f 2089/2659/2071 2090/2661/2072 2091/2662/1993 2007/2660/1990
f 2090/2661/2072 2092/2663/2073 2093/2664/2074 2091/2662/1993
f 2077/2638/2060 2075/2637/2059 2092/2663/2073 2090/2661/2072
f 2075/2637/2059 2038/2636/2022 2036/2665/2021 2092/2663/2073
f 2092/2663/2073 2036/2665/2021 2094/2666/2020 2093/2664/2074
f 2095/2667/2075 2093/2668/2074 2094/2669/2020 2035/2670/2019
f 2008/2543/1994 2091/2542/1993 2093/2668/2074 2095/2667/2075
f 2010/2544/1995 2008/2543/1994 2095/2667/2075 2096/2671/2076
f 2096/2671/2076 2095/2667/2075 2035/2670/2019 2033/2672/2016
f 2033/2672/2016 2030/2673/2012 2097/2674/2077 2096/2671/2076
f 2096/2671/2076 2097/2674/2077 2012/2545/1996 2010/2544/1995
f 2030/2673/2012 2022/2558/2005 2020/2557/2004 2097/2674/2077
f 2097/2674/2077 2020/2557/2004 2015/2547/1998 2012/2545/1996
f 2014/2531/1984 2017/2550/2001 2098/2675/2078 1999/2525/1981
f 2017/2550/2001 1936/2553/1921 1934/2676/1918 2098/2675/2078
f 2098/2675/2078 1934/2676/1918 1931/2677/1915 1929/2678/1914
f 1999/2525/1981 2098/2675/2078 1929/2678/1914 1996/2526/1913
f 1937/2457/1919 1939/2462/1924 1889/2393/1458 1886/2385/1862
f 1937/2457/1919 1886/2385/1862 2100/2388/1865 1933/2453/1916
f 1933/2453/1916 2100/2388/1865 1924/2679/1908 1926/2454/1909
f 2100/2388/1865 1884/2387/1864 1907/2418/1889 1924/2679/1908
f 2102/2680/2079 2224/2681/2080 2104/2682/2081 2101/2683/2082
f 2101/2683/2082 2103/2684/2083 2192/2685/2084 2102/2680/2079
f 2107/2686/2085 2103/2684/2083 2101/2683/2082 2105/2687/2086
f 2108/2688/2087 2105/2687/2086 2101/2683/2082 2104/2682/2081
f 2109/2689/2088 2106/2690/2089 2105/2687/2086 2108/2688/2087
f 2178/2691/2090 2107/2686/2085 2105/2687/2086 2106/2690/2089
f 2112/2692/2091 2109/2689/2088 2108/2688/2087 2110/2693/2092
f 2110/2693/2092 2108/2688/2087 2104/2682/2081 2111/2694/2093
f 2113/2695/2094 2110/2693/2092 2111/2694/2093 2115/2696/2095
f 2114/2697/2096 2112/2692/2091 2110/2693/2092 2113/2695/2094
f 2117/2698/2097 2114/2697/2096 2113/2695/2094 2116/2699/2098
f 2116/2699/2098 2113/2695/2094 2115/2696/2095 2118/2700/2099
f 2119/2701/2100 2121/2702/2101 2117/2698/2097 2116/2699/2098
f 2122/2703/2102 2119/2701/2100 2116/2699/2098 2118/2700/2099
f 2120/2704/2103 2157/2705/2104 2121/2702/2101 2119/2701/2100
f 2123/2706/2105 2120/2704/2103 2119/2701/2100 2122/2703/2102
f 2122/2703/2102 2124/2707/2106 2127/2708/2107 2123/2706/2105
f 2118/2700/2099 2125/2709/2108 2124/2707/2106 2122/2703/2102
f 2125/2709/2108 2228/2710/2109 2126/2711/2110 2124/2707/2106
f 2124/2707/2106 2126/2711/2110 2128/2712/2111 2127/2708/2107
f 2129/2713/2112 2127/2708/2107 2128/2712/2111 2131/2714/2113
f 2130/2715/2114 2123/2706/2105 2127/2708/2107 2129/2713/2112
f 2134/2716/2115 2130/2717/2114 2129/2718/2112 2132/2719/2116
f 2132/2720/2116 2129/2721/2112 2131/2722/2113 2133/2723/2117
f 2135/2724/2118 2132/2720/2116 2133/2723/2117 2137/2725/2119
f 2136/2726/2120 2134/2716/2115 2132/2719/2116 2135/2727/2118
f 2139/2728/2121 2136/2726/2120 2135/2727/2118 2138/2729/2122
f 2138/2730/2122 2135/2724/2118 2137/2725/2119 2140/2731/2123
f 2139/2728/2121 2138/2729/2122 2141/2732/2124 2144/2733/2125
f 2138/2730/2122 2140/2731/2123 2142/2734/2126 2141/2735/2124
f 2141/2735/2124 2142/2734/2126 2242/2736/2127 2143/2737/2128
f 2144/2738/2125 2141/2735/2124 2143/2737/2128 2145/2739/2129
f 2145/2740/2129 2147/2741/2130 2146/2742/2131 2144/2733/2125
f 2144/2733/2125 2146/2742/2131 2149/2743/2132 2139/2728/2121
f 2147/2741/2130 2286/2744/2133 2148/2745/2134 2146/2742/2131
f 2146/2742/2131 2148/2745/2134 2150/2746/2135 2149/2743/2132
f 2149/2743/2132 2150/2746/2135 2152/2747/2136 2151/2748/28
f 2139/2728/2121 2149/2743/2132 2151/2748/28 2136/2726/2120
f 2151/2748/28 2152/2747/2136 2154/2749/2137 2153/2750/2138
f 2136/2726/2120 2151/2748/28 2153/2750/2138 2134/2716/2115
f 2134/2716/2115 2153/2750/2138 2155/2751/2139 2130/2717/2114
f 2153/2750/2138 2154/2749/2137 2156/2752/2140 2155/2751/2139
f 2155/2753/2139 2156/2754/2140 2157/2705/2104 2120/2704/2103
f 2130/2715/2114 2155/2753/2139 2120/2704/2103 2123/2706/2105
f 2156/2755/2140 2158/2756/2141 2161/2757/2142 2157/2758/2104
f 2154/2749/2137 2159/2759/2143 2158/2760/2141 2156/2752/2140
f 2159/2761/2143 2298/2762/2144 2160/2763/2145 2158/2756/2141
f 2158/2756/2141 2160/2763/2145 2162/2764/2146 2161/2757/2142
f 2121/2765/2101 2157/2758/2104 2161/2757/2142 2163/2766/2147
f 2163/2766/2147 2161/2757/2142 2162/2764/2146 2164/2767/2148
f 2117/2768/2097 2121/2765/2101 2163/2766/2147 2165/2769/2149
f 2165/2769/2149 2163/2766/2147 2164/2767/2148 2166/2770/2150
f 2167/2771/2151 2165/2769/2149 2166/2770/2150 2168/2772/2152
f 2114/2773/2096 2117/2768/2097 2165/2769/2149 2167/2771/2151
f 2112/2774/2091 2114/2773/2096 2167/2771/2151 2169/2775/2153
f 2169/2775/2153 2167/2771/2151 2168/2772/2152 2170/2776/2154
f 2109/2777/2088 2112/2774/2091 2169/2775/2153 2171/2778/2155
f 2171/2778/2155 2169/2775/2153 2170/2776/2154 2172/2779/2156
f 2106/2780/2089 2109/2777/2088 2171/2778/2155 2173/2781/2157
f 2173/2781/2157 2171/2778/2155 2172/2779/2156 2174/2782/2158
f 2106/2780/2089 2173/2781/2157 2175/2783/2159 2178/2784/2090
f 2173/2781/2157 2174/2782/2158 2176/2785/2160 2175/2783/2159
f 2175/2783/2159 2176/2785/2160 2341/2786/2161 2177/2787/2162
f 2178/2784/2090 2175/2783/2159 2177/2787/2162 2179/2788/2163
f 2179/2789/2163 2181/2790/2164 2107/2686/2085 2178/2691/2090
f 2180/2791/2165 2179/2788/2163 2177/2787/2162 2342/2792/2166
f 2180/2793/2165 2183/2794/2167 2181/2790/2164 2179/2789/2163
f 2181/2790/2164 2182/2795/2168 2103/2684/2083 2107/2686/2085
f 2183/2794/2167 2185/2796/2169 2182/2795/2168 2181/2790/2164
f 2184/2797/2170 2186/2798/2171 2185/2799/2169 2183/2800/2167
f 2344/2801/2172 2184/2797/2170 2183/2800/2167 2180/2802/2165
f 2185/2796/2169 2187/2803/2173 2190/2804/2174 2182/2795/2168
f 2186/2798/2171 2188/2805/2175 2187/2806/2173 2185/2799/2169
f 2188/2807/2175 2198/2808/2176 2189/2809/2177 2187/2810/2173
f 2187/2803/2173 2189/2811/2177 2191/2812/2178 2190/2804/2174
f 2103/2684/2083 2182/2795/2168 2190/2804/2174 2192/2685/2084
f 2192/2685/2084 2190/2804/2174 2191/2812/2178 2193/2813/2179
f 2102/2680/2079 2192/2685/2084 2193/2813/2179 2194/2814/2180
f 2195/2815/2181 2193/2816/2179 2191/2817/2178 2189/2809/2177
f 2196/2818/2182 2194/2819/2180 2193/2816/2179 2195/2815/2181
f 2199/2820/2183 2196/2818/2182 2195/2815/2181 2197/2821/2184
f 2197/2821/2184 2195/2815/2181 2189/2809/2177 2198/2808/2176
f 2200/2822/2185 2197/2821/2184 2198/2808/2176 2202/2823/2186
f 2201/2824/2187 2199/2820/2183 2197/2821/2184 2200/2822/2185
f 2204/2825/2188 2201/2824/2187 2200/2822/2185 2203/2826/2189
f 2203/2826/2189 2200/2822/2185 2202/2823/2186 2205/2827/2190
f 2204/2825/2188 2203/2826/2189 2206/2828/2191 2209/2829/2192
f 2203/2826/2189 2205/2827/2190 2207/2830/2193 2206/2828/2191
f 2206/2828/2191 2207/2830/2193 2363/2831/2194 2208/2832/2195
f 2209/2829/2192 2206/2828/2191 2208/2832/2195 2210/2833/2196
f 2210/2833/2196 2212/2834/2197 2211/2835/2198 2209/2829/2192
f 2209/2829/2192 2211/2835/2198 2214/2836/2199 2204/2825/2188
f 2212/2834/2197 2253/2837/2200 2213/2838/2201 2211/2835/2198
f 2211/2835/2198 2213/2838/2201 2215/2839/2202 2214/2836/2199
f 2216/2840/2203 2214/2836/2199 2215/2839/2202 2217/2841/101
f 2201/2824/2187 2204/2825/2188 2214/2836/2199 2216/2840/2203
f 2199/2820/2183 2201/2824/2187 2216/2840/2203 2218/2842/2204
f 2218/2842/2204 2216/2840/2203 2217/2841/101 2219/2843/2205
f 2199/2820/2183 2218/2842/2204 2220/2844/2206 2196/2818/2182
f 2218/2842/2204 2219/2843/2205 2221/2845/2207 2220/2844/2206
f 2220/2844/2206 2221/2845/2207 2223/2846/2208 2222/2847/2209
f 2196/2818/2182 2220/2844/2206 2222/2847/2209 2194/2819/2180
f 2222/2848/2209 2223/2849/2208 2225/2850/2210 2224/2681/2080
f 2194/2814/2180 2222/2848/2209 2224/2681/2080 2102/2680/2079
f 2224/2681/2080 2225/2850/2210 2111/2694/2093 2104/2682/2081
f 2223/2849/2208 2227/2851/2211 2226/2852/2212 2225/2850/2210
f 2225/2850/2210 2226/2852/2212 2115/2696/2095 2111/2694/2093
f 2227/2851/2211 2228/2710/2109 2125/2709/2108 2226/2852/2212
f 2226/2852/2212 2125/2709/2108 2118/2700/2099 2115/2696/2095
f 2229/2853/2213 2231/2854/2214 2228/2855/2109 2227/2856/2211
f 2221/2845/2207 2229/2853/2213 2227/2856/2211 2223/2846/2208
f 2230/2857/2215 2232/2858/2216 2231/2854/2214 2229/2853/2213
f 2219/2843/2205 2230/2857/2215 2229/2853/2213 2221/2845/2207
f 2231/2854/2214 2233/2859/2217 2126/2860/2110 2228/2855/2109
f 2232/2858/2216 2234/2861/2218 2233/2859/2217 2231/2854/2214
f 2234/2861/2218 2133/2723/2117 2131/2722/2113 2233/2859/2217
f 2233/2859/2217 2131/2722/2113 2128/2862/2111 2126/2860/2110
f 2235/2863/2219 2234/2861/2218 2232/2858/2216 2236/2864/2220
f 2137/2725/2119 2133/2723/2117 2234/2861/2218 2235/2863/2219
f 2140/2731/2123 2137/2725/2119 2235/2863/2219 2237/2865/2221
f 2237/2865/2221 2235/2863/2219 2236/2864/2220 2238/2866/2222
f 2237/2865/2221 2239/2867/2223 2142/2734/2126 2140/2731/2123
f 2238/2866/2222 2240/2868/2224 2239/2867/2223 2237/2865/2221
f 2240/2868/2224 2243/2869/2225 2241/2870/2226 2239/2867/2223
f 2239/2867/2223 2241/2870/2226 2242/2736/2127 2142/2734/2126
f 2244/2871/2227 2143/2737/2128 2242/2736/2127 2241/2870/2226
f 2246/2872/2228 2244/2871/2227 2241/2870/2226 2243/2869/2225
f 2245/2873/2229 2145/2874/2129 2143/2875/2128 2244/2876/2227
f 2247/2877/2230 2245/2878/2229 2244/2871/2227 2246/2872/2228
f 2248/2879/2231 2246/2872/2228 2243/2869/2225 2250/2880/2232
f 2249/2881/2233 2247/2877/2230 2246/2872/2228 2248/2879/2231
f 2252/2882/2234 2249/2881/2233 2248/2879/2231 2251/2883/2235
f 2251/2883/2235 2248/2879/2231 2250/2880/2232 2253/2837/2200
f 2255/2884/2236 2252/2882/2234 2251/2883/2235 2254/2885/2237
f 2254/2885/2237 2251/2883/2235 2253/2837/2200 2212/2834/2197
f 2257/2886/2238 2255/2884/2236 2254/2885/2237 2256/2887/2239
f 2256/2887/2239 2254/2885/2237 2212/2834/2197 2210/2833/2196
f 2257/2886/2238 2256/2887/2239 2258/2888/2240 2260/2889/2241
f 2256/2887/2239 2210/2833/2196 2208/2832/2195 2258/2888/2240
f 2258/2888/2240 2208/2832/2195 2363/2831/2194 2259/2890/2242
f 2260/2891/2241 2258/2892/2240 2259/2893/2242 2261/2894/2243
f 2262/2895/2244 2260/2891/2241 2261/2894/2243 2264/2896/2245
f 2263/2897/2246 2257/2898/2238 2260/2891/2241 2262/2895/2244
f 2266/2899/2247 2263/2897/2246 2262/2895/2244 2265/2900/2248
f 2265/2900/2248 2262/2895/2244 2264/2896/2245 2267/2901/2249
f 2266/2899/2247 2265/2900/2248 2268/2902/2250 2271/2903/2251
f 2265/2900/2248 2267/2901/2249 2269/2904/2252 2268/2902/2250
f 2268/2902/2250 2269/2904/2252 2361/2905/2253 2270/2906/2254
f 2271/2903/2251 2268/2902/2250 2270/2906/2254 2272/2907/2255
f 2272/2907/2255 2274/2908/2256 2273/2909/2257 2271/2903/2251
f 2271/2903/2251 2273/2909/2257 2276/2910/2258 2266/2899/2247
f 2274/2908/2256 2312/2911/2259 2275/2912/2260 2273/2909/2257
f 2273/2909/2257 2275/2912/2260 2277/2913/2261 2276/2910/2258
f 2279/2914/2262 2278/2915/2263 2276/2910/2258 2277/2913/2261
f 2278/2915/2263 2263/2897/2246 2266/2899/2247 2276/2910/2258
f 2255/2916/2236 2257/2898/2238 2263/2897/2246 2278/2915/2263
f 2252/2917/2234 2255/2916/2236 2278/2915/2263 2279/2914/2262
f 2280/2918/2264 2279/2914/2262 2277/2913/2261 2281/2919/2265
f 2249/2920/2233 2252/2917/2234 2279/2914/2262 2280/2918/2264
f 2247/2921/2230 2249/2920/2233 2280/2918/2264 2282/2922/2266
f 2282/2922/2266 2280/2918/2264 2281/2919/2265 2283/2923/2267
f 2247/2921/2230 2282/2922/2266 2284/2924/2268 2245/2873/2229
f 2282/2922/2266 2283/2923/2267 2285/2925/2269 2284/2924/2268
f 2284/2924/2268 2285/2925/2269 2286/2926/2133 2147/2927/2130
f 2245/2873/2229 2284/2924/2268 2147/2927/2130 2145/2874/2129
f 2285/2925/2269 2287/2928/2270 2290/2929/2271 2286/2926/2133
f 2283/2923/2267 2288/2930/2272 2287/2928/2270 2285/2925/2269
f 2288/2930/2272 2306/2931/2273 2289/2932/2274 2287/2928/2270
f 2287/2928/2270 2289/2932/2274 2291/2933/2275 2290/2929/2271
f 2292/2934/2276 2290/2929/2271 2291/2933/2275 2293/2935/2277
f 2148/2936/2134 2286/2926/2133 2290/2929/2271 2292/2934/2276
f 2150/2746/2135 2148/2745/2134 2292/2937/2276 2294/2938/2278
f 2294/2939/2278 2292/2940/2276 2293/2941/2277 2295/2942/2279
f 2295/2942/2279 2297/2943/2280 2296/2944/2281 2294/2939/2278
f 2294/2938/2278 2296/2945/2281 2152/2747/2136 2150/2746/2135
f 2297/2943/2280 2298/2762/2144 2159/2761/2143 2296/2944/2281
f 2296/2945/2281 2159/2759/2143 2154/2749/2137 2152/2747/2136
f 2299/2946/2282 2301/2947/2283 2298/2762/2144 2297/2943/2280
f 2302/2948/2284 2299/2946/2282 2297/2943/2280 2295/2942/2279
f 2300/2949/2285 2332/2950/2286 2301/2947/2283 2299/2946/2282
f 2303/2951/2287 2300/2949/2285 2299/2946/2282 2302/2948/2284
f 2303/2951/2287 2302/2948/2284 2304/2952/2288 2305/2953/2289
f 2302/2948/2284 2295/2942/2279 2293/2941/2277 2304/2952/2288
f 2304/2952/2288 2293/2941/2277 2291/2954/2275 2289/2955/2274
f 2305/2953/2289 2304/2952/2288 2289/2955/2274 2306/2956/2273
f 2307/2957/2290 2305/2958/2289 2306/2931/2273 2309/2959/2291
f 2308/2960/2292 2303/2951/2287 2305/2953/2289 2307/2961/2290
f 2311/2962/2293 2308/2960/2292 2307/2961/2290 2310/2963/2294
f 2310/2964/2294 2307/2957/2290 2309/2959/2291 2312/2911/2259
f 2314/2965/2295 2311/2962/2293 2310/2963/2294 2313/2966/2296
f 2313/2967/2296 2310/2964/2294 2312/2911/2259 2274/2908/2256
f 2316/2968/2297 2314/2965/2295 2313/2966/2296 2315/2969/2298
f 2315/2970/2298 2313/2967/2296 2274/2908/2256 2272/2907/2255
f 2316/2968/2297 2315/2969/2298 2317/2971/2299 2319/2972/2300
f 2315/2969/2298 2272/2973/2255 2270/2974/2254 2317/2971/2299
f 2317/2971/2299 2270/2974/2254 2361/2975/2253 2318/2976/2301
f 2319/2972/2300 2317/2971/2299 2318/2976/2301 2320/2977/2302
f 2320/2977/2302 2322/2978/2303 2321/2979/2304 2319/2972/2300
f 2319/2972/2300 2321/2979/2304 2324/2980/2305 2316/2968/2297
f 2322/2978/2303 2340/2981/2306 2323/2982/2307 2321/2979/2304
f 2321/2979/2304 2323/2982/2307 2325/2983/2308 2324/2980/2305
f 2325/2983/2308 2327/2984/2309 2326/2985/2310 2324/2980/2305
f 2324/2980/2305 2326/2985/2310 2314/2965/2295 2316/2968/2297
f 2327/2984/2309 2329/2986/2311 2328/2987/58 2326/2985/2310
f 2326/2985/2310 2328/2987/58 2311/2962/2293 2314/2965/2295
f 2329/2986/2311 2331/2988/2312 2330/2989/2313 2328/2987/58
f 2328/2987/58 2330/2989/2313 2308/2960/2292 2311/2962/2293
f 2331/2988/2312 2332/2950/2286 2300/2949/2285 2330/2989/2313
f 2330/2989/2313 2300/2949/2285 2303/2951/2287 2308/2960/2292
f 2333/2990/2314 2334/2991/2315 2332/2950/2286 2331/2988/2312
f 2335/2992/2316 2333/2990/2314 2331/2988/2312 2329/2986/2311
f 2168/2772/2152 2166/2770/2150 2334/2991/2315 2333/2990/2314
f 2170/2776/2154 2168/2772/2152 2333/2990/2314 2335/2992/2316
f 2172/2779/2156 2170/2776/2154 2335/2992/2316 2336/2993/2317
f 2336/2993/2317 2335/2992/2316 2329/2986/2311 2327/2984/2309
f 2174/2782/2158 2172/2779/2156 2336/2993/2317 2337/2994/2318
f 2337/2994/2318 2336/2993/2317 2327/2984/2309 2325/2983/2308
f 2337/2994/2318 2338/2995/2319 2176/2785/2160 2174/2782/2158
f 2325/2983/2308 2323/2982/2307 2338/2995/2319 2337/2994/2318
f 2323/2982/2307 2340/2981/2306 2339/2996/2320 2338/2995/2319
f 2338/2995/2319 2339/2996/2320 2341/2786/2161 2176/2785/2160
f 2343/2997/2321 2342/2792/2166 2339/2996/2320 2340/2981/2306
f 2342/2792/2166 2177/2787/2162 2341/2786/2161 2339/2996/2320
f 2344/2801/2172 2180/2802/2165 2342/2998/2166 2343/2999/2321
f 2345/3000/2322 2343/2997/2321 2340/2981/2306 2322/2978/2303
f 2346/3001/2323 2344/2801/2172 2343/2999/2321 2345/3002/2322
f 2348/3003/2324 2346/3001/2323 2345/3002/2322 2347/3004/2325
f 2347/3005/2325 2345/3000/2322 2322/2978/2303 2320/2977/2302
f 2348/3003/2324 2347/3004/2325 2349/3006/2326 2350/3007/2327
f 2347/3005/2325 2320/2977/2302 2318/2976/2301 2349/3008/2326
f 2349/3009/2326 2318/3010/2301 2361/2905/2253 2269/2904/2252
f 2350/3011/2327 2349/3009/2326 2269/2904/2252 2267/2901/2249
f 2267/2901/2249 2264/2896/2245 2351/3012/2328 2350/3011/2327
f 2350/3007/2327 2351/3013/2328 2353/3014/2329 2348/3003/2324
f 2264/2896/2245 2261/2894/2243 2352/3015/2330 2351/3012/2328
f 2351/3013/2328 2352/3016/2330 2354/3017/2331 2353/3014/2329
f 2356/3018/2332 2355/3019/20 2353/3014/2329 2354/3017/2331
f 2355/3019/20 2346/3001/2323 2348/3003/2324 2353/3014/2329
f 2184/2797/2170 2344/2801/2172 2346/3001/2323 2355/3019/20
f 2186/2798/2171 2184/2797/2170 2355/3019/20 2356/3018/2332
f 2357/3020/2333 2188/2805/2175 2186/2798/2171 2356/3018/2332
f 2358/3021/2334 2357/3020/2333 2356/3018/2332 2354/3017/2331
f 2202/2823/2186 2198/2808/2176 2188/2807/2175 2357/3022/2333
f 2205/2827/2190 2202/2823/2186 2357/3022/2333 2358/3023/2334
f 2358/3023/2334 2359/3024/2335 2207/2830/2193 2205/2827/2190
f 2354/3017/2331 2352/3016/2330 2359/3025/2335 2358/3021/2334
f 2352/3026/2330 2261/3027/2243 2259/2890/2242 2359/3024/2335
f 2359/3024/2335 2259/2890/2242 2363/2831/2194 2207/2830/2193
f 2332/2950/2286 2334/2991/2315 2360/3028/2336 2301/2947/2283
f 2334/2991/2315 2166/2770/2150 2164/2767/2148 2360/3028/2336
f 2360/3028/2336 2164/2767/2148 2162/2764/2146 2160/2763/2145
f 2301/2947/2283 2360/3028/2336 2160/2763/2145 2298/2762/2144
f 2312/2911/2259 2309/2959/2291 2362/3029/2337 2275/2912/2260
f 2309/2959/2291 2306/2931/2273 2288/2930/2272 2362/3029/2337
f 2362/3029/2337 2288/2930/2272 2283/2923/2267 2281/2919/2265
f 2275/2912/2260 2362/3029/2337 2281/2919/2265 2277/2913/2261
f 2253/2837/2200 2250/2880/2232 2364/3030/2338 2213/2838/2201
f 2250/2880/2232 2243/2869/2225 2240/2868/2224 2364/3030/2338
f 2364/3030/2338 2240/2868/2224 2238/2866/2222 2365/3031/2339
f 2213/2838/2201 2364/3030/2338 2365/3031/2339 2215/2839/2202
f 2366/3032/2340 2365/3031/2339 2238/2866/2222 2236/2864/2220
f 2217/2841/101 2215/2839/2202 2365/3031/2339 2366/3032/2340
f 2219/2843/2205 2217/2841/101 2366/3032/2340 2230/2857/2215
f 2230/2857/2215 2366/3032/2340 2236/2864/2220 2232/2858/2216
f 2368/3033/2079 2454/3034/2080 2370/3035/2081 2367/3036/2082
f 2367/3036/2082 2369/3037/2083 2452/3038/2084 2368/3033/2079
f 2374/3039/2085 2369/3037/2083 2367/3036/2082 2371/3040/2086
f 2373/3041/2087 2371/3040/2086 2367/3036/2082 2370/3035/2081
f 2376/3042/2090 2374/3039/2085 2371/3040/2086 2372/3043/2089
f 2520/3044/2088 2372/3043/2089 2371/3040/2086 2373/3041/2087
f 2375/3045/2164 2450/3046/2168 2369/3037/2083 2374/3039/2085
f 2377/3047/2341 2375/3045/2164 2374/3039/2085 2376/3042/2090
f 2376/3048/2090 2378/3049/2159 2381/3050/2162 2377/3051/2341
f 2372/3052/2089 2379/3053/2157 2378/3049/2159 2376/3048/2090
f 2379/3053/2157 2522/3054/2158 2380/3055/2160 2378/3049/2159
f 2378/3049/2159 2380/3055/2160 2382/3056/2161 2381/3050/2162
f 2383/3057/2166 2381/3050/2162 2382/3056/2161 2385/3058/2320
f 2384/3059/2165 2377/3051/2341 2381/3050/2162 2383/3057/2166
f 2388/3060/2172 2384/3061/2165 2383/3062/2166 2386/3063/2321
f 2386/3064/2321 2383/3057/2166 2385/3058/2320 2387/3065/2306
f 2389/3066/2322 2386/3064/2321 2387/3065/2306 2391/3067/2303
f 2390/3068/2323 2388/3060/2172 2386/3063/2321 2389/3069/2322
f 2393/3070/2324 2390/3068/2323 2389/3069/2322 2392/3071/2325
f 2392/3072/2325 2389/3066/2322 2391/3067/2303 2394/3073/2302
f 2393/3070/2324 2392/3071/2325 2395/3074/2326 2398/3075/2327
f 2392/3072/2325 2394/3073/2302 2396/3076/2342 2395/3077/2326
f 2395/3078/2326 2396/3079/2342 2537/3080/2253 2397/3081/2252
f 2398/3082/2327 2395/3078/2326 2397/3081/2252 2399/3083/2249
f 2399/3083/2249 2401/3084/2245 2400/3085/2328 2398/3082/2327
f 2398/3075/2327 2400/3086/2328 2403/3087/2329 2393/3070/2324
f 2401/3084/2245 2575/3088/2243 2402/3089/2330 2400/3085/2328
f 2400/3086/2328 2402/3090/2330 2404/3091/2331 2403/3087/2329
f 2407/3092/2343 2405/3093/20 2403/3087/2329 2404/3091/2331
f 2405/3093/20 2390/3068/2323 2393/3070/2324 2403/3087/2329
f 2406/3094/2170 2388/3060/2172 2390/3068/2323 2405/3093/20
f 2408/3095/2171 2406/3094/2170 2405/3093/20 2407/3092/2343
f 2409/3096/2344 2411/3097/2175 2408/3095/2171 2407/3092/2343
f 2412/3098/2334 2409/3096/2344 2407/3092/2343 2404/3091/2331
f 2410/3099/2186 2444/3100/2176 2411/3101/2175 2409/3102/2344
f 2413/3103/2190 2410/3099/2186 2409/3102/2344 2412/3104/2334
f 2412/3104/2334 2414/3105/2335 2416/3106/2193 2413/3103/2190
f 2404/3091/2331 2402/3090/2330 2414/3107/2335 2412/3098/2334
f 2402/3108/2330 2575/3109/2243 2415/3110/2345 2414/3105/2335
f 2414/3105/2335 2415/3110/2345 2417/3111/2194 2416/3106/2193
f 2419/3112/2189 2413/3103/2190 2416/3106/2193 2418/3113/2191
f 2418/3113/2191 2416/3106/2193 2417/3111/2194 2420/3114/2195
f 2423/3115/2188 2419/3112/2189 2418/3113/2191 2421/3116/2192
f 2421/3116/2192 2418/3113/2191 2420/3114/2195 2422/3117/2196
f 2422/3117/2196 2425/3118/2346 2424/3119/2198 2421/3116/2192
f 2421/3116/2192 2424/3119/2198 2427/3120/2199 2423/3115/2188
f 2425/3118/2346 2569/3121/2200 2426/3122/2201 2424/3119/2198
f 2424/3119/2198 2426/3122/2201 2428/3123/2202 2427/3120/2199
f 2429/3124/2203 2427/3120/2199 2428/3123/2202 2431/3125/101
f 2430/3126/2187 2423/3115/2188 2427/3120/2199 2429/3124/2203
f 2433/3127/2183 2430/3126/2187 2429/3124/2203 2432/3128/2204
f 2432/3128/2204 2429/3124/2203 2431/3125/101 2434/3129/2205
f 2433/3127/2183 2432/3128/2204 2435/3130/2206 2438/3131/2182
f 2432/3128/2204 2434/3129/2205 2436/3132/2207 2435/3130/2206
f 2435/3130/2206 2436/3132/2207 2453/3133/2208 2437/3134/2209
f 2438/3131/2182 2435/3130/2206 2437/3134/2209 2439/3135/2180
f 2433/3127/2183 2438/3131/2182 2440/3136/2181 2443/3137/2184
f 2438/3131/2182 2439/3135/2180 2441/3138/2179 2440/3136/2181
f 2440/3136/2181 2441/3138/2179 2446/3139/2347 2442/3140/2177
f 2443/3137/2184 2440/3136/2181 2442/3140/2177 2444/3100/2176
f 2445/3141/2185 2443/3137/2184 2444/3100/2176 2410/3099/2186
f 2430/3126/2187 2433/3127/2183 2443/3137/2184 2445/3141/2185
f 2423/3115/2188 2430/3126/2187 2445/3141/2185 2419/3112/2189
f 2419/3112/2189 2445/3141/2185 2410/3099/2186 2413/3103/2190
f 2411/3101/2175 2444/3100/2176 2442/3140/2177 2447/3142/2173
f 2447/3143/2173 2442/3144/2177 2446/3145/2347 2448/3146/2174
f 2408/3095/2171 2411/3097/2175 2447/3147/2173 2449/3148/2169
f 2449/3149/2169 2447/3143/2173 2448/3146/2174 2450/3046/2168
f 2451/3150/2167 2449/3149/2169 2450/3046/2168 2375/3045/2164
f 2406/3094/2170 2408/3095/2171 2449/3148/2169 2451/3151/2167
f 2388/3060/2172 2406/3094/2170 2451/3151/2167 2384/3061/2165
f 2384/3152/2165 2451/3150/2167 2375/3045/2164 2377/3047/2341
f 2369/3037/2083 2450/3046/2168 2448/3146/2174 2452/3038/2084
f 2452/3038/2084 2448/3146/2174 2446/3145/2347 2441/3153/2179
f 2368/3033/2079 2452/3038/2084 2441/3153/2179 2439/3154/2180
f 2439/3154/2180 2437/3155/2209 2454/3034/2080 2368/3033/2079
f 2437/3155/2209 2453/3156/2208 2455/3157/2210 2454/3034/2080
f 2454/3034/2080 2455/3157/2210 2456/3158/2093 2370/3035/2081
f 2453/3156/2208 2458/3159/2348 2457/3160/2212 2455/3157/2210
f 2455/3157/2210 2457/3160/2212 2460/3161/2095 2456/3158/2093
f 2458/3159/2348 2587/3162/2109 2459/3163/2108 2457/3160/2212
f 2457/3160/2212 2459/3163/2108 2461/3164/2099 2460/3161/2095
f 2465/3165/2098 2462/3166/2094 2460/3161/2095 2461/3164/2099
f 2462/3166/2094 2464/3167/2092 2456/3158/2093 2460/3161/2095
f 2463/3168/2096 2517/3169/2091 2464/3167/2092 2462/3166/2094
f 2466/3170/2097 2463/3168/2096 2462/3166/2094 2465/3165/2098
f 2467/3171/2100 2469/3172/2101 2466/3170/2097 2465/3165/2098
f 2470/3173/2102 2467/3171/2100 2465/3165/2098 2461/3164/2099
f 2468/3174/2103 2504/3175/2104 2469/3172/2101 2467/3171/2100
f 2471/3176/2105 2468/3174/2103 2467/3171/2100 2470/3173/2102
f 2470/3173/2102 2472/3177/2349 2474/3178/2107 2471/3176/2105
f 2461/3164/2099 2459/3163/2108 2472/3177/2349 2470/3173/2102
f 2459/3163/2108 2587/3162/2109 2473/3179/2110 2472/3177/2349
f 2472/3177/2349 2473/3179/2110 2475/3180/2350 2474/3178/2107
f 2476/3181/2112 2474/3178/2107 2475/3180/2350 2478/3182/2113
f 2477/3183/2114 2471/3176/2105 2474/3178/2107 2476/3181/2112
f 2481/3184/2115 2477/3185/2114 2476/3186/2112 2479/3187/2116
f 2479/3188/2116 2476/3189/2112 2478/3190/2113 2480/3191/2117
f 2482/3192/2118 2479/3188/2116 2480/3191/2117 2484/3193/2119
f 2483/3194/2351 2481/3184/2115 2479/3187/2116 2482/3195/2118
f 2486/3196/2121 2483/3194/2351 2482/3195/2118 2485/3197/2122
f 2485/3198/2122 2482/3192/2118 2484/3193/2119 2487/3199/2123
f 2486/3196/2121 2485/3197/2122 2488/3200/2124 2491/3201/2125
f 2485/3198/2122 2487/3199/2123 2489/3202/2126 2488/3203/2124
f 2488/3203/2124 2489/3202/2126 2593/3204/2127 2490/3205/2128
f 2491/3206/2125 2488/3203/2124 2490/3205/2128 2492/3207/2129
f 2492/3208/2129 2494/3209/2130 2493/3210/2131 2491/3201/2125
f 2491/3201/2125 2493/3210/2131 2496/3211/2132 2486/3196/2121
f 2494/3209/2130 2594/3212/2133 2495/3213/2134 2493/3210/2131
f 2493/3210/2131 2495/3213/2134 2497/3214/2135 2496/3211/2132
f 2496/3211/2132 2497/3214/2135 2499/3215/2136 2498/3216/28
f 2486/3196/2121 2496/3211/2132 2498/3216/28 2483/3194/2351
f 2498/3216/28 2499/3215/2136 2501/3217/2137 2500/3218/2138
f 2483/3194/2351 2498/3216/28 2500/3218/2138 2481/3184/2115
f 2481/3184/2115 2500/3218/2138 2502/3219/2139 2477/3185/2114
f 2500/3218/2138 2501/3217/2137 2503/3220/2140 2502/3219/2139
f 2502/3221/2139 2503/3222/2140 2504/3175/2104 2468/3174/2103
f 2477/3183/2114 2502/3221/2139 2468/3174/2103 2471/3176/2105
f 2503/3223/2140 2505/3224/2141 2508/3225/2142 2504/3226/2104
f 2501/3217/2137 2506/3227/2143 2505/3228/2141 2503/3220/2140
f 2506/3229/2143 2606/3230/2144 2507/3231/2145 2505/3224/2141
f 2505/3224/2141 2507/3231/2145 2509/3232/2146 2508/3225/2142
f 2469/3233/2101 2504/3226/2104 2508/3225/2142 2510/3234/2147
f 2510/3234/2147 2508/3225/2142 2509/3232/2146 2511/3235/2148
f 2466/3236/2097 2469/3233/2101 2510/3234/2147 2512/3237/2149
f 2512/3237/2149 2510/3234/2147 2511/3235/2148 2513/3238/2150
f 2514/3239/2151 2512/3237/2149 2513/3238/2150 2515/3240/2152
f 2463/3241/2096 2466/3236/2097 2512/3237/2149 2514/3239/2151
f 2517/3242/2091 2463/3241/2096 2514/3239/2151 2516/3243/2153
f 2516/3243/2153 2514/3239/2151 2515/3240/2152 2518/3244/2154
f 2520/3245/2088 2517/3242/2091 2516/3243/2153 2519/3246/2155
f 2519/3246/2155 2516/3243/2153 2518/3244/2154 2521/3247/2156
f 2372/3052/2089 2520/3245/2088 2519/3246/2155 2379/3053/2157
f 2379/3053/2157 2519/3246/2155 2521/3247/2156 2522/3054/2158
f 2521/3247/2156 2518/3244/2154 2524/3248/2316 2523/3249/2317
f 2522/3054/2158 2521/3247/2156 2523/3249/2317 2526/3250/2318
f 2523/3249/2317 2524/3248/2316 2625/3251/2311 2525/3252/2309
f 2526/3250/2318 2523/3249/2317 2525/3252/2309 2527/3253/2308
f 2526/3250/2318 2528/3254/2319 2380/3055/2160 2522/3054/2158
f 2527/3253/2308 2529/3255/2307 2528/3254/2319 2526/3250/2318
f 2529/3255/2307 2387/3065/2306 2385/3058/2320 2528/3254/2319
f 2528/3254/2319 2385/3058/2320 2382/3056/2161 2380/3055/2160
f 2530/3256/2304 2529/3255/2307 2527/3253/2308 2531/3257/2305
f 2391/3067/2303 2387/3065/2306 2529/3255/2307 2530/3256/2304
f 2394/3073/2302 2391/3067/2303 2530/3256/2304 2532/3258/2300
f 2532/3258/2300 2530/3256/2304 2531/3257/2305 2533/3259/2297
f 2532/3258/2300 2534/3260/2299 2396/3076/2342 2394/3073/2302
f 2533/3259/2297 2535/3261/2298 2534/3260/2299 2532/3258/2300
f 2535/3261/2298 2538/3262/2255 2536/3263/2254 2534/3260/2299
f 2534/3260/2299 2536/3263/2254 2537/3264/2253 2396/3076/2342
f 2539/3265/2250 2397/3081/2252 2537/3080/2253 2536/3266/2254
f 2541/3267/2251 2539/3265/2250 2536/3266/2254 2538/3268/2255
f 2540/3269/2248 2399/3083/2249 2397/3081/2252 2539/3265/2250
f 2542/3270/2247 2540/3269/2248 2539/3265/2250 2541/3267/2251
f 2538/3268/2255 2544/3271/2256 2543/3272/2257 2541/3267/2251
f 2541/3267/2251 2543/3272/2257 2546/3273/2258 2542/3270/2247
f 2544/3271/2256 2620/3274/2352 2545/3275/2260 2543/3272/2257
f 2543/3272/2257 2545/3275/2260 2547/3276/2261 2546/3273/2258
f 2551/3277/2262 2548/3278/2263 2546/3273/2258 2547/3276/2261
f 2548/3278/2263 2550/3279/2246 2542/3270/2247 2546/3273/2258
f 2549/3280/2236 2572/3281/2238 2550/3279/2246 2548/3278/2263
f 2552/3282/2234 2549/3280/2236 2548/3278/2263 2551/3277/2262
f 2553/3283/2264 2551/3277/2262 2547/3276/2261 2555/3284/2265
f 2554/3285/2233 2552/3282/2234 2551/3277/2262 2553/3283/2264
f 2557/3286/2230 2554/3285/2233 2553/3283/2264 2556/3287/2266
f 2556/3287/2266 2553/3283/2264 2555/3284/2265 2558/3288/2267
f 2557/3286/2230 2556/3287/2266 2559/3289/2268 2561/3290/2229
f 2556/3287/2266 2558/3288/2267 2560/3291/2269 2559/3289/2268
f 2559/3289/2268 2560/3291/2269 2594/3292/2133 2494/3293/2130
f 2561/3290/2229 2559/3289/2268 2494/3293/2130 2492/3294/2129
f 2557/3295/2230 2561/3296/2229 2562/3297/2227 2564/3298/2228
f 2561/3290/2229 2492/3294/2129 2490/3299/2128 2562/3300/2227
f 2562/3297/2227 2490/3205/2128 2593/3204/2127 2563/3301/2226
f 2564/3298/2228 2562/3297/2227 2563/3301/2226 2565/3302/2225
f 2566/3303/2231 2564/3298/2228 2565/3302/2225 2567/3304/2353
f 2554/3305/2233 2557/3295/2230 2564/3298/2228 2566/3303/2231
f 2552/3306/2234 2554/3305/2233 2566/3303/2231 2568/3307/2235
f 2568/3307/2235 2566/3303/2231 2567/3304/2353 2569/3121/2200
f 2549/3308/2236 2552/3306/2234 2568/3307/2235 2570/3309/2237
f 2570/3309/2237 2568/3307/2235 2569/3121/2200 2425/3118/2346
f 2572/3310/2238 2549/3308/2236 2570/3309/2237 2571/3311/2239
f 2571/3311/2239 2570/3309/2237 2425/3118/2346 2422/3117/2196
f 2572/3310/2238 2571/3311/2239 2573/3312/2240 2574/3313/2241
f 2571/3311/2239 2422/3117/2196 2420/3114/2195 2573/3312/2240
f 2573/3312/2240 2420/3114/2195 2417/3111/2194 2415/3110/2345
f 2574/3314/2241 2573/3315/2240 2415/3316/2345 2575/3088/2243
f 2576/3317/2244 2574/3314/2241 2575/3088/2243 2401/3084/2245
f 2550/3279/2246 2572/3281/2238 2574/3314/2241 2576/3317/2244
f 2542/3270/2247 2550/3279/2246 2576/3317/2244 2540/3269/2248
f 2540/3269/2248 2576/3317/2244 2401/3084/2245 2399/3083/2249
f 2569/3121/2200 2567/3304/2353 2577/3318/2338 2426/3122/2201
f 2567/3304/2353 2565/3302/2225 2578/3319/2224 2577/3318/2338
f 2577/3318/2338 2578/3319/2224 2580/3320/2222 2579/3321/2339
f 2426/3122/2201 2577/3318/2338 2579/3321/2339 2428/3123/2202
f 2581/3322/2340 2579/3321/2339 2580/3320/2222 2582/3323/2220
f 2431/3125/101 2428/3123/2202 2579/3321/2339 2581/3322/2340
f 2434/3129/2205 2431/3125/101 2581/3322/2340 2583/3324/2215
f 2583/3324/2215 2581/3322/2340 2582/3323/2220 2584/3325/2216
f 2434/3129/2205 2583/3324/2215 2585/3326/2213 2436/3132/2207
f 2583/3324/2215 2584/3325/2216 2586/3327/2214 2585/3326/2213
f 2585/3326/2213 2586/3327/2214 2587/3328/2109 2458/3329/2348
f 2436/3132/2207 2585/3326/2213 2458/3329/2348 2453/3133/2208
f 2586/3327/2214 2588/3330/2354 2473/3331/2110 2587/3328/2109
f 2584/3325/2216 2589/3332/2218 2588/3330/2354 2586/3327/2214
f 2589/3332/2218 2480/3191/2117 2478/3190/2113 2588/3330/2354
f 2588/3330/2354 2478/3190/2113 2475/3333/2350 2473/3331/2110
f 2590/3334/2219 2589/3332/2218 2584/3325/2216 2582/3323/2220
f 2484/3193/2119 2480/3191/2117 2589/3332/2218 2590/3334/2219
f 2487/3199/2123 2484/3193/2119 2590/3334/2219 2591/3335/2221
f 2591/3335/2221 2590/3334/2219 2582/3323/2220 2580/3320/2222
f 2591/3335/2221 2592/3336/2223 2489/3202/2126 2487/3199/2123
f 2580/3320/2222 2578/3319/2224 2592/3336/2223 2591/3335/2221
f 2578/3319/2224 2565/3302/2225 2563/3301/2226 2592/3336/2223
f 2592/3336/2223 2563/3301/2226 2593/3204/2127 2489/3202/2126
f 2560/3291/2269 2595/3337/2270 2598/3338/2271 2594/3292/2133
f 2558/3288/2267 2596/3339/2272 2595/3337/2270 2560/3291/2269
f 2596/3339/2272 2614/3340/2273 2597/3341/2274 2595/3337/2270
f 2595/3337/2270 2597/3341/2274 2599/3342/2275 2598/3338/2271
f 2600/3343/2276 2598/3338/2271 2599/3342/2275 2601/3344/2355
f 2495/3345/2134 2594/3292/2133 2598/3338/2271 2600/3343/2276
f 2497/3214/2135 2495/3213/2134 2600/3346/2276 2602/3347/2278
f 2602/3348/2278 2600/3349/2276 2601/3350/2355 2603/3351/2279
f 2603/3351/2279 2605/3352/2280 2604/3353/2281 2602/3348/2278
f 2602/3347/2278 2604/3354/2281 2499/3215/2136 2497/3214/2135
f 2605/3352/2280 2606/3230/2144 2506/3229/2143 2604/3353/2281
f 2604/3354/2281 2506/3227/2143 2501/3217/2137 2499/3215/2136
f 2607/3355/2282 2609/3356/2283 2606/3230/2144 2605/3352/2280
f 2610/3357/2284 2607/3355/2282 2605/3352/2280 2603/3351/2279
f 2608/3358/2285 2628/3359/2286 2609/3356/2283 2607/3355/2282
f 2611/3360/2287 2608/3358/2285 2607/3355/2282 2610/3357/2284
f 2611/3360/2287 2610/3357/2284 2612/3361/2288 2613/3362/2289
f 2610/3357/2284 2603/3351/2279 2601/3350/2355 2612/3361/2288
f 2612/3361/2288 2601/3350/2355 2599/3363/2275 2597/3364/2274
f 2613/3362/2289 2612/3361/2288 2597/3364/2274 2614/3365/2273
f 2615/3366/2290 2613/3367/2289 2614/3340/2273 2617/3368/2291
f 2616/3369/2292 2611/3360/2287 2613/3362/2289 2615/3370/2290
f 2619/3371/2293 2616/3369/2292 2615/3370/2290 2618/3372/2294
f 2618/3373/2294 2615/3366/2290 2617/3368/2291 2620/3274/2352
f 2622/3374/2295 2619/3371/2293 2618/3372/2294 2621/3375/2296
f 2621/3376/2296 2618/3373/2294 2620/3274/2352 2544/3271/2256
f 2533/3259/2297 2622/3374/2295 2621/3375/2296 2535/3261/2298
f 2535/3377/2298 2621/3376/2296 2544/3271/2256 2538/3268/2255
f 2531/3257/2305 2623/3378/2310 2622/3374/2295 2533/3259/2297
f 2623/3378/2310 2624/3379/58 2619/3371/2293 2622/3374/2295
f 2525/3252/2309 2625/3251/2311 2624/3379/58 2623/3378/2310
f 2527/3253/2308 2525/3252/2309 2623/3378/2310 2531/3257/2305
f 2625/3251/2311 2627/3380/2312 2626/3381/2313 2624/3379/58
f 2624/3379/58 2626/3381/2313 2616/3369/2292 2619/3371/2293
f 2627/3380/2312 2628/3359/2286 2608/3358/2285 2626/3381/2313
f 2626/3381/2313 2608/3358/2285 2611/3360/2287 2616/3369/2292
f 2629/3382/2314 2630/3383/2315 2628/3359/2286 2627/3380/2312
f 2524/3248/2316 2629/3382/2314 2627/3380/2312 2625/3251/2311
f 2515/3240/2152 2513/3238/2150 2630/3383/2315 2629/3382/2314
f 2518/3244/2154 2515/3240/2152 2629/3382/2314 2524/3248/2316
f 2628/3359/2286 2630/3383/2315 2631/3384/2336 2609/3356/2283
f 2630/3383/2315 2513/3238/2150 2511/3235/2148 2631/3384/2336
f 2631/3384/2336 2511/3235/2148 2509/3232/2146 2507/3231/2145
f 2609/3356/2283 2631/3384/2336 2507/3231/2145 2606/3230/2144
f 2620/3274/2352 2617/3368/2291 2632/3385/2337 2545/3275/2260
f 2617/3368/2291 2614/3340/2273 2596/3339/2272 2632/3385/2337
f 2632/3385/2337 2596/3339/2272 2558/3288/2267 2555/3284/2265
f 2545/3275/2260 2632/3385/2337 2555/3284/2265 2547/3276/2261
f 2517/3169/2091 2520/3044/2088 2373/3041/2087 2464/3167/2092
f 2464/3167/2092 2373/3041/2087 2370/3035/2081 2456/3158/2093
f 2634/3386/2356 2720/3387/2357 2636/3388/2358 2633/3389/2359
f 2633/3389/2359 2635/3390/2360 2718/3391/2361 2634/3386/2356
f 2640/3392/2362 2635/3390/2360 2633/3389/2359 2637/3393/2363
f 2639/3394/2364 2637/3393/2363 2633/3389/2359 2636/3388/2358
f 2642/3395/2365 2640/3392/2362 2637/3393/2363 2638/3396/2366
f 2786/3397/2367 2638/3396/2366 2637/3393/2363 2639/3394/2364
f 2641/3398/2368 2716/3399/2369 2635/3390/2360 2640/3392/2362
f 2643/3400/2370 2641/3398/2368 2640/3392/2362 2642/3395/2365
f 2642/3401/2365 2644/3402/2371 2647/3403/2372 2643/3404/2370
f 2638/3405/2366 2645/3406/2373 2644/3402/2371 2642/3401/2365
f 2645/3406/2373 2788/3407/2374 2646/3408/2375 2644/3402/2371
f 2644/3402/2371 2646/3408/2375 2648/3409/2376 2647/3403/2372
f 2649/3410/2377 2647/3403/2372 2648/3409/2376 2651/3411/2378
f 2650/3412/2379 2643/3413/2370 2647/3414/2372 2649/3415/2377
f 2654/3416/2380 2650/3412/2379 2649/3415/2377 2652/3417/2381
f 2652/3418/2381 2649/3410/2377 2651/3411/2378 2653/3419/2382
f 2655/3420/2383 2652/3418/2381 2653/3419/2382 2657/3421/2384
f 2656/3422/2385 2654/3416/2380 2652/3417/2381 2655/3423/2383
f 2659/3424/2386 2656/3422/2385 2655/3423/2383 2658/3425/2387
f 2658/3426/2387 2655/3420/2383 2657/3421/2384 2660/3427/2388
f 2659/3424/2386 2658/3425/2387 2661/3428/2389 2664/3429/2390
f 2658/3426/2387 2660/3427/2388 2662/3430/2391 2661/3431/2389
f 2661/3432/2389 2662/3433/2391 2803/3434/2392 2663/3435/2393
f 2664/3436/2390 2661/3432/2389 2663/3435/2393 2665/3437/2394
f 2665/3438/2394 2667/3439/2395 2666/3440/2396 2664/3429/2390
f 2664/3429/2390 2666/3440/2396 2669/3441/2397 2659/3424/2386
f 2667/3439/2395 2841/3442/2398 2668/3443/2399 2666/3440/2396
f 2666/3440/2396 2668/3443/2399 2670/3444/2400 2669/3441/2397
f 2673/3445/2401 2671/3446/20 2669/3441/2397 2670/3444/2400
f 2671/3446/20 2656/3422/2385 2659/3424/2386 2669/3441/2397
f 2672/3447/2402 2654/3416/2380 2656/3422/2385 2671/3446/20
f 2674/3448/2403 2672/3447/2402 2671/3446/20 2673/3445/2401
f 2675/3449/2404 2677/3450/2405 2674/3448/2403 2673/3445/2401
f 2678/3451/2406 2675/3449/2404 2673/3445/2401 2670/3444/2400
f 2676/3452/2407 2710/3453/2408 2677/3454/2405 2675/3455/2404
f 2679/3456/2409 2676/3452/2407 2675/3455/2404 2678/3457/2406
f 2678/3457/2406 2680/3458/2410 2682/3459/2411 2679/3456/2409
f 2670/3444/2400 2668/3443/2399 2680/3460/2410 2678/3451/2406
f 2668/3443/2399 2841/3442/2398 2681/3461/2412 2680/3460/2410
f 2680/3458/2410 2681/3462/2412 2683/3463/2413 2682/3459/2411
f 2685/3464/2414 2679/3456/2409 2682/3459/2411 2684/3465/2415
f 2684/3465/2415 2682/3459/2411 2683/3463/2413 2686/3466/2416
f 2689/3467/2417 2685/3464/2414 2684/3465/2415 2687/3468/2418
f 2687/3468/2418 2684/3465/2415 2686/3466/2416 2688/3469/2419
f 2688/3469/2419 2691/3470/2420 2690/3471/2421 2687/3468/2418
f 2687/3468/2418 2690/3471/2421 2693/3472/2422 2689/3467/2417
f 2691/3470/2420 2835/3473/2200 2692/3474/2423 2690/3471/2421
f 2690/3471/2421 2692/3474/2423 2694/3475/2202 2693/3472/2422
f 2695/3476/2424 2693/3472/2422 2694/3475/2202 2697/3477/101
f 2696/3478/2425 2689/3467/2417 2693/3472/2422 2695/3476/2424
f 2699/3479/2426 2696/3478/2425 2695/3476/2424 2698/3480/2427
f 2698/3480/2427 2695/3476/2424 2697/3477/101 2700/3481/2205
f 2699/3479/2426 2698/3480/2427 2701/3482/2428 2704/3483/2429
f 2698/3480/2427 2700/3481/2205 2702/3484/2207 2701/3482/2428
f 2701/3482/2428 2702/3484/2207 2719/3485/2430 2703/3486/2431
f 2704/3483/2429 2701/3482/2428 2703/3486/2431 2705/3487/2432
f 2699/3479/2426 2704/3483/2429 2706/3488/2433 2709/3489/2434
f 2704/3483/2429 2705/3487/2432 2707/3490/2435 2706/3488/2433
f 2706/3488/2433 2707/3490/2435 2712/3491/2436 2708/3492/2437
f 2709/3489/2434 2706/3488/2433 2708/3492/2437 2710/3453/2408
f 2711/3493/2438 2709/3489/2434 2710/3453/2408 2676/3452/2407
f 2696/3478/2425 2699/3479/2426 2709/3489/2434 2711/3493/2438
f 2689/3467/2417 2696/3478/2425 2711/3493/2438 2685/3464/2414
f 2685/3464/2414 2711/3493/2438 2676/3452/2407 2679/3456/2409
f 2677/3454/2405 2710/3453/2408 2708/3492/2437 2713/3494/2439
f 2713/3495/2439 2708/3496/2437 2712/3497/2436 2714/3498/2440
f 2674/3448/2403 2677/3450/2405 2713/3499/2439 2715/3500/2441
f 2715/3500/2441 2713/3499/2439 2714/3501/2440 2716/3502/2369
f 2717/3503/2442 2715/3500/2441 2716/3502/2369 2641/3504/2368
f 2672/3447/2402 2674/3448/2403 2715/3500/2441 2717/3503/2442
f 2654/3416/2380 2672/3447/2402 2717/3503/2442 2650/3412/2379
f 2650/3412/2379 2717/3503/2442 2641/3504/2368 2643/3413/2370
f 2635/3390/2360 2716/3399/2369 2714/3498/2440 2718/3391/2361
f 2718/3391/2361 2714/3498/2440 2712/3497/2436 2707/3505/2435
f 2634/3386/2356 2718/3391/2361 2707/3505/2435 2705/3506/2432
f 2705/3506/2432 2703/3507/2431 2720/3387/2357 2634/3386/2356
f 2703/3507/2431 2719/3508/2430 2721/3509/2210 2720/3387/2357
f 2720/3387/2357 2721/3509/2210 2722/3510/2093 2636/3388/2358
f 2719/3508/2430 2724/3511/2443 2723/3512/2444 2721/3509/2210
f 2721/3509/2210 2723/3512/2444 2726/3513/2445 2722/3510/2093
f 2724/3511/2443 2853/3514/2446 2725/3515/2447 2723/3512/2444
f 2723/3512/2444 2725/3515/2447 2727/3516/2448 2726/3513/2445
f 2731/3517/2449 2728/3518/2450 2726/3513/2445 2727/3516/2448
f 2728/3518/2450 2730/3519/2092 2722/3510/2093 2726/3513/2445
f 2729/3520/2451 2783/3521/2091 2730/3519/2092 2728/3518/2450
f 2732/3522/2452 2729/3520/2451 2728/3518/2450 2731/3517/2449
f 2733/3523/2453 2735/3524/2454 2732/3522/2452 2731/3517/2449
f 2736/3525/2455 2733/3523/2453 2731/3517/2449 2727/3516/2448
f 2734/3526/2456 2770/3527/2457 2735/3524/2454 2733/3523/2453
f 2737/3528/2458 2734/3526/2456 2733/3523/2453 2736/3525/2455
f 2736/3525/2455 2738/3529/2459 2740/3530/2460 2737/3528/2458
f 2727/3516/2448 2725/3515/2447 2738/3529/2459 2736/3525/2455
f 2725/3515/2447 2853/3514/2446 2739/3531/2461 2738/3529/2459
f 2738/3529/2459 2739/3531/2461 2741/3532/2462 2740/3530/2460
f 2742/3533/2463 2740/3530/2460 2741/3532/2462 2744/3534/2464
f 2743/3535/2465 2737/3528/2458 2740/3530/2460 2742/3533/2463
f 2747/3536/2466 2743/3537/2465 2742/3538/2463 2745/3539/2467
f 2745/3540/2467 2742/3541/2463 2744/3542/2464 2746/3543/2468
f 2748/3544/2469 2745/3540/2467 2746/3543/2468 2750/3545/2470
f 2749/3546/2471 2747/3536/2466 2745/3539/2467 2748/3547/2469
f 2752/3548/2472 2749/3546/2471 2748/3547/2469 2751/3549/2473
f 2751/3550/2473 2748/3544/2469 2750/3545/2470 2753/3551/2474
f 2752/3548/2472 2751/3549/2473 2754/3552/2475 2757/3553/2476
f 2751/3550/2473 2753/3551/2474 2755/3554/2477 2754/3555/2475
f 2754/3555/2475 2755/3554/2477 2859/3556/2478 2756/3557/2479
f 2757/3553/2476 2754/3552/2475 2756/3558/2479 2758/3559/2480
f 2758/3559/2480 2760/3560/2481 2759/3561/2482 2757/3553/2476
f 2757/3553/2476 2759/3561/2482 2762/3562/2483 2752/3548/2472
f 2760/3560/2481 2860/3563/2484 2761/3564/2485 2759/3561/2482
f 2759/3561/2482 2761/3564/2485 2763/3565/2486 2762/3562/2483
f 2762/3562/2483 2763/3565/2486 2765/3566/2487 2764/3567/28
f 2752/3548/2472 2762/3562/2483 2764/3567/28 2749/3546/2471
f 2764/3567/28 2765/3566/2487 2767/3568/2488 2766/3569/2489
f 2749/3546/2471 2764/3567/28 2766/3569/2489 2747/3536/2466
f 2747/3536/2466 2766/3569/2489 2768/3570/2490 2743/3537/2465
f 2766/3569/2489 2767/3568/2488 2769/3571/2491 2768/3570/2490
f 2768/3570/2490 2769/3571/2491 2770/3572/2457 2734/3573/2456
f 2743/3537/2465 2768/3570/2490 2734/3573/2456 2737/3574/2458
f 2769/3571/2491 2771/3575/2492 2774/3576/2493 2770/3572/2457
f 2767/3568/2488 2772/3577/2494 2771/3575/2492 2769/3571/2491
f 2772/3578/2494 2872/3579/2495 2773/3580/2496 2771/3581/2492
f 2771/3581/2492 2773/3580/2496 2775/3582/2497 2774/3583/2493
f 2735/3584/2454 2770/3585/2457 2774/3583/2493 2776/3586/2498
f 2776/3586/2498 2774/3583/2493 2775/3582/2497 2777/3587/2499
f 2732/3588/2452 2735/3584/2454 2776/3586/2498 2778/3589/2500
f 2778/3589/2500 2776/3586/2498 2777/3587/2499 2779/3590/2501
f 2780/3591/2502 2778/3589/2500 2779/3590/2501 2781/3592/2503
f 2729/3593/2451 2732/3588/2452 2778/3589/2500 2780/3591/2502
f 2783/3594/2091 2729/3593/2451 2780/3591/2502 2782/3595/2153
f 2782/3595/2153 2780/3591/2502 2781/3592/2503 2784/3596/2154
f 2786/3597/2367 2783/3594/2091 2782/3595/2153 2785/3598/2504
f 2785/3598/2504 2782/3595/2153 2784/3596/2154 2787/3599/2505
f 2638/3405/2366 2786/3597/2367 2785/3598/2504 2645/3406/2373
f 2645/3406/2373 2785/3598/2504 2787/3599/2505 2788/3407/2374
f 2787/3599/2505 2784/3596/2154 2790/3600/2316 2789/3601/2506
f 2788/3407/2374 2787/3599/2505 2789/3601/2506 2792/3602/2507
f 2789/3601/2506 2790/3600/2316 2891/3603/2311 2791/3604/2508
f 2792/3602/2507 2789/3601/2506 2791/3604/2508 2793/3605/2509
f 2792/3602/2507 2794/3606/2510 2646/3408/2375 2788/3407/2374
f 2793/3605/2509 2795/3607/2511 2794/3606/2510 2792/3602/2507
f 2795/3607/2511 2653/3419/2382 2651/3411/2378 2794/3606/2510
f 2794/3606/2510 2651/3411/2378 2648/3409/2376 2646/3408/2375
f 2796/3608/2512 2795/3607/2511 2793/3605/2509 2797/3609/2513
f 2657/3421/2384 2653/3419/2382 2795/3607/2511 2796/3608/2512
f 2660/3427/2388 2657/3421/2384 2796/3608/2512 2798/3610/2514
f 2798/3610/2514 2796/3608/2512 2797/3609/2513 2799/3611/2515
f 2798/3610/2514 2800/3612/2516 2662/3430/2391 2660/3427/2388
f 2799/3611/2515 2801/3613/2517 2800/3612/2516 2798/3610/2514
f 2801/3613/2517 2804/3614/2518 2802/3615/2519 2800/3612/2516
f 2800/3612/2516 2802/3615/2519 2803/3616/2392 2662/3430/2391
f 2805/3617/2520 2663/3435/2393 2803/3434/2392 2802/3618/2519
f 2807/3619/2521 2805/3617/2520 2802/3618/2519 2804/3620/2518
f 2806/3621/2522 2665/3437/2394 2663/3435/2393 2805/3617/2520
f 2808/3622/2523 2806/3621/2522 2805/3617/2520 2807/3619/2521
f 2804/3620/2518 2810/3623/2524 2809/3624/2525 2807/3619/2521
f 2807/3619/2521 2809/3624/2525 2812/3625/2526 2808/3622/2523
f 2810/3623/2524 2886/3626/2259 2811/3627/2260 2809/3624/2525
f 2809/3624/2525 2811/3627/2260 2813/3628/2261 2812/3625/2526
f 2817/3629/2262 2814/3630/2527 2812/3625/2526 2813/3628/2261
f 2814/3630/2527 2816/3631/2528 2808/3622/2523 2812/3625/2526
f 2815/3632/2529 2838/3633/2530 2816/3631/2528 2814/3630/2527
f 2818/3634/2234 2815/3632/2529 2814/3630/2527 2817/3629/2262
f 2819/3635/2531 2817/3629/2262 2813/3628/2261 2821/3636/2532
f 2820/3637/2533 2818/3634/2234 2817/3629/2262 2819/3635/2531
f 2823/3638/2534 2820/3637/2533 2819/3635/2531 2822/3639/2535
f 2822/3639/2535 2819/3635/2531 2821/3636/2532 2824/3640/2536
f 2823/3638/2534 2822/3639/2535 2825/3641/2537 2827/3642/2538
f 2822/3639/2535 2824/3640/2536 2826/3643/2539 2825/3641/2537
f 2825/3641/2537 2826/3643/2539 2860/3644/2484 2760/3645/2481
f 2827/3642/2538 2825/3641/2537 2760/3645/2481 2758/3646/2480
f 2823/3647/2534 2827/3648/2538 2828/3649/2540 2830/3650/2541
f 2827/3648/2538 2758/3651/2480 2756/3557/2479 2828/3649/2540
f 2828/3649/2540 2756/3557/2479 2859/3556/2478 2829/3652/2542
f 2830/3650/2541 2828/3649/2540 2829/3652/2542 2831/3653/2543
f 2832/3654/2544 2830/3650/2541 2831/3653/2543 2833/3655/2545
f 2820/3656/2533 2823/3647/2534 2830/3650/2541 2832/3654/2544
f 2818/3657/2234 2820/3656/2533 2832/3654/2544 2834/3658/2235
f 2834/3658/2235 2832/3654/2544 2833/3655/2545 2835/3473/2200
f 2815/3659/2529 2818/3657/2234 2834/3658/2235 2836/3660/2546
f 2836/3660/2546 2834/3658/2235 2835/3473/2200 2691/3470/2420
f 2838/3661/2530 2815/3659/2529 2836/3660/2546 2837/3662/2547
f 2837/3662/2547 2836/3660/2546 2691/3470/2420 2688/3469/2419
f 2838/3661/2530 2837/3662/2547 2839/3663/2548 2840/3664/2549
f 2837/3662/2547 2688/3469/2419 2686/3466/2416 2839/3663/2548
f 2839/3663/2548 2686/3466/2416 2683/3463/2413 2681/3462/2412
f 2840/3665/2549 2839/3666/2548 2681/3667/2412 2841/3668/2398
f 2842/3669/2550 2840/3665/2549 2841/3668/2398 2667/3670/2395
f 2816/3631/2528 2838/3633/2530 2840/3665/2549 2842/3669/2550
f 2808/3622/2523 2816/3631/2528 2842/3669/2550 2806/3621/2522
f 2806/3621/2522 2842/3669/2550 2667/3670/2395 2665/3437/2394
f 2835/3473/2200 2833/3655/2545 2843/3671/2551 2692/3474/2423
f 2833/3655/2545 2831/3653/2543 2844/3672/2552 2843/3671/2551
f 2843/3671/2551 2844/3672/2552 2846/3673/2553 2845/3674/2554
f 2692/3474/2423 2843/3671/2551 2845/3674/2554 2694/3475/2202
f 2847/3675/2555 2845/3674/2554 2846/3673/2553 2848/3676/2556
f 2697/3477/101 2694/3475/2202 2845/3674/2554 2847/3675/2555
f 2700/3481/2205 2697/3477/101 2847/3675/2555 2849/3677/2557
f 2849/3677/2557 2847/3675/2555 2848/3676/2556 2850/3678/2558
f 2700/3481/2205 2849/3677/2557 2851/3679/2559 2702/3484/2207
f 2849/3677/2557 2850/3678/2558 2852/3680/2560 2851/3679/2559
f 2851/3679/2559 2852/3680/2560 2853/3681/2446 2724/3682/2443
f 2702/3484/2207 2851/3679/2559 2724/3682/2443 2719/3485/2430
f 2852/3680/2560 2854/3683/2561 2739/3684/2461 2853/3681/2446
f 2850/3678/2558 2855/3685/2562 2854/3683/2561 2852/3680/2560
f 2855/3685/2562 2746/3543/2468 2744/3542/2464 2854/3683/2561
f 2854/3683/2561 2744/3542/2464 2741/3686/2462 2739/3684/2461
f 2856/3687/2563 2855/3685/2562 2850/3678/2558 2848/3676/2556
f 2750/3545/2470 2746/3543/2468 2855/3685/2562 2856/3687/2563
f 2753/3551/2474 2750/3545/2470 2856/3687/2563 2857/3688/2564
f 2857/3688/2564 2856/3687/2563 2848/3676/2556 2846/3673/2553
f 2857/3688/2564 2858/3689/2565 2755/3554/2477 2753/3551/2474
f 2846/3673/2553 2844/3672/2552 2858/3689/2565 2857/3688/2564
f 2844/3672/2552 2831/3653/2543 2829/3652/2542 2858/3689/2565
f 2858/3689/2565 2829/3652/2542 2859/3556/2478 2755/3554/2477
f 2826/3643/2539 2861/3690/2566 2864/3691/2567 2860/3644/2484
f 2824/3640/2536 2862/3692/2568 2861/3690/2566 2826/3643/2539
f 2862/3692/2568 2880/3693/2569 2863/3694/2570 2861/3690/2566
f 2861/3690/2566 2863/3694/2570 2865/3695/2571 2864/3691/2567
f 2866/3696/2572 2864/3691/2567 2865/3695/2571 2867/3697/2573
f 2761/3564/2485 2860/3563/2484 2864/3698/2567 2866/3699/2572
f 2763/3565/2486 2761/3564/2485 2866/3699/2572 2868/3700/2574
f 2868/3701/2574 2866/3702/2572 2867/3703/2573 2869/3704/2575
f 2869/3704/2575 2871/3705/2576 2870/3706/2577 2868/3701/2574
f 2868/3700/2574 2870/3707/2577 2765/3566/2487 2763/3565/2486
f 2871/3705/2576 2872/3579/2495 2772/3578/2494 2870/3706/2577
f 2870/3707/2577 2772/3577/2494 2767/3568/2488 2765/3566/2487
f 2873/3708/2578 2875/3709/2579 2872/3579/2495 2871/3705/2576
f 2876/3710/2580 2873/3708/2578 2871/3705/2576 2869/3704/2575
f 2874/3711/2581 2894/3712/2582 2875/3709/2579 2873/3708/2578
f 2877/3713/2583 2874/3711/2581 2873/3708/2578 2876/3710/2580
f 2877/3713/2583 2876/3710/2580 2878/3714/2584 2879/3715/2585
f 2876/3710/2580 2869/3704/2575 2867/3703/2573 2878/3714/2584
f 2878/3714/2584 2867/3703/2573 2865/3716/2571 2863/3717/2570
f 2879/3715/2585 2878/3714/2584 2863/3717/2570 2880/3718/2569
f 2881/3719/2586 2879/3720/2585 2880/3693/2569 2883/3721/2587
f 2882/3722/2588 2877/3713/2583 2879/3715/2585 2881/3723/2586
f 2885/3724/2293 2882/3722/2588 2881/3723/2586 2884/3725/2294
f 2884/3726/2294 2881/3719/2586 2883/3721/2587 2886/3626/2259
f 2888/3727/2589 2885/3724/2293 2884/3725/2294 2887/3728/2590
f 2887/3729/2590 2884/3726/2294 2886/3626/2259 2810/3623/2524
f 2799/3611/2515 2888/3727/2589 2887/3728/2590 2801/3613/2517
f 2801/3730/2517 2887/3729/2590 2810/3623/2524 2804/3620/2518
f 2797/3609/2513 2889/3731/2591 2888/3727/2589 2799/3611/2515
f 2889/3731/2591 2890/3732/58 2885/3724/2293 2888/3727/2589
f 2791/3604/2508 2891/3603/2311 2890/3732/58 2889/3731/2591
f 2793/3605/2509 2791/3604/2508 2889/3731/2591 2797/3609/2513
f 2891/3603/2311 2893/3733/2592 2892/3734/2593 2890/3732/58
f 2890/3732/58 2892/3734/2593 2882/3722/2588 2885/3724/2293
f 2893/3733/2592 2894/3712/2582 2874/3711/2581 2892/3734/2593
f 2892/3734/2593 2874/3711/2581 2877/3713/2583 2882/3722/2588
f 2895/3735/2594 2896/3736/2595 2894/3712/2582 2893/3733/2592
f 2790/3600/2316 2895/3735/2594 2893/3733/2592 2891/3603/2311
f 2781/3592/2503 2779/3590/2501 2896/3736/2595 2895/3735/2594
f 2784/3596/2154 2781/3592/2503 2895/3735/2594 2790/3600/2316
f 2894/3712/2582 2896/3736/2595 2897/3737/2596 2875/3709/2579
f 2896/3736/2595 2779/3590/2501 2777/3587/2499 2897/3737/2596
f 2897/3737/2596 2777/3587/2499 2775/3582/2497 2773/3580/2496
f 2875/3709/2579 2897/3737/2596 2773/3580/2496 2872/3579/2495
f 2886/3626/2259 2883/3721/2587 2898/3738/2597 2811/3627/2260
f 2883/3721/2587 2880/3693/2569 2862/3692/2568 2898/3738/2597
f 2898/3738/2597 2862/3692/2568 2824/3640/2536 2821/3636/2532
f 2811/3627/2260 2898/3738/2597 2821/3636/2532 2813/3628/2261
f 2783/3521/2091 2786/3397/2367 2639/3394/2364 2730/3519/2092
f 2730/3519/2092 2639/3394/2364 2636/3388/2358 2722/3510/2093
f 2899/3739/2598 2901/3740/2599 2999/3741/2600 2900/3742/2601
f 2902/3743/2602 2904/3744/2603 2901/3740/2599 2899/3739/2598
f 2903/3745/2604 2905/3746/2605 2904/3744/2603 2902/3743/2602
f 2905/3746/2605 2907/3747/2606 2906/3748/2607 2904/3744/2603
f 2904/3744/2603 2906/3748/2607 2908/3749/2608 2901/3740/2599
f 2912/3750/2609 2909/3751/2610 2906/3748/2607 2907/3747/2606
f 2909/3751/2610 2911/3752/2611 2908/3749/2608 2906/3748/2607
f 2910/3753/2612 3003/3754/2613 2911/3752/2611 2909/3751/2610
f 2913/3755/2614 2910/3753/2612 2909/3751/2610 2912/3750/2609
f 2913/3755/2614 2912/3750/2609 2914/3756/2615 2917/3757/2616
f 2912/3750/2609 2907/3747/2606 2915/3758/2617 2914/3756/2615
f 2914/3759/2615 2915/3760/2617 2998/3761/2618 2916/3762/2619
f 2917/3763/2616 2914/3759/2615 2916/3762/2619 2918/3764/2620
f 2919/3765/2621 2917/3763/2616 2918/3764/2620 2921/3766/2622
f 2920/3767/2623 2913/3755/2614 2917/3757/2616 2919/3768/2621
f 2923/3769/2624 2920/3767/2623 2919/3768/2621 2922/3770/2625
f 2922/3771/2625 2919/3765/2621 2921/3766/2622 2924/3772/2626
f 2927/3773/2627 2925/3774/2628 2924/3772/2626 2921/3766/2622
f 2928/3775/2629 2926/3776/2630 2925/3774/2628 2927/3773/2627
f 2930/3777/2631 2928/3775/2629 2927/3773/2627 2929/3778/2632
f 2929/3778/2632 2927/3773/2627 2921/3766/2622 2918/3764/2620
f 2929/3778/2632 2918/3764/2620 2916/3762/2619 2931/3779/2633
f 2930/3777/2631 2929/3778/2632 2931/3779/2633 2933/3780/2634
f 2931/3779/2633 2916/3762/2619 2998/3761/2618 2932/3781/2635
f 2933/3780/2634 2931/3779/2633 2932/3781/2635 2934/3782/2636
f 2930/3777/2631 2933/3780/2634 2935/3783/2637 2938/3784/2638
f 2933/3780/2634 2934/3782/2636 2936/3785/2639 2935/3783/2637
f 2935/3786/2637 2936/3787/2639 2983/3788/2640 2937/3789/2641
f 2938/3790/2638 2935/3786/2637 2937/3789/2641 2939/3791/2642
f 2940/3792/2643 2938/3790/2638 2939/3791/2642 2941/3793/2644
f 2928/3775/2629 2930/3777/2631 2938/3784/2638 2940/3794/2643
f 2926/3776/2630 2928/3775/2629 2940/3794/2643 2942/3795/2645
f 2942/3796/2645 2940/3792/2643 2941/3793/2644 2943/3797/2646
f 2945/3798/2647 2944/3799/2648 2943/3797/2646 2941/3793/2644
f 2948/3800/2649 2946/3801/2650 2944/3799/2648 2945/3798/2647
f 2946/3801/2650 2948/3800/2649 2950/3802/2651 2947/3803/2652
f 2948/3800/2649 2949/3804/2653 2951/3805/2654 2950/3802/2651
f 2949/3804/2653 2948/3800/2649 2945/3798/2647 2981/3806/2655
f 2950/3807/2651 2951/3808/2654 2953/3809/2656 2952/3810/2657
f 2947/3811/2652 2950/3807/2651 2952/3810/2657 2954/3812/2658
f 2958/3813/2659 2955/3814/2660 2952/3810/2657 2953/3809/2656
f 2955/3814/2660 2957/3815/2661 2954/3812/2658 2952/3810/2657
f 2956/3816/2662 3007/3817/2663 2957/3815/2661 2955/3814/2660
f 2959/3818/2664 2956/3816/2662 2955/3814/2660 2958/3813/2659
f 2960/3819/2665 2958/3813/2659 2953/3809/2656 2962/3820/2666
f 2961/3821/2667 2959/3818/2664 2958/3813/2659 2960/3819/2665
f 2964/3822/2668 2961/3821/2667 2960/3819/2665 2963/3823/2669
f 2963/3823/2669 2960/3819/2665 2962/3820/2666 2965/3824/2670
f 2967/3825/2671 2964/3822/2668 2963/3823/2669 2966/3826/2672
f 2966/3826/2672 2963/3823/2669 2965/3824/2670 2968/3827/2673
f 2971/3828/2674 2967/3825/2671 2966/3826/2672 2969/3829/2675
f 2969/3829/2675 2966/3826/2672 2968/3827/2673 2970/3830/2676
f 2900/3831/2601 2999/3832/2600 2967/3825/2671 2971/3828/2674
f 2974/3833/2677 2972/3834/2678 2970/3830/2676 2968/3827/2673
f 2975/3835/2679 2973/3836/2680 2972/3837/2678 2974/3838/2677
f 2977/3839/2681 2975/3835/2679 2974/3838/2677 2976/3840/2682
f 2976/3841/2682 2974/3833/2677 2968/3827/2673 2965/3824/2670
f 2979/3842/2683 2977/3839/2681 2976/3840/2682 2978/3843/2684
f 2978/3844/2684 2976/3841/2682 2965/3824/2670 2962/3820/2666
f 2949/3804/2653 2979/3842/2683 2978/3843/2684 2951/3805/2654
f 2951/3808/2654 2978/3844/2684 2962/3820/2666 2953/3809/2656
f 2949/3804/2653 2981/3806/2655 2980/3845/2685 2979/3842/2683
f 2979/3842/2683 2980/3845/2685 2982/3846/2686 2977/3839/2681
f 2981/3806/2655 2939/3791/2642 2937/3789/2641 2980/3845/2685
f 2980/3845/2685 2937/3789/2641 2983/3788/2640 2982/3846/2686
f 2975/3835/2679 2977/3839/2681 2982/3846/2686 2984/3847/2687
f 2984/3847/2687 2982/3846/2686 2983/3788/2640 2985/3848/2688
f 2973/3836/2680 2975/3835/2679 2984/3847/2687 2986/3849/2689
f 2986/3849/2689 2984/3847/2687 2985/3848/2688 2987/3850/2690
f 2990/3851/2691 2988/3852/2692 2987/3850/2690 2985/3848/2688
f 2991/3853/2693 2989/3854/2694 2988/3855/2692 2990/3856/2691
f 2934/3782/2636 2991/3853/2693 2990/3856/2691 2936/3785/2639
f 2936/3787/2639 2990/3851/2691 2985/3848/2688 2983/3788/2640
f 2991/3853/2693 2934/3782/2636 2932/3781/2635 2992/3857/2695
f 2989/3854/2694 2991/3853/2693 2992/3857/2695 2994/3858/2696
f 2992/3857/2695 2932/3781/2635 2998/3761/2618 2993/3859/2697
f 2994/3858/2696 2992/3857/2695 2993/3859/2697 2995/3860/2698
f 2997/3861/2699 2996/3862/2700 2995/3860/2698 2993/3859/2697
f 2905/3746/2605 2903/3745/2604 2996/3863/2700 2997/3864/2699
f 2907/3747/2606 2905/3746/2605 2997/3864/2699 2915/3758/2617
f 2915/3760/2617 2997/3861/2699 2993/3859/2697 2998/3761/2618
f 2981/3806/2655 2945/3798/2647 2941/3793/2644 2939/3791/2642
f 2999/3832/2600 3000/3865/2701 2964/3822/2668 2967/3825/2671
f 2901/3740/2599 2908/3749/2608 3000/3866/2701 2999/3741/2600
f 2908/3749/2608 2911/3752/2611 3001/3867/2702 3000/3866/2701
f 3000/3865/2701 3001/3868/2702 2961/3821/2667 2964/3822/2668
f 2911/3752/2611 3003/3754/2613 3002/3869/2703 3001/3867/2702
f 3001/3868/2702 3002/3870/2703 2959/3818/2664 2961/3821/2667
f 3003/3754/2613 3005/3871/2704 3004/3872/2705 3002/3869/2703
f 3002/3870/2703 3004/3873/2705 2956/3816/2662 2959/3818/2664
f 3005/3871/2704 3008/3874/2706 3006/3875/2707 3004/3872/2705
f 3004/3873/2705 3006/3876/2707 3007/3817/2663 2956/3816/2662
f 3010/3877/2708 3009/3878/2709 3008/3874/2706 3005/3871/2704
f 2920/3767/2623 2923/3769/2624 3009/3878/2709 3010/3877/2708
f 2913/3755/2614 2920/3767/2623 3010/3877/2708 2910/3753/2612
f 2910/3753/2612 3010/3877/2708 3005/3871/2704 3003/3754/2613
f 3011/3879/2710 3012/3880/2711 3183/3881/2712 3014/3882/2713
f 3015/3883/2714 3018/3884/2715 3013/3885/2716 3011/3879/2710
f 3014/3882/2713 3017/3886/2717 3015/3883/2714 3011/3879/2710
f 3016/3887/2718 3019/3888/2719 3018/3884/2715 3015/3883/2714
f 3017/3886/2717 3214/3889/2720 3016/3887/2718 3015/3883/2714
f 3019/3888/2719 3021/3890/2721 3020/3891/2722 3018/3884/2715
f 3018/3884/2715 3020/3891/2722 3022/3892/2723 3013/3885/2716
f 3021/3890/2721 3024/3893/2724 3023/3894/2725 3020/3891/2722
f 3020/3891/2722 3023/3894/2725 3026/3895/2726 3022/3892/2723
f 3024/3893/2724 3283/3896/2727 3025/3897/2728 3023/3894/2725
f 3023/3894/2725 3025/3897/2728 3027/3898/2729 3026/3895/2726
f 3025/3897/2728 3030/3899/2730 3028/3900/2731 3027/3898/2729
f 3030/3899/2730 3032/3901/2732 3029/3902/2733 3028/3900/2731
f 3031/3903/2734 3033/3904/2735 3032/3901/2732 3030/3899/2730
f 3283/3896/2727 3031/3903/2734 3030/3899/2730 3025/3897/2728
f 3035/3903/2736 3034/3899/2737 3032/3901/2732 3033/3904/2735
f 3034/3899/2737 3036/3900/2738 3029/3902/2733 3032/3901/2732
f 3039/3896/2739 3037/3897/2740 3034/3899/2737 3035/3903/2736
f 3037/3897/2740 3038/3898/2741 3036/3900/2738 3034/3899/2737
f 3040/3894/2742 3042/3895/2743 3038/3898/2741 3037/3897/2740
f 3041/3893/2744 3040/3894/2742 3037/3897/2740 3039/3896/2739
f 3044/3890/2745 3043/3891/2746 3040/3894/2742 3041/3893/2744
f 3043/3891/2746 3045/3892/2747 3042/3895/2743 3040/3894/2742
f 3047/3888/2748 3046/3884/2749 3043/3891/2746 3044/3890/2745
f 3046/3884/2749 3048/3885/2750 3045/3892/2747 3043/3891/2746
f 3050/3887/2751 3049/3883/2752 3046/3884/2749 3047/3888/2748
f 3049/3883/2752 3051/3879/2753 3048/3885/2750 3046/3884/2749
f 3052/3886/2754 3049/3883/2752 3050/3887/2751 3054/3889/2755
f 3055/3882/2756 3051/3879/2753 3049/3883/2752 3052/3886/2754
f 3053/3905/2757 3052/3886/2754 3054/3889/2755 3586/3906/2758
f 3056/3907/2759 3055/3882/2756 3052/3886/2754 3053/3905/2757
f 3055/3882/2756 3056/3907/2759 3060/3908/2760 3057/3881/2761
f 3051/3879/2753 3055/3882/2756 3057/3881/2761 3058/3880/2762
f 3058/3880/2762 3057/3881/2761 3059/3909/2763 4158/3910/2764
f 3057/3881/2761 3060/3908/2760 3061/3911/2765 3059/3909/2763
f 3062/3912/2766 3060/3908/2760 3056/3907/2759 3064/3913/2767
f 3065/3914/2768 3061/3911/2765 3060/3908/2760 3062/3912/2766
f 3063/3915/2769 3062/3916/2766 3064/3917/2767 3578/3918/2770
f 3066/3919/2771 3065/3920/2768 3062/3916/2766 3063/3915/2769
f 3067/3921/2772 3069/3922/2773 3061/3911/2765 3065/3914/2768
f 3068/3923/2774 3067/3924/2772 3065/3920/2768 3066/3919/2771
f 3071/3925/2775 3070/3926/2776 3067/3924/2772 3068/3923/2774
f 3070/3927/2776 3072/3928/2777 3069/3922/2773 3067/3921/2772
f 3074/3929/2778 3073/3930/2779 3070/3926/2776 3071/3925/2775
f 3073/3931/2779 3075/3932/2780 3072/3928/2777 3070/3927/2776
f 3078/3933/2781 3076/3934/2782 3073/3930/2779 3074/3929/2778
f 3076/3935/2782 3077/3936/2783 3075/3932/2780 3073/3931/2779
f 3076/3935/2782 3079/3931/2784 3082/3932/2785 3077/3936/2783
f 3078/3933/2781 3080/3929/2786 3079/3930/2784 3076/3934/2782
f 3080/3929/2786 3657/3925/2787 3081/3926/2788 3079/3930/2784
f 3079/3931/2784 3081/3927/2788 3083/3928/2789 3082/3932/2785
f 3087/3937/2790 3084/3938/2791 3082/3932/2785 3083/3928/2789
f 3084/3938/2791 3086/3939/2792 3077/3936/2783 3082/3932/2785
f 3085/3940/2793 4151/3941/2794 3086/3939/2792 3084/3938/2791
f 3088/3942/2795 3085/3940/2793 3084/3938/2791 3087/3937/2790
f 3089/3943/2796 3087/3937/2790 3083/3928/2789 3091/3922/2797
f 3090/3944/2798 3088/3942/2795 3087/3937/2790 3089/3943/2796
f 3093/3910/2799 3090/3944/2798 3089/3943/2796 3092/3909/2800
f 3092/3909/2800 3089/3943/2796 3091/3922/2797 3094/3911/2801
f 3096/3880/2802 3093/3910/2799 3092/3909/2800 3095/3881/2803
f 3095/3881/2803 3092/3909/2800 3094/3911/2801 3097/3908/2804
f 3100/3879/2805 3096/3880/2802 3095/3881/2803 3098/3882/2806
f 3098/3882/2806 3095/3881/2803 3097/3908/2804 3099/3907/2807
f 3099/3907/2807 3102/3905/2808 3101/3886/2809 3098/3882/2806
f 3098/3882/2806 3101/3886/2809 3104/3883/2810 3100/3879/2805
f 3102/3905/2808 3677/3906/2811 3103/3889/2812 3101/3886/2809
f 3101/3886/2809 3103/3889/2812 3105/3887/2813 3104/3883/2810
f 3105/3887/2813 3107/3888/2814 3106/3884/2815 3104/3883/2810
f 3104/3883/2810 3106/3884/2815 3109/3885/2816 3100/3879/2805
f 3107/3888/2814 3748/3890/2817 3108/3891/2818 3106/3884/2815
f 3106/3884/2815 3108/3891/2818 3110/3892/2819 3109/3885/2816
f 3108/3891/2818 3113/3894/2820 3111/3895/2821 3110/3892/2819
f 3113/3894/2820 3115/3897/2822 3112/3898/2823 3111/3895/2821
f 3114/3893/2824 3116/3896/2825 3115/3897/2822 3113/3894/2820
f 3748/3890/2817 3114/3893/2824 3113/3894/2820 3108/3891/2818
f 3115/3897/2822 3117/3899/2826 3120/3900/2827 3112/3898/2823
f 3116/3896/2825 3118/3903/2828 3117/3899/2826 3115/3897/2822
f 3118/3903/2828 3757/3904/2829 3119/3901/2830 3117/3899/2826
f 3117/3899/2826 3119/3901/2830 3121/3902/2831 3120/3900/2827
f 3124/3899/2832 3122/3900/2833 3121/3902/2831 3119/3901/2830
f 3126/3897/2834 3123/3898/2835 3122/3900/2833 3124/3899/2832
f 3125/3903/2836 3124/3899/2832 3119/3901/2830 3757/3904/2829
f 3127/3896/2837 3126/3897/2834 3124/3899/2832 3125/3903/2836
f 3128/3894/2838 3130/3895/2839 3123/3898/2835 3126/3897/2834
f 3129/3893/2840 3128/3894/2838 3126/3897/2834 3127/3896/2837
f 3132/3890/2841 3131/3891/2842 3128/3894/2838 3129/3893/2840
f 3131/3891/2842 3133/3892/2843 3130/3895/2839 3128/3894/2838
f 3135/3888/2844 3134/3884/2845 3131/3891/2842 3132/3890/2841
f 3134/3884/2845 3136/3885/2846 3133/3892/2843 3131/3891/2842
f 3138/3887/2847 3137/3883/2848 3134/3884/2845 3135/3888/2844
f 3137/3883/2848 3139/3879/2849 3136/3885/2846 3134/3884/2845
f 3140/3886/2850 3137/3883/2848 3138/3887/2847 3142/3889/2851
f 3143/3882/2852 3139/3879/2849 3137/3883/2848 3140/3886/2850
f 3141/3905/2853 3140/3886/2850 3142/3889/2851 4052/3906/2854
f 3144/3907/2855 3143/3882/2852 3140/3886/2850 3141/3905/2853
f 3143/3882/2852 3144/3907/2855 3148/3908/2856 3145/3881/2857
f 3139/3879/2849 3143/3882/2852 3145/3881/2857 3146/3880/2858
f 3146/3880/2858 3145/3881/2857 3147/3909/2859 4150/3910/2860
f 3145/3881/2857 3148/3908/2856 3149/3911/2861 3147/3909/2859
f 3150/3912/2862 3148/3908/2856 3144/3907/2855 3152/3913/2863
f 3153/3914/2864 3149/3911/2861 3148/3908/2856 3150/3912/2862
f 3151/3915/2865 3150/3916/2862 3152/3917/2863 4044/3918/2866
f 3154/3919/2867 3153/3920/2864 3150/3916/2862 3151/3915/2865
f 3155/3921/2868 3157/3922/2869 3149/3911/2861 3153/3914/2864
f 3156/3923/2870 3155/3924/2868 3153/3920/2864 3154/3919/2867
f 3159/3925/2871 3158/3926/2872 3155/3924/2868 3156/3923/2870
f 3158/3927/2872 3160/3928/2873 3157/3922/2869 3155/3921/2868
f 3162/3929/2874 3161/3930/2875 3158/3926/2872 3159/3925/2871
f 3161/3931/2875 3163/3932/2876 3160/3928/2873 3158/3927/2872
f 3166/3933/2877 3164/3934/2878 3161/3930/2875 3162/3929/2874
f 3164/3935/2878 3165/3936/2879 3163/3932/2876 3161/3931/2875
f 3164/3935/2878 3167/3931/2880 3170/3932/2881 3165/3936/2879
f 3166/3933/2877 3168/3929/2882 3167/3930/2880 3164/3934/2878
f 3168/3929/2882 3193/3925/2883 3169/3926/2884 3167/3930/2880
f 3167/3931/2880 3169/3927/2884 3171/3928/2885 3170/3932/2881
f 3175/3937/2886 3172/3938/2887 3170/3932/2881 3171/3928/2885
f 3172/3938/2887 3174/3939/2888 3165/3936/2879 3170/3932/2881
f 3173/3940/2889 4143/3941/2890 3174/3939/2888 3172/3938/2887
f 3176/3942/2891 3173/3940/2889 3172/3938/2887 3175/3937/2886
f 3177/3943/2892 3175/3937/2886 3171/3928/2885 3179/3922/2893
f 3178/3944/2894 3176/3942/2891 3175/3937/2886 3177/3943/2892
f 3181/3910/2895 3178/3944/2894 3177/3943/2892 3180/3909/2896
f 3180/3909/2896 3177/3943/2892 3179/3922/2893 3182/3911/2897
f 3012/3880/2711 3181/3910/2895 3180/3909/2896 3183/3881/2712
f 3183/3881/2712 3180/3909/2896 3182/3911/2897 3184/3908/2898
f 3014/3882/2713 3183/3881/2712 3184/3908/2898 3185/3907/2899
f 3186/3912/2900 3188/3913/2901 3185/3907/2899 3184/3908/2898
f 3189/3914/2902 3186/3912/2900 3184/3908/2898 3182/3911/2897
f 3187/3915/2903 3202/3918/2904 3188/3917/2901 3186/3916/2900
f 3190/3919/2905 3187/3915/2903 3186/3916/2900 3189/3920/2902
f 3191/3921/2906 3189/3914/2902 3182/3911/2897 3179/3922/2893
f 3192/3923/2907 3190/3919/2905 3189/3920/2902 3191/3924/2906
f 3193/3925/2883 3192/3923/2907 3191/3924/2906 3169/3926/2884
f 3169/3927/2884 3191/3921/2906 3179/3922/2893 3171/3928/2885
f 3192/3923/2907 3193/3925/2883 3195/3945/2908 3194/3946/2909
f 3190/3919/2905 3192/3923/2907 3194/3946/2909 3197/3947/2910
f 3194/3946/2909 3195/3945/2908 4007/3948/2911 3196/3949/2912
f 3197/3947/2910 3194/3946/2909 3196/3949/2912 3198/3950/2913
f 3187/3915/2903 3190/3919/2905 3197/3947/2910 3199/3951/2914
f 3199/3951/2914 3197/3947/2910 3198/3950/2913 3200/3952/2915
f 3202/3918/2904 3187/3915/2903 3199/3951/2914 3201/3953/2916
f 3201/3953/2916 3199/3951/2914 3200/3952/2915 3203/3954/2917
f 3202/3918/2904 3201/3953/2916 3204/3955/2918 3207/3956/2919
f 3201/3953/2916 3203/3954/2917 3205/3957/2920 3204/3955/2918
f 3204/3955/2918 3205/3957/2920 3412/3958/2921 3206/3959/2922
f 3207/3956/2919 3204/3955/2918 3206/3959/2922 3208/3960/2923
f 3202/3918/2904 3207/3956/2919 3209/3961/2924 3188/3917/2901
f 3207/3956/2919 3208/3960/2923 3210/3962/2925 3209/3961/2924
f 3209/3963/2924 3210/3964/2925 3212/3906/2926 3211/3905/2927
f 3188/3913/2901 3209/3963/2924 3211/3905/2927 3185/3907/2899
f 3211/3905/2927 3212/3906/2926 3214/3889/2720 3017/3886/2717
f 3185/3907/2899 3211/3905/2927 3017/3886/2717 3014/3882/2713
f 3210/3964/2925 3419/3965/2928 3213/3966/2929 3212/3906/2926
f 3214/3889/2720 3212/3906/2926 3213/3966/2929 3215/3967/2930
f 3016/3887/2718 3214/3889/2720 3215/3967/2930 3217/3968/2931
f 3215/3967/2930 3213/3966/2929 3421/3969/2932 3216/3970/2933
f 3217/3968/2931 3215/3967/2930 3216/3970/2933 3218/3971/2934
f 3219/3972/2935 3221/3973/2936 3016/3887/2718 3217/3968/2931
f 3222/3974/2937 3219/3972/2935 3217/3968/2931 3218/3971/2934
f 3220/3975/2938 3268/3976/2939 3221/3977/2936 3219/3978/2935
f 3223/3979/2940 3220/3975/2938 3219/3978/2935 3222/3980/2937
f 3222/3980/2937 3224/3981/2941 3227/3982/2942 3223/3979/2940
f 3218/3971/2934 3225/3983/2943 3224/3984/2941 3222/3974/2937
f 3225/3983/2943 3429/3985/2944 3226/3986/2945 3224/3984/2941
f 3224/3981/2941 3226/3987/2945 3228/3988/2946 3227/3982/2942
f 3232/3989/2947 3229/3990/2948 3227/3982/2942 3228/3988/2946
f 3229/3990/2948 3231/3991/2949 3223/3979/2940 3227/3982/2942
f 3230/3992/2950 3259/3993/2951 3231/3991/2949 3229/3990/2948
f 3233/3994/2952 3230/3992/2950 3229/3990/2948 3232/3989/2947
f 3237/3995/2953 3234/3996/2954 3232/3989/2947 3228/3988/2946
f 3234/3996/2954 3236/3997/2955 3233/3994/2952 3232/3989/2947
f 3235/3998/2956 3250/3999/2957 3236/3997/2955 3234/3996/2954
f 3238/4000/2958 3235/3998/2956 3234/3996/2954 3237/3995/2953
f 3238/4000/2958 3237/3995/2953 3239/4001/2959 3241/4002/2960
f 3237/3995/2953 3228/3988/2946 3226/3987/2945 3239/4001/2959
f 3239/4003/2959 3226/3986/2945 3429/3985/2944 3240/4004/2961
f 3241/4005/2960 3239/4003/2959 3240/4004/2961 3242/4006/2962
f 3238/4000/2958 3241/4002/2960 3243/4007/2963 3245/4008/2964
f 3242/4006/2962 3244/4009/2965 3243/4010/2963 3241/4005/2960
f 3246/4011/2966 3245/4012/2964 3243/4013/2963 3244/4014/2965
f 3246/4011/2966 3248/4015/2967 3247/4016/2968 3245/4012/2964
f 3245/4008/2964 3247/4017/2968 3235/3998/2956 3238/4000/2958
f 3248/4015/2967 3251/4018/2969 3249/4019/2970 3247/4016/2968
f 3247/4017/2968 3249/4020/2970 3250/3999/2957 3235/3998/2956
f 3249/4020/2970 3252/4021/2971 3236/3997/2955 3250/3999/2957
f 3251/4018/2969 3253/4022/2972 3252/4023/2971 3249/4019/2970
f 3253/4024/2972 3255/4025/2973 3254/4026/2974 3252/4027/2971
f 3252/4021/2971 3254/4028/2974 3233/3994/2952 3236/3997/2955
f 3254/4028/2974 3256/4029/2975 3230/3992/2950 3233/3994/2952
f 3255/4025/2973 3257/4030/2976 3256/4031/2975 3254/4026/2974
f 3257/4030/2976 3260/4032/2977 3258/4033/2978 3256/4031/2975
f 3256/4029/2975 3258/4034/2978 3259/3993/2951 3230/3992/2950
f 3258/4034/2978 3261/4035/2979 3264/4036/2980 3259/3993/2951
f 3260/4032/2977 3262/4037/2981 3261/4038/2979 3258/4033/2978
f 3262/4037/2981 3405/4039/2982 3263/4040/2983 3261/4038/2979
f 3261/4035/2979 3263/4041/2983 3265/4042/2984 3264/4036/2980
f 3267/4043/2985 3266/4044/2986 3264/4036/2980 3265/4042/2984
f 3266/4044/2986 3231/3991/2949 3259/3993/2951 3264/4036/2980
f 3220/3975/2938 3223/3979/2940 3231/3991/2949 3266/4044/2986
f 3268/3976/2939 3220/3975/2938 3266/4044/2986 3267/4043/2985
f 3268/3976/2939 3267/4043/2985 3269/4045/2987 3272/4046/2988
f 3267/4043/2985 3265/4042/2984 3270/4047/2989 3269/4045/2987
f 3269/4048/2987 3270/4049/2989 3402/4050/2990 3271/4051/2991
f 3272/4052/2988 3269/4048/2987 3271/4051/2991 3273/4053/2992
f 3268/3976/2939 3272/4046/2988 3274/4054/2993 3221/3977/2936
f 3273/4053/2992 3275/4055/2994 3274/4056/2993 3272/4052/2988
f 3275/4055/2994 3016/4057/2718 3274/4056/2993
f 3016/4058/2718 3221/3977/2936 3274/4054/2993
f 3276/4059/2995 3275/4055/2994 3273/4053/2992 3277/4060/2996
f 3019/4061/2719 3016/4057/2718 3275/4055/2994 3276/4059/2995
f 3021/3890/2721 3019/3888/2719 3276/4062/2995 3278/4063/2997
f 3278/4064/2997 3276/4059/2995 3277/4060/2996 3279/4065/2998
f 3280/4066/2999 3278/4064/2997 3279/4065/2998 3281/4067/3000
f 3024/3893/2724 3021/3890/2721 3278/4063/2997 3280/4068/2999
f 3283/3896/2727 3024/3893/2724 3280/4068/2999 3282/4069/3001
f 3282/4070/3001 3280/4066/2999 3281/4067/3000 3284/4071/3002
f 3031/3903/2734 3283/3896/2727 3282/4069/3001 3285/4072/3003
f 3285/4073/3003 3282/4070/3001 3284/4071/3002 3286/4074/3004
f 3033/3904/2735 3031/3903/2734 3285/4072/3003 3287/4075/3005
f 3287/4076/3005 3285/4073/3003 3286/4074/3004 3288/4077/3006
f 3287/4076/3005 3288/4077/3006 3291/4074/3007 3289/4073/3008
f 3033/3904/2735 3287/4075/3005 3289/4072/3008 3035/3903/2736
f 3035/3903/2736 3289/4072/3008 3290/4069/3009 3039/3896/2739
f 3289/4073/3008 3291/4074/3007 3292/4071/3010 3290/4070/3009
f 3296/4078/3011 3292/4071/3010 3291/4074/3007 3293/4079/3012
f 3293/4079/3012 3291/4074/3007 3288/4077/3006 3295/4080/3013
f 3294/4081/3014 3293/4079/3012 3295/4080/3013 3384/4082/3015
f 3297/4083/3016 3296/4078/3011 3293/4079/3012 3294/4081/3014
f 3298/4084/3017 3300/4067/3018 3292/4071/3010 3296/4078/3011
f 3299/4085/3019 3298/4084/3017 3296/4078/3011 3297/4083/3016
f 3302/4086/3020 3301/4087/3021 3298/4084/3017 3299/4085/3019
f 3301/4087/3021 3303/4065/3022 3300/4067/3018 3298/4084/3017
f 3305/4088/3023 3304/4089/3024 3301/4087/3021 3302/4086/3020
f 3304/4089/3024 3306/4060/3025 3303/4065/3022 3301/4087/3021
f 3308/4050/3026 3307/4051/3027 3304/4089/3024 3305/4088/3023
f 3307/4051/3027 3309/4053/3028 3306/4060/3025 3304/4089/3024
f 3310/4048/3029 3307/4051/3027 3308/4050/3026 3312/4049/3030
f 3313/4052/3031 3309/4053/3028 3307/4051/3027 3310/4048/3029
f 3311/4043/3032 3310/4045/3029 3312/4047/3030 3365/4042/3033
f 3314/3976/3034 3313/4046/3031 3310/4045/3029 3311/4043/3032
f 3314/3976/3034 3317/3977/3035 3315/4054/3036 3313/4046/3031
f 3309/4053/3028 3313/4052/3031 3315/4056/3036 3316/4055/3037
f 3316/4055/3037 3315/4056/3036 3050/4057/2751
f 3050/4058/2751 3315/4054/3036 3317/3977/3035
f 3318/3972/3038 3320/3968/3039 3050/3887/2751 3317/3973/3035
f 3319/3975/3040 3318/3978/3038 3317/3977/3035 3314/3976/3034
f 3322/3979/3041 3321/3980/3042 3318/3978/3038 3319/3975/3040
f 3321/3974/3042 3323/3971/3043 3320/3968/3039 3318/3972/3038
f 3321/3980/3042 3322/3979/3041 3327/3982/3044 3324/3981/3045
f 3323/3971/3043 3321/3974/3042 3324/3984/3045 3325/3983/3046
f 3325/3983/3046 3324/3984/3045 3326/3986/3047 3654/3985/3048
f 3324/3981/3045 3327/3982/3044 3328/3988/3049 3326/3987/3047
f 3332/3989/3050 3328/3988/3049 3327/3982/3044 3329/3990/3051
f 3329/3990/3051 3327/3982/3044 3322/3979/3041 3331/3991/3052
f 3330/3992/3053 3329/3990/3051 3331/3991/3052 3359/3993/3054
f 3333/3994/3055 3332/3989/3050 3329/3990/3051 3330/3992/3053
f 3337/3995/3056 3328/3988/3049 3332/3989/3050 3334/3996/3057
f 3334/3996/3057 3332/3989/3050 3333/3994/3055 3336/3997/3058
f 3335/3998/3059 3334/3996/3057 3336/3997/3058 3350/3999/3060
f 3338/4000/3061 3337/3995/3056 3334/3996/3057 3335/3998/3059
f 3338/4000/3061 3341/4002/3062 3339/4001/3063 3337/3995/3056
f 3337/3995/3056 3339/4001/3063 3326/3987/3047 3328/3988/3049
f 3339/4003/3063 3340/4004/3064 3654/3985/3048 3326/3986/3047
f 3341/4005/3062 3342/4006/3065 3340/4004/3064 3339/4003/3063
f 3338/4000/3061 3345/4008/3066 3343/4007/3067 3341/4002/3062
f 3342/4006/3065 3341/4005/3062 3343/4010/3067 3344/4009/3068
f 3346/4011/2966 3344/4014/3068 3343/4013/3067 3345/4012/3066
f 3346/4011/2966 3345/4012/3066 3347/4016/3069 3348/4015/3070
f 3345/4008/3066 3338/4000/3061 3335/3998/3059 3347/4017/3069
f 3348/4015/3070 3347/4016/3069 3349/4019/3071 3351/4018/3072
f 3347/4017/3069 3335/3998/3059 3350/3999/3060 3349/4020/3071
f 3349/4020/3071 3350/3999/3060 3336/3997/3058 3352/4021/3073
f 3351/4018/3072 3349/4019/3071 3352/4023/3073 3353/4022/3074
f 3353/4024/3074 3352/4027/3073 3354/4026/3075 3355/4025/3076
f 3352/4021/3073 3336/3997/3058 3333/3994/3055 3354/4028/3075
f 3354/4028/3075 3333/3994/3055 3330/3992/3053 3356/4029/3077
f 3355/4025/3076 3354/4026/3075 3356/4031/3077 3357/4030/3078
f 3357/4030/3078 3356/4031/3077 3358/4033/3079 3360/4032/3080
f 3356/4029/3077 3330/3992/3053 3359/3993/3054 3358/4034/3079
f 3358/4034/3079 3359/3993/3054 3364/4036/3081 3361/4035/3082
f 3360/4032/3080 3358/4033/3079 3361/4038/3082 3362/4037/3083
f 3362/4037/3083 3361/4038/3082 3363/4040/3084 3367/4039/3085
f 3361/4035/3082 3364/4036/3081 3365/4042/3033 3363/4041/3084
f 3311/4043/3032 3365/4042/3033 3364/4036/3081 3366/4044/3086
f 3366/4044/3086 3364/4036/3081 3359/3993/3054 3331/3991/3052
f 3319/3975/3040 3366/4044/3086 3331/3991/3052 3322/3979/3041
f 3314/3976/3034 3311/4043/3032 3366/4044/3086 3319/3975/3040
f 3365/4042/3033 3312/4047/3030 3368/4090/3087 3363/4041/3084
f 3363/4040/3084 3368/4091/3087 3369/4092/3088 3367/4039/3085
f 3368/4091/3087 3370/4093/3089 3371/4094/3090 3369/4092/3088
f 3312/4049/3030 3308/4050/3026 3370/4095/3089 3368/4096/3087
f 3371/4094/3090 3370/4093/3089 3372/4097/3091 3373/4098/3092
f 3370/4095/3089 3308/4050/3026 3305/4088/3023 3372/4099/3091
f 3373/4098/3092 3372/4097/3091 3374/4100/3093 3375/4101/3094
f 3372/4099/3091 3305/4088/3023 3302/4086/3020 3374/4102/3093
f 3374/4102/3093 3302/4086/3020 3299/4085/3019 3376/4103/3095
f 3375/4101/3094 3374/4100/3093 3376/4104/3095 3377/4105/3096
f 3377/4105/3096 3376/4104/3095 3378/4106/3097 3379/4107/3098
f 3376/4103/3095 3299/4085/3019 3297/4083/3016 3378/4108/3097
f 3378/4108/3097 3297/4083/3016 3294/4081/3014 3380/4109/3099
f 3379/4107/3098 3378/4106/3097 3380/4110/3099 3381/4111/3100
f 3381/4111/3100 3380/4110/3099 3382/4112/3101 3383/4113/3102
f 3380/4109/3099 3294/4081/3014 3384/4082/3015 3382/4114/3101
f 3386/4111/3103 3383/4113/3102 3382/4112/3101 3385/4110/3104
f 3385/4109/3104 3382/4114/3101 3384/4082/3015 3387/4081/3105
f 3390/4107/3106 3386/4111/3103 3385/4110/3104 3388/4106/3107
f 3388/4108/3107 3385/4109/3104 3387/4081/3105 3389/4083/3108
f 3391/4103/3109 3388/4108/3107 3389/4083/3108 3393/4085/3110
f 3392/4105/3111 3390/4107/3106 3388/4106/3107 3391/4104/3109
f 3396/4101/3112 3392/4105/3111 3391/4104/3109 3394/4100/3113
f 3394/4102/3113 3391/4103/3109 3393/4085/3110 3395/4086/3114
f 3397/4099/3115 3394/4102/3113 3395/4086/3114 3399/4088/3116
f 3398/4098/3117 3396/4101/3112 3394/4100/3113 3397/4097/3115
f 3401/4094/3118 3398/4098/3117 3397/4097/3115 3400/4093/3119
f 3400/4095/3119 3397/4099/3115 3399/4088/3116 3402/4050/2990
f 3403/4091/3120 3404/4092/3121 3401/4094/3118 3400/4093/3119
f 3270/4049/2989 3403/4096/3120 3400/4095/3119 3402/4050/2990
f 3263/4040/2983 3405/4039/2982 3404/4092/3121 3403/4091/3120
f 3265/4042/2984 3263/4041/2983 3403/4090/3120 3270/4047/2989
f 3405/4039/2982 3262/4037/2981 3407/4115/3122 3406/4116/3123
f 3406/4116/3123 3407/4115/3122 3409/4117/3124 3408/4118/3125
f 3408/4118/3125 3409/4117/3124 3411/4119/3126 3410/4120/3127
f 3410/4121/3127 3411/4122/3126 3413/4123/3128 3412/3958/2921
f 3412/3958/2921 3413/4123/3128 3415/4124/3129 3206/3959/2922
f 3411/4122/3126 3456/4125/3130 3414/4126/3131 3413/4123/3128
f 3413/4123/3128 3414/4126/3131 3416/4127/3132 3415/4124/3129
f 3415/4124/3129 3416/4127/3132 3418/4128/3133 3417/4129/3134
f 3206/3959/2922 3415/4124/3129 3417/4129/3134 3208/3960/2923
f 3208/3960/2923 3417/4129/3134 3419/4130/2928 3210/3962/2925
f 3417/4129/3134 3418/4128/3133 3420/4131/3135 3419/4130/2928
f 3419/3965/2928 3420/4132/3135 3421/3969/2932 3213/3966/2929
f 3418/4128/3133 3423/4133/3136 3422/4134/3137 3420/4131/3135
f 3420/4132/3135 3422/4135/3137 3425/4136/3138 3421/3969/2932
f 3423/4133/3136 3463/4137/3139 3424/4138/3140 3422/4134/3137
f 3422/4135/3137 3424/4139/3140 3426/4140/3141 3425/4136/3138
f 3426/4140/3141 3428/4141/3142 3427/4142/3143 3425/4136/3138
f 3425/4136/3138 3427/4142/3143 3216/3970/2933 3421/3969/2932
f 3428/4141/3142 3429/3985/2944 3225/3983/2943 3427/4142/3143
f 3427/4142/3143 3225/3983/2943 3218/3971/2934 3216/3970/2933
f 3432/4143/3144 3430/4144/3145 3428/4141/3142 3426/4140/3141
f 3430/4144/3145 3240/4004/2961 3429/3985/2944 3428/4141/3142
f 3431/4145/3146 3242/4006/2962 3240/4004/2961 3430/4144/3145
f 3433/4146/3147 3431/4145/3146 3430/4144/3145 3432/4143/3144
f 3433/4147/3147 3432/4148/3144 3434/4149/3148 3436/4150/3149
f 3432/4143/3144 3426/4140/3141 3424/4139/3140 3434/4151/3148
f 3434/4152/3148 3424/4138/3140 3463/4137/3139 3435/4153/3150
f 3436/4154/3149 3434/4152/3148 3435/4153/3150 3437/4155/3151
f 3433/4146/3147 3436/4156/3149 3438/4157/3152 3440/4158/3153
f 3437/4155/3151 3439/4159/3154 3438/4160/3152 3436/4154/3149
f 3441/4161/3155 3440/4162/3153 3438/4163/3152 3439/4164/3154
f 3441/4161/3155 3443/4165/3156 3442/4166/3157 3440/4162/3153
f 3440/4158/3153 3442/4167/3157 3431/4145/3146 3433/4146/3147
f 3443/4165/3156 3246/4011/2966 3244/4014/2965 3442/4166/3157
f 3442/4167/3157 3244/4009/2965 3242/4006/2962 3431/4145/3146
f 3444/4168/3158 3443/4165/3156 3441/4161/3155 3445/4169/3159
f 3248/4015/2967 3246/4011/2966 3443/4165/3156 3444/4168/3158
f 3251/4018/2969 3248/4015/2967 3444/4168/3158 3446/4170/3160
f 3446/4170/3160 3444/4168/3158 3445/4169/3159 3447/4171/3161
f 3253/4022/2972 3251/4018/2969 3446/4170/3160 3448/4172/3162
f 3448/4172/3162 3446/4170/3160 3447/4171/3161 3449/4173/3163
f 3255/4025/2973 3253/4024/2972 3448/4174/3162 3450/4175/3164
f 3450/4175/3164 3448/4174/3162 3449/4176/3163 3451/4177/3165
f 3257/4030/2976 3255/4025/2973 3450/4175/3164 3452/4178/3166
f 3452/4178/3166 3450/4175/3164 3451/4177/3165 3453/4179/3167
f 3260/4032/2977 3257/4030/2976 3452/4178/3166 3454/4180/3168
f 3454/4180/3168 3452/4178/3166 3453/4179/3167 3455/4181/3169
f 3262/4037/2981 3260/4032/2977 3454/4180/3168 3407/4115/3122
f 3407/4115/3122 3454/4180/3168 3455/4181/3169 3409/4117/3124
f 3409/4117/3124 3455/4181/3169 3456/4182/3130 3411/4119/3126
f 3455/4181/3169 3453/4179/3167 3457/4183/3170 3456/4182/3130
f 3456/4125/3130 3457/4184/3170 3459/4185/3171 3414/4126/3131
f 3453/4179/3167 3451/4177/3165 3458/4186/3172 3457/4183/3170
f 3457/4184/3170 3458/4187/3172 3460/4188/3173 3459/4185/3171
f 3460/4188/3173 3462/4189/3174 3461/4190/3175 3459/4185/3171
f 3459/4185/3171 3461/4190/3175 3416/4127/3132 3414/4126/3131
f 3462/4189/3174 3463/4137/3139 3423/4133/3136 3461/4190/3175
f 3461/4190/3175 3423/4133/3136 3418/4128/3133 3416/4127/3132
f 3460/4188/3173 3465/4191/3176 3464/4192/3177 3462/4189/3174
f 3462/4189/3174 3464/4192/3177 3435/4153/3150 3463/4137/3139
f 3465/4191/3176 3467/4193/3178 3466/4194/3179 3464/4192/3177
f 3464/4192/3177 3466/4194/3179 3437/4155/3151 3435/4153/3150
f 3468/4195/3180 3439/4159/3154 3437/4155/3151 3466/4194/3179
f 3469/4196/3181 3468/4195/3180 3466/4194/3179 3467/4193/3178
f 3445/4169/3159 3441/4161/3155 3439/4164/3154 3468/4197/3180
f 3447/4171/3161 3445/4169/3159 3468/4197/3180 3469/4198/3181
f 3449/4173/3163 3447/4171/3161 3469/4198/3181 3470/4199/3182
f 3470/4200/3182 3469/4196/3181 3467/4193/3178 3465/4191/3176
f 3451/4177/3165 3449/4176/3163 3470/4201/3182 3458/4186/3172
f 3458/4187/3172 3470/4200/3182 3465/4191/3176 3460/4188/3173
f 3402/4050/2990 3399/4088/3116 4135/4089/3183 3271/4051/2991
f 3401/4094/3118 3471/4202/3184 3473/4203/3185 3398/4098/3117
f 3472/4204/3186 3474/4205/3187 3473/4203/3185 3471/4202/3184
f 4024/4206/3188 3475/4207/3189 3473/4203/3185 3474/4205/3187
f 3477/4208/3190 3476/4209/3191 3473/4203/3185 3475/4207/3189
f 3396/4101/3112 3398/4098/3117 3473/4203/3185 3476/4209/3191
f 3477/4208/3190 3479/4210/3192 3478/4211/3193 3476/4209/3191
f 3476/4209/3191 3478/4211/3193 3392/4105/3111 3396/4101/3112
f 3479/4210/3192 3481/4212/3194 3480/4213/3195 3478/4211/3193
f 3478/4211/3193 3480/4213/3195 3390/4107/3106 3392/4105/3111
f 3480/4213/3195 3482/4214/3196 3386/4111/3103 3390/4107/3106
f 3481/4212/3194 3483/4215/3197 3482/4214/3196 3480/4213/3195
f 3483/4215/3197 3485/4216/3198 3484/4217/3199 3482/4214/3196
f 3482/4214/3196 3484/4217/3199 3383/4113/3102 3386/4111/3103
f 3486/4214/3200 3381/4111/3100 3383/4113/3102 3484/4217/3199
f 3487/4215/3201 3486/4214/3200 3484/4217/3199 3485/4216/3198
f 3489/4212/3202 3488/4213/3203 3486/4214/3200 3487/4215/3201
f 3488/4213/3203 3379/4107/3098 3381/4111/3100 3486/4214/3200
f 3490/4211/3204 3377/4105/3096 3379/4107/3098 3488/4213/3203
f 3491/4210/3205 3490/4211/3204 3488/4213/3203 3489/4212/3202
f 3493/4208/3206 3492/4209/3207 3490/4211/3204 3491/4210/3205
f 3492/4209/3207 3375/4101/3094 3377/4105/3096 3490/4211/3204
f 3493/4208/3206 3496/4207/3208 3494/4203/3209 3492/4209/3207
f 3375/4101/3094 3492/4209/3207 3494/4203/3209 3373/4098/3092
f 3505/4206/3210 3495/4205/3211 3494/4203/3209 3496/4207/3208
f 3498/4204/3212 3497/4202/3213 3494/4203/3209 3495/4205/3211
f 3371/4094/3090 3373/4098/3092 3494/4203/3209 3497/4202/3213
f 3498/4204/3212 3495/4205/3211 3501/4218/3214 3499/4219/3215
f 3499/4219/3215 3501/4218/3214 3502/4220/3216 3500/4221/3217
f 3501/4218/3214 3503/4222/3218 3504/4223/3219 3502/4220/3216
f 3495/4205/3211 3505/4206/3210 3503/4222/3218 3501/4218/3214
f 3504/4223/3219 3506/4224/3220 3508/4225/3221 3502/4220/3216
f 3507/4226/3222 3510/4227/3223 3508/4225/3221 3506/4224/3220
f 3519/4228/3224 3509/4229/3225 3508/4225/3221 3510/4227/3223
f 3512/4230/3226 3511/4231/3227 3508/4225/3221 3509/4229/3225
f 3500/4221/3217 3502/4220/3216 3508/4225/3221 3511/4231/3227
f 3513/4232/3228 3512/4230/3226 3509/4229/3225 3515/4233/3229
f 3514/3954/3230 3513/4234/3228 3515/4235/3229 3516/3952/3231
f 3516/3952/3231 3515/4235/3229 3517/4236/3232 3518/3950/3233
f 3515/4233/3229 3509/4229/3225 3519/4228/3224 3517/4237/3232
f 3518/3950/3233 3517/4236/3232 3520/4238/3234 3521/3949/3235
f 3517/4237/3232 3519/4228/3224 3523/4239/3236 3520/4240/3234
f 3521/3949/3235 3520/4238/3234 3522/4241/3237 3570/3948/3238
f 3520/4240/3234 3523/4239/3236 3524/4242/3239 3522/4243/3237
f 3523/4239/3236 3525/4244/3240 3526/4245/3241 3524/4242/3239
f 3519/4228/3224 3510/4227/3223 3525/4244/3240 3523/4239/3236
f 3525/4244/3240 3527/4246/3242 3528/4247/3243 3526/4245/3241
f 3510/4227/3223 3507/4226/3222 3527/4246/3242 3525/4244/3240
f 3526/4245/3241 3528/4247/3243 3529/4248/3244 3531/4249/3245
f 3531/4249/3245 3529/4248/3244 3530/4250/3246 3533/4251/3247
f 3532/4252/3248 3531/4249/3245 3533/4251/3247 3534/4253/3249
f 3524/4242/3239 3526/4245/3241 3531/4249/3245 3532/4252/3248
f 3536/4252/3250 3534/4253/3249 3533/4251/3247 3535/4249/3251
f 3535/4249/3251 3533/4251/3247 3530/4250/3246 3537/4248/3252
f 3540/4242/3253 3536/4252/3250 3535/4249/3251 3538/4245/3254
f 3538/4245/3254 3535/4249/3251 3537/4248/3252 3539/4247/3255
f 3541/4244/3256 3538/4245/3254 3539/4247/3255 3543/4246/3257
f 3542/4239/3258 3540/4242/3253 3538/4245/3254 3541/4244/3256
f 3545/4228/3259 3542/4239/3258 3541/4244/3256 3544/4227/3260
f 3544/4227/3260 3541/4244/3256 3543/4246/3257 3546/4226/3261
f 3545/4228/3259 3544/4227/3260 3547/4225/3262 3548/4229/3263
f 3546/4226/3261 3549/4224/3264 3547/4225/3262 3544/4227/3260
f 3553/4230/3265 3548/4229/3263 3547/4225/3262 3551/4231/3266
f 4124/4223/3267 3550/4220/3268 3547/4225/3262 3549/4224/3264
f 3552/4221/3269 3551/4231/3266 3547/4225/3262 3550/4220/3268
f 3554/4232/3270 3556/4233/3271 3548/4229/3263 3553/4230/3265
f 3555/3954/3272 3557/3952/3273 3556/4235/3271 3554/4234/3270
f 3557/3952/3273 3559/3950/3274 3558/4236/3275 3556/4235/3271
f 3556/4233/3271 3558/4237/3275 3545/4228/3259 3548/4229/3263
f 3559/3950/3274 3561/3949/3276 3560/4238/3277 3558/4236/3275
f 3558/4237/3275 3560/4240/3277 3542/4239/3258 3545/4228/3259
f 3561/3949/3276 3563/3948/3278 3562/4241/3279 3560/4238/3277
f 3560/4240/3277 3562/4243/3279 3540/4242/3253 3542/4239/3258
f 3562/4243/3279 3564/4254/3280 3536/4252/3250 3540/4242/3253
f 3563/3948/3278 3565/4255/3281 3564/4256/3280 3562/4241/3279
f 3565/4255/3281 3567/4257/3282 3566/4258/3283 3564/4256/3280
f 3564/4254/3280 3566/4259/3283 3534/4253/3249 3536/4252/3250
f 3569/4255/3284 3568/4256/3285 3566/4258/3283 3567/4257/3282
f 3568/4254/3285 3532/4252/3248 3534/4253/3249 3566/4259/3283
f 3570/3948/3238 3522/4241/3237 3568/4256/3285 3569/4255/3284
f 3522/4243/3237 3524/4242/3239 3532/4252/3248 3568/4254/3285
f 3573/3945/3286 3570/3948/3238 3569/4255/3284 3571/4260/3287
f 3571/4260/3287 3569/4255/3284 3567/4257/3282 3572/4261/3288
f 3074/3929/2778 3571/4260/3287 3572/4261/3288 3078/3933/2781
f 3071/3925/2775 3573/3945/3286 3571/4260/3287 3074/3929/2778
f 3574/3946/3289 3521/3949/3235 3570/3948/3238 3573/3945/3286
f 3068/3923/2774 3574/3946/3289 3573/3945/3286 3071/3925/2775
f 3066/3919/2771 3575/3947/3290 3574/3946/3289 3068/3923/2774
f 3575/3947/3290 3518/3950/3233 3521/3949/3235 3574/3946/3289
f 3063/3915/2769 3576/3951/3291 3575/3947/3290 3066/3919/2771
f 3576/3951/3291 3516/3952/3231 3518/3950/3233 3575/3947/3290
f 3578/3918/2770 3577/3953/3292 3576/3951/3291 3063/3915/2769
f 3577/3953/3292 3514/3954/3230 3516/3952/3231 3576/3951/3291
f 3578/3918/2770 3582/3956/3293 3579/3955/3294 3577/3953/3292
f 3577/3953/3292 3579/3955/3294 3580/3957/3295 3514/3954/3230
f 3579/3955/3294 3581/3959/3296 3634/3958/3297 3580/3957/3295
f 3582/3956/3293 3583/3960/3298 3581/3959/3296 3579/3955/3294
f 3578/3918/2770 3064/3917/2767 3584/3961/3299 3582/3956/3293
f 3582/3956/3293 3584/3961/3299 3585/3962/3300 3583/3960/3298
f 3584/3963/3299 3053/3905/2757 3586/3906/2758 3585/3964/3300
f 3064/3913/2767 3056/3907/2759 3053/3905/2757 3584/3963/3299
f 3585/3964/3300 3586/3906/2758 3590/3966/3301 3587/3965/3302
f 3583/3960/3298 3585/3962/3300 3587/4130/3302 3588/4129/3303
f 3588/4129/3303 3587/4130/3302 3589/4131/3304 3639/4128/3305
f 3587/3965/3302 3590/3966/3301 3591/3969/3306 3589/4132/3304
f 3592/3967/3307 3593/3970/3308 3591/3969/3306 3590/3966/3301
f 3054/3889/2755 3592/3967/3307 3590/3966/3301 3586/3906/2758
f 3050/3887/2751 3320/3968/3039 3592/3967/3307 3054/3889/2755
f 3320/3968/3039 3323/3971/3043 3593/3970/3308 3592/3967/3307
f 3596/4136/3309 3591/3969/3306 3593/3970/3308 3594/4142/3310
f 3594/4142/3310 3593/3970/3308 3323/3971/3043 3325/3983/3046
f 3595/4141/3311 3594/4142/3310 3325/3983/3046 3654/3985/3048
f 3597/4140/3312 3596/4136/3309 3594/4142/3310 3595/4141/3311
f 3598/4135/3313 3596/4136/3309 3597/4140/3312 3600/4139/3314
f 3589/4132/3304 3591/3969/3306 3596/4136/3309 3598/4135/3313
f 3599/4133/3315 3598/4134/3313 3600/4138/3314 3601/4137/3316
f 3639/4128/3305 3589/4131/3304 3598/4134/3313 3599/4133/3315
f 3602/4152/3317 3604/4153/3318 3601/4137/3316 3600/4138/3314
f 3603/4143/3319 3602/4151/3317 3600/4139/3314 3597/4140/3312
f 3606/4147/3320 3605/4150/3321 3602/4149/3317 3603/4148/3319
f 3605/4154/3321 3607/4155/3322 3604/4153/3318 3602/4152/3317
f 3606/4146/3320 3610/4158/3323 3608/4157/3324 3605/4156/3321
f 3607/4155/3322 3605/4154/3321 3608/4160/3324 3609/4159/3325
f 3611/4161/3326 3609/4164/3325 3608/4163/3324 3610/4162/3323
f 3611/4161/3326 3610/4162/3323 3612/4166/3327 3613/4165/3328
f 3610/4158/3323 3606/4146/3320 3614/4145/3329 3612/4167/3327
f 3613/4165/3328 3612/4166/3327 3344/4014/3068 3346/4011/2966
f 3612/4167/3327 3614/4145/3329 3342/4006/3065 3344/4009/3068
f 3614/4145/3329 3615/4144/3330 3340/4004/3064 3342/4006/3065
f 3606/4146/3320 3603/4143/3319 3615/4144/3330 3614/4145/3329
f 3615/4144/3330 3595/4141/3311 3654/3985/3048 3340/4004/3064
f 3603/4143/3319 3597/4140/3312 3595/4141/3311 3615/4144/3330
f 3616/4168/3331 3617/4169/3332 3611/4161/3326 3613/4165/3328
f 3348/4015/3070 3616/4168/3331 3613/4165/3328 3346/4011/2966
f 3351/4018/3072 3618/4170/3333 3616/4168/3331 3348/4015/3070
f 3618/4170/3333 3619/4171/3334 3617/4169/3332 3616/4168/3331
f 3353/4022/3074 3620/4172/3335 3618/4170/3333 3351/4018/3072
f 3620/4172/3335 3621/4173/3336 3619/4171/3334 3618/4170/3333
f 3355/4025/3076 3622/4175/3337 3620/4174/3335 3353/4024/3074
f 3622/4175/3337 3623/4177/3338 3621/4176/3336 3620/4174/3335
f 3357/4030/3078 3624/4178/3339 3622/4175/3337 3355/4025/3076
f 3624/4178/3339 3625/4179/3340 3623/4177/3338 3622/4175/3337
f 3360/4032/3080 3626/4180/3341 3624/4178/3339 3357/4030/3078
f 3626/4180/3341 3627/4181/3342 3625/4179/3340 3624/4178/3339
f 3362/4037/3083 3628/4115/3343 3626/4180/3341 3360/4032/3080
f 3628/4115/3343 3629/4117/3344 3627/4181/3342 3626/4180/3341
f 3367/4039/3085 3630/4116/3345 3628/4115/3343 3362/4037/3083
f 3630/4116/3345 3631/4118/3346 3629/4117/3344 3628/4115/3343
f 3631/4118/3346 3632/4120/3347 3633/4119/3348 3629/4117/3344
f 3632/4121/3347 3634/3958/3297 3635/4123/3349 3633/4122/3348
f 3634/3958/3297 3581/3959/3296 3637/4124/3350 3635/4123/3349
f 3633/4122/3348 3635/4123/3349 3636/4126/3351 3646/4125/3352
f 3635/4123/3349 3637/4124/3350 3638/4127/3353 3636/4126/3351
f 3637/4124/3350 3588/4129/3303 3639/4128/3305 3638/4127/3353
f 3581/3959/3296 3583/3960/3298 3588/4129/3303 3637/4124/3350
f 3642/4185/3354 3636/4126/3351 3638/4127/3353 3640/4190/3355
f 3640/4190/3355 3638/4127/3353 3639/4128/3305 3599/4133/3315
f 3641/4189/3356 3640/4190/3355 3599/4133/3315 3601/4137/3316
f 3643/4188/3357 3642/4185/3354 3640/4190/3355 3641/4189/3356
f 3644/4184/3358 3642/4185/3354 3643/4188/3357 3645/4187/3359
f 3646/4125/3352 3636/4126/3351 3642/4185/3354 3644/4184/3358
f 3625/4179/3340 3644/4183/3358 3645/4186/3359 3623/4177/3338
f 3627/4181/3342 3646/4182/3352 3644/4183/3358 3625/4179/3340
f 3629/4117/3344 3633/4119/3348 3646/4182/3352 3627/4181/3342
f 3623/4177/3338 3645/4186/3359 3647/4201/3360 3621/4176/3336
f 3645/4187/3359 3643/4188/3357 3649/4191/3361 3647/4200/3360
f 3621/4173/3336 3647/4199/3360 3648/4198/3362 3619/4171/3334
f 3647/4200/3360 3649/4191/3361 3650/4193/3363 3648/4196/3362
f 3649/4191/3361 3651/4192/3364 3652/4194/3365 3650/4193/3363
f 3643/4188/3357 3641/4189/3356 3651/4192/3364 3649/4191/3361
f 3651/4192/3364 3604/4153/3318 3607/4155/3322 3652/4194/3365
f 3641/4189/3356 3601/4137/3316 3604/4153/3318 3651/4192/3364
f 3653/4195/3366 3652/4194/3365 3607/4155/3322 3609/4159/3325
f 3648/4196/3362 3650/4193/3363 3652/4194/3365 3653/4195/3366
f 3617/4169/3332 3653/4197/3366 3609/4164/3325 3611/4161/3326
f 3619/4171/3334 3648/4198/3362 3653/4197/3366 3617/4169/3332
f 3655/4260/3367 3572/4261/3288 3567/4257/3282 3565/4255/3281
f 3080/3929/2786 3078/3933/2781 3572/4261/3288 3655/4260/3367
f 3657/3925/2787 3080/3929/2786 3655/4260/3367 3656/3945/3368
f 3656/3945/3368 3655/4260/3367 3565/4255/3281 3563/3948/3278
f 3658/3946/3369 3656/3945/3368 3563/3948/3278 3561/3949/3276
f 3659/3923/3370 3657/3925/2787 3656/3945/3368 3658/3946/3369
f 3661/3919/3371 3659/3923/3370 3658/3946/3369 3660/3947/3372
f 3660/3947/3372 3658/3946/3369 3561/3949/3276 3559/3950/3274
f 3663/3915/3373 3661/3919/3371 3660/3947/3372 3662/3951/3374
f 3662/3951/3374 3660/3947/3372 3559/3950/3274 3557/3952/3273
f 3665/3918/3375 3663/3915/3373 3662/3951/3374 3664/3953/3376
f 3664/3953/3376 3662/3951/3374 3557/3952/3273 3555/3954/3272
f 3665/3918/3375 3664/3953/3376 3666/3955/3377 3669/3956/3378
f 3664/3953/3376 3555/3954/3272 3667/3957/3379 3666/3955/3377
f 3666/3955/3377 3667/3957/3379 3881/3958/3380 3668/3959/3381
f 3669/3956/3378 3666/3955/3377 3668/3959/3381 3670/3960/3382
f 3665/3918/3375 3669/3956/3378 3671/3961/3383 3673/3917/3384
f 3669/3956/3378 3670/3960/3382 3672/3962/3385 3671/3961/3383
f 3671/3963/3383 3672/3964/3385 3677/3906/2811 3102/3905/2808
f 3673/3913/3384 3671/3963/3383 3102/3905/2808 3099/3907/2807
f 3663/3915/3373 3665/3918/3375 3673/3917/3384 3674/3916/3386
f 3674/3912/3386 3673/3913/3384 3099/3907/2807 3097/3908/2804
f 3661/3919/3371 3663/3915/3373 3674/3916/3386 3675/3920/3387
f 3675/3914/3387 3674/3912/3386 3097/3908/2804 3094/3911/2801
f 3676/3921/3388 3675/3914/3387 3094/3911/2801 3091/3922/2797
f 3659/3923/3370 3661/3919/3371 3675/3920/3387 3676/3924/3388
f 3657/3925/2787 3659/3923/3370 3676/3924/3388 3081/3926/2788
f 3081/3927/2788 3676/3921/3388 3091/3922/2797 3083/3928/2789
f 3672/3964/3385 3678/3965/3389 3681/3966/3390 3677/3906/2811
f 3670/3960/3382 3679/4129/3391 3678/4130/3389 3672/3962/3385
f 3679/4129/3391 3886/4128/3392 3680/4131/3393 3678/4130/3389
f 3678/3965/3389 3680/4132/3393 3682/3969/3394 3681/3966/3390
f 3683/3967/3395 3681/3966/3390 3682/3969/3394 3684/3970/3396
f 3103/3889/2812 3677/3906/2811 3681/3966/3390 3683/3967/3395
f 3105/3887/2813 3103/3889/2812 3683/3967/3395 3685/3968/3397
f 3685/3968/3397 3683/3967/3395 3684/3970/3396 3686/3971/3398
f 3687/3972/3399 3689/3973/3400 3105/3887/2813 3685/3968/3397
f 3690/3974/3401 3687/3972/3399 3685/3968/3397 3686/3971/3398
f 3688/3975/3402 3736/3976/3403 3689/3977/3400 3687/3978/3399
f 3691/3979/3404 3688/3975/3402 3687/3978/3399 3690/3980/3401
f 3690/3980/3401 3692/3981/3405 3695/3982/3406 3691/3979/3404
f 3686/3971/3398 3693/3983/3407 3692/3984/3405 3690/3974/3401
f 3693/3983/3407 3929/3985/3408 3694/3986/3409 3692/3984/3405
f 3692/3981/3405 3694/3987/3409 3696/3988/3410 3695/3982/3406
f 3700/3989/3411 3697/3990/3412 3695/3982/3406 3696/3988/3410
f 3697/3990/3412 3699/3991/3413 3691/3979/3404 3695/3982/3406
f 3698/3992/3414 3727/3993/3415 3699/3991/3413 3697/3990/3412
f 3701/3994/3416 3698/3992/3414 3697/3990/3412 3700/3989/3411
f 3705/3995/3417 3702/3996/3418 3700/3989/3411 3696/3988/3410
f 3702/3996/3418 3704/3997/3419 3701/3994/3416 3700/3989/3411
f 3703/3998/3420 3718/3999/3421 3704/3997/3419 3702/3996/3418
f 3706/4000/3422 3703/3998/3420 3702/3996/3418 3705/3995/3417
f 3706/4000/3422 3705/3995/3417 3707/4001/3423 3709/4002/3424
f 3705/3995/3417 3696/3988/3410 3694/3987/3409 3707/4001/3423
f 3707/4003/3423 3694/3986/3409 3929/3985/3408 3708/4004/3425
f 3709/4005/3424 3707/4003/3423 3708/4004/3425 3710/4006/3426
f 3706/4000/3422 3709/4002/3424 3711/4007/3427 3713/4008/3428
f 3710/4006/3426 3712/4009/3429 3711/4010/3427 3709/4005/3424
f 3714/4011/3430 3713/4012/3428 3711/4013/3427 3712/4014/3429
f 3714/4011/3430 3716/4015/3431 3715/4016/3432 3713/4012/3428
f 3713/4008/3428 3715/4017/3432 3703/3998/3420 3706/4000/3422
f 3716/4015/3431 3719/4018/3433 3717/4019/3434 3715/4016/3432
f 3715/4017/3432 3717/4020/3434 3718/3999/3421 3703/3998/3420
f 3717/4020/3434 3720/4021/3435 3704/3997/3419 3718/3999/3421
f 3719/4018/3433 3721/4022/3436 3720/4023/3435 3717/4019/3434
f 3721/4024/3436 3723/4025/3437 3722/4026/3438 3720/4027/3435
f 3720/4021/3435 3722/4028/3438 3701/3994/3416 3704/3997/3419
f 3722/4028/3438 3724/4029/3439 3698/3992/3414 3701/3994/3416
f 3723/4025/3437 3725/4030/3440 3724/4031/3439 3722/4026/3438
f 3725/4030/3440 3728/4032/3441 3726/4033/3442 3724/4031/3439
f 3724/4029/3439 3726/4034/3442 3727/3993/3415 3698/3992/3414
f 3726/4034/3442 3729/4035/3443 3732/4036/3444 3727/3993/3415
f 3728/4032/3441 3730/4037/3445 3729/4038/3443 3726/4033/3442
f 3730/4037/3445 3874/4039/3446 3731/4040/3447 3729/4038/3443
f 3729/4035/3443 3731/4041/3447 3733/4042/3448 3732/4036/3444
f 3735/4043/3449 3734/4044/3450 3732/4036/3444 3733/4042/3448
f 3734/4044/3450 3699/3991/3413 3727/3993/3415 3732/4036/3444
f 3688/3975/3402 3691/3979/3404 3699/3991/3413 3734/4044/3450
f 3736/3976/3403 3688/3975/3402 3734/4044/3450 3735/4043/3449
f 3736/3976/3403 3735/4043/3449 3737/4045/3451 3740/4046/3452
f 3735/4043/3449 3733/4042/3448 3738/4047/3453 3737/4045/3451
f 3737/4048/3451 3738/4049/3453 3871/4050/3454 3739/4051/3455
f 3740/4052/3452 3737/4048/3451 3739/4051/3455 3741/4053/3456
f 3736/3976/3403 3740/4046/3452 3742/4054/3457 3689/3977/3400
f 3741/4053/3456 3743/4055/3458 3742/4056/3457 3740/4052/3452
f 3743/4055/3458 3105/4057/2813 3742/4056/3457
f 3105/4058/2813 3689/3977/3400 3742/4054/3457
f 3744/4059/3459 3743/4055/3458 3741/4053/3456 3745/4060/3460
f 3107/4061/2814 3105/4057/2813 3743/4055/3458 3744/4059/3459
f 3748/3890/2817 3107/3888/2814 3744/4062/3459 3746/4063/3461
f 3746/4064/3461 3744/4059/3459 3745/4060/3460 3747/4065/3462
f 3749/4066/3463 3746/4064/3461 3747/4065/3462 3750/4067/3464
f 3114/3893/2824 3748/3890/2817 3746/4063/3461 3749/4068/3463
f 3116/3896/2825 3114/3893/2824 3749/4068/3463 3751/4069/3465
f 3751/4070/3465 3749/4066/3463 3750/4067/3464 3752/4071/3466
f 3118/3903/2828 3116/3896/2825 3751/4069/3465 3753/4072/3467
f 3753/4073/3467 3751/4070/3465 3752/4071/3466 3754/4074/3468
f 3757/3904/2829 3118/3903/2828 3753/4072/3467 3755/4075/3469
f 3755/4076/3469 3753/4073/3467 3754/4074/3468 3756/4077/3470
f 3755/4076/3469 3756/4077/3470 3760/4074/3471 3758/4073/3472
f 3757/3904/2829 3755/4075/3469 3758/4072/3472 3125/3903/2836
f 3125/3903/2836 3758/4072/3472 3759/4069/3473 3127/3896/2837
f 3758/4073/3472 3760/4074/3471 3761/4071/3474 3759/4070/3473
f 3765/4078/3475 3761/4071/3474 3760/4074/3471 3762/4079/3476
f 3762/4079/3476 3760/4074/3471 3756/4077/3470 3764/4080/3477
f 3763/4081/3478 3762/4079/3476 3764/4080/3477 3853/4082/3479
f 3766/4083/3480 3765/4078/3475 3762/4079/3476 3763/4081/3478
f 3767/4084/3481 3769/4067/3482 3761/4071/3474 3765/4078/3475
f 3768/4085/3483 3767/4084/3481 3765/4078/3475 3766/4083/3480
f 3771/4086/3484 3770/4087/3485 3767/4084/3481 3768/4085/3483
f 3770/4087/3485 3772/4065/3486 3769/4067/3482 3767/4084/3481
f 3774/4088/3487 3773/4089/3488 3770/4087/3485 3771/4086/3484
f 3773/4089/3488 3775/4060/3489 3772/4065/3486 3770/4087/3485
f 3777/4050/3490 3776/4051/3491 3773/4089/3488 3774/4088/3487
f 3776/4051/3491 3778/4053/3492 3775/4060/3489 3773/4089/3488
f 3779/4048/3493 3776/4051/3491 3777/4050/3490 3781/4049/3494
f 3782/4052/3495 3778/4053/3492 3776/4051/3491 3779/4048/3493
f 3780/4043/3496 3779/4045/3493 3781/4047/3494 3834/4042/3497
f 3783/3976/3498 3782/4046/3495 3779/4045/3493 3780/4043/3496
f 3783/3976/3498 3786/3977/3499 3784/4054/3500 3782/4046/3495
f 3778/4053/3492 3782/4052/3495 3784/4056/3500 3785/4055/3501
f 3785/4055/3501 3784/4056/3500 3138/4057/2847
f 3138/4058/2847 3784/4054/3500 3786/3977/3499
f 3787/3972/3502 3789/3968/3503 3138/3887/2847 3786/3973/3499
f 3788/3975/3504 3787/3978/3502 3786/3977/3499 3783/3976/3498
f 3791/3979/3505 3790/3980/3506 3787/3978/3502 3788/3975/3504
f 3790/3974/3506 3792/3971/3507 3789/3968/3503 3787/3972/3502
f 3790/3980/3506 3791/3979/3505 3796/3982/3508 3793/3981/3509
f 3792/3971/3507 3790/3974/3506 3793/3984/3509 3794/3983/3510
f 3794/3983/3510 3793/3984/3509 3795/3986/3511 4120/3985/3512
f 3793/3981/3509 3796/3982/3508 3797/3988/3513 3795/3987/3511
f 3801/3989/3514 3797/3988/3513 3796/3982/3508 3798/3990/3515
f 3798/3990/3515 3796/3982/3508 3791/3979/3505 3800/3991/3516
f 3799/3992/3517 3798/3990/3515 3800/3991/3516 3828/3993/3518
f 3802/3994/3519 3801/3989/3514 3798/3990/3515 3799/3992/3517
f 3806/3995/3520 3797/3988/3513 3801/3989/3514 3803/3996/3521
f 3803/3996/3521 3801/3989/3514 3802/3994/3519 3805/3997/3522
f 3804/3998/3523 3803/3996/3521 3805/3997/3522 3819/3999/3524
f 3807/4000/3525 3806/3995/3520 3803/3996/3521 3804/3998/3523
f 3807/4000/3525 3810/4002/3526 3808/4001/3527 3806/3995/3520
f 3806/3995/3520 3808/4001/3527 3795/3987/3511 3797/3988/3513
f 3808/4003/3527 3809/4004/3528 4120/3985/3512 3795/3986/3511
f 3810/4005/3526 3811/4006/3529 3809/4004/3528 3808/4003/3527
f 3807/4000/3525 3814/4008/3530 3812/4007/3531 3810/4002/3526
f 3811/4006/3529 3810/4005/3526 3812/4010/3531 3813/4009/3532
f 3815/4011/3430 3813/4014/3532 3812/4013/3531 3814/4012/3530
f 3815/4011/3430 3814/4012/3530 3816/4016/3533 3817/4015/3534
f 3814/4008/3530 3807/4000/3525 3804/3998/3523 3816/4017/3533
f 3817/4015/3534 3816/4016/3533 3818/4019/3535 3820/4018/3536
f 3816/4017/3533 3804/3998/3523 3819/3999/3524 3818/4020/3535
f 3818/4020/3535 3819/3999/3524 3805/3997/3522 3821/4021/3537
f 3820/4018/3536 3818/4019/3535 3821/4023/3537 3822/4022/3538
f 3822/4024/3538 3821/4027/3537 3823/4026/3539 3824/4025/3540
f 3821/4021/3537 3805/3997/3522 3802/3994/3519 3823/4028/3539
f 3823/4028/3539 3802/3994/3519 3799/3992/3517 3825/4029/3541
f 3824/4025/3540 3823/4026/3539 3825/4031/3541 3826/4030/3542
f 3826/4030/3542 3825/4031/3541 3827/4033/3543 3829/4032/3544
f 3825/4029/3541 3799/3992/3517 3828/3993/3518 3827/4034/3543
f 3827/4034/3543 3828/3993/3518 3833/4036/3545 3830/4035/3546
f 3829/4032/3544 3827/4033/3543 3830/4038/3546 3831/4037/3547
f 3831/4037/3547 3830/4038/3546 3832/4040/3548 3836/4039/3549
f 3830/4035/3546 3833/4036/3545 3834/4042/3497 3832/4041/3548
f 3780/4043/3496 3834/4042/3497 3833/4036/3545 3835/4044/3550
f 3835/4044/3550 3833/4036/3545 3828/3993/3518 3800/3991/3516
f 3788/3975/3504 3835/4044/3550 3800/3991/3516 3791/3979/3505
f 3783/3976/3498 3780/4043/3496 3835/4044/3550 3788/3975/3504
f 3834/4042/3497 3781/4047/3494 3837/4090/3551 3832/4041/3548
f 3832/4040/3548 3837/4091/3551 3838/4092/3552 3836/4039/3549
f 3837/4091/3551 3839/4093/3553 3840/4094/3554 3838/4092/3552
f 3781/4049/3494 3777/4050/3490 3839/4095/3553 3837/4096/3551
f 3840/4094/3554 3839/4093/3553 3841/4097/3555 3842/4098/3556
f 3839/4095/3553 3777/4050/3490 3774/4088/3487 3841/4099/3555
f 3842/4098/3556 3841/4097/3555 3843/4100/3557 3844/4101/3558
f 3841/4099/3555 3774/4088/3487 3771/4086/3484 3843/4102/3557
f 3843/4102/3557 3771/4086/3484 3768/4085/3483 3845/4103/3559
f 3844/4101/3558 3843/4100/3557 3845/4104/3559 3846/4105/3560
f 3846/4105/3560 3845/4104/3559 3847/4106/3561 3848/4107/3562
f 3845/4103/3559 3768/4085/3483 3766/4083/3480 3847/4108/3561
f 3847/4108/3561 3766/4083/3480 3763/4081/3478 3849/4109/3563
f 3848/4107/3562 3847/4106/3561 3849/4110/3563 3850/4111/3564
f 3850/4111/3564 3849/4110/3563 3851/4112/3565 3852/4113/3566
f 3849/4109/3563 3763/4081/3478 3853/4082/3479 3851/4114/3565
f 3855/4111/3567 3852/4113/3566 3851/4112/3565 3854/4110/3568
f 3854/4109/3568 3851/4114/3565 3853/4082/3479 3856/4081/3569
f 3859/4107/3570 3855/4111/3567 3854/4110/3568 3857/4106/3571
f 3857/4108/3571 3854/4109/3568 3856/4081/3569 3858/4083/3572
f 3860/4103/3573 3857/4108/3571 3858/4083/3572 3862/4085/3574
f 3861/4105/3575 3859/4107/3570 3857/4106/3571 3860/4104/3573
f 3865/4101/3576 3861/4105/3575 3860/4104/3573 3863/4100/3577
f 3863/4102/3577 3860/4103/3573 3862/4085/3574 3864/4086/3578
f 3866/4099/3579 3863/4102/3577 3864/4086/3578 3868/4088/3580
f 3867/4098/3581 3865/4101/3576 3863/4100/3577 3866/4097/3579
f 3870/4094/3582 3867/4098/3581 3866/4097/3579 3869/4093/3583
f 3869/4095/3583 3866/4099/3579 3868/4088/3580 3871/4050/3454
f 3872/4091/3584 3873/4092/3585 3870/4094/3582 3869/4093/3583
f 3738/4049/3453 3872/4096/3584 3869/4095/3583 3871/4050/3454
f 3731/4040/3447 3874/4039/3446 3873/4092/3585 3872/4091/3584
f 3733/4042/3448 3731/4041/3447 3872/4090/3584 3738/4047/3453
f 3874/4039/3446 3730/4037/3445 3876/4115/3586 3875/4116/3587
f 3875/4116/3587 3876/4115/3586 3878/4117/3588 3877/4118/3589
f 3877/4118/3589 3878/4117/3588 3880/4119/3590 3879/4120/3591
f 3879/4121/3591 3880/4122/3590 3882/4123/3592 3881/3958/3380
f 3881/3958/3380 3882/4123/3592 3884/4124/3593 3668/3959/3381
f 3880/4122/3590 3895/4125/3594 3883/4126/3595 3882/4123/3592
f 3882/4123/3592 3883/4126/3595 3885/4127/3596 3884/4124/3593
f 3884/4124/3593 3885/4127/3596 3886/4128/3392 3679/4129/3391
f 3668/3959/3381 3884/4124/3593 3679/4129/3391 3670/3960/3382
f 3890/4185/3597 3887/4190/3598 3885/4127/3596 3883/4126/3595
f 3887/4190/3598 3889/4133/3599 3886/4128/3392 3885/4127/3596
f 3888/4189/3600 3912/4137/3601 3889/4133/3599 3887/4190/3598
f 3891/4188/3602 3888/4189/3600 3887/4190/3598 3890/4185/3597
f 3892/4184/3603 3894/4187/3604 3891/4188/3602 3890/4185/3597
f 3895/4125/3594 3892/4184/3603 3890/4185/3597 3883/4126/3595
f 3893/4179/3605 3900/4177/3606 3894/4186/3604 3892/4183/3603
f 3896/4181/3607 3893/4179/3605 3892/4183/3603 3895/4182/3594
f 3878/4117/3588 3896/4181/3607 3895/4182/3594 3880/4119/3590
f 3897/4180/3608 3898/4178/3609 3893/4179/3605 3896/4181/3607
f 3876/4115/3586 3897/4180/3608 3896/4181/3607 3878/4117/3588
f 3728/4032/3441 3725/4030/3440 3898/4178/3609 3897/4180/3608
f 3730/4037/3445 3728/4032/3441 3897/4180/3608 3876/4115/3586
f 3725/4030/3440 3723/4025/3437 3899/4175/3610 3898/4178/3609
f 3898/4178/3609 3899/4175/3610 3900/4177/3606 3893/4179/3605
f 3723/4025/3437 3721/4024/3436 3901/4174/3611 3899/4175/3610
f 3899/4175/3610 3901/4174/3611 3903/4176/3612 3900/4177/3606
f 3721/4022/3436 3719/4018/3433 3902/4170/3613 3901/4172/3611
f 3901/4172/3611 3902/4170/3613 3904/4171/3614 3903/4173/3612
f 3900/4177/3606 3903/4176/3612 3905/4201/3615 3894/4186/3604
f 3903/4173/3612 3904/4171/3614 3906/4198/3616 3905/4199/3615
f 3905/4200/3615 3906/4196/3616 3908/4193/3617 3907/4191/3618
f 3894/4187/3604 3905/4200/3615 3907/4191/3618 3891/4188/3602
f 3907/4191/3618 3908/4193/3617 3910/4194/3619 3909/4192/3620
f 3891/4188/3602 3907/4191/3618 3909/4192/3620 3888/4189/3600
f 3909/4192/3620 3910/4194/3619 3913/4155/3621 3911/4153/3622
f 3888/4189/3600 3909/4192/3620 3911/4153/3622 3912/4137/3601
f 3914/4152/3623 3916/4138/3624 3912/4137/3601 3911/4153/3622
f 3917/4154/3625 3914/4152/3623 3911/4153/3622 3913/4155/3621
f 3915/4143/3626 3928/4140/3627 3916/4139/3624 3914/4151/3623
f 3918/4147/3628 3915/4148/3626 3914/4149/3623 3917/4150/3625
f 3918/4146/3628 3917/4156/3625 3919/4157/3629 3921/4158/3630
f 3913/4155/3621 3920/4159/3631 3919/4160/3629 3917/4154/3625
f 3922/4161/3632 3921/4162/3630 3919/4163/3629 3920/4164/3631
f 3922/4161/3632 3924/4165/3633 3923/4166/3634 3921/4162/3630
f 3921/4158/3630 3923/4167/3634 3925/4145/3635 3918/4146/3628
f 3924/4165/3633 3714/4011/3430 3712/4014/3429 3923/4166/3634
f 3923/4167/3634 3712/4009/3429 3710/4006/3426 3925/4145/3635
f 3925/4145/3635 3710/4006/3426 3708/4004/3425 3926/4144/3636
f 3918/4146/3628 3925/4145/3635 3926/4144/3636 3915/4143/3626
f 3926/4144/3636 3708/4004/3425 3929/3985/3408 3927/4141/3637
f 3915/4143/3626 3926/4144/3636 3927/4141/3637 3928/4140/3627
f 3928/4140/3627 3927/4141/3637 3930/4142/3638 3931/4136/3639
f 3927/4141/3637 3929/3985/3408 3693/3983/3407 3930/4142/3638
f 3930/4142/3638 3693/3983/3407 3686/3971/3398 3684/3970/3396
f 3931/4136/3639 3930/4142/3638 3684/3970/3396 3682/3969/3394
f 3932/4135/3640 3916/4139/3624 3928/4140/3627 3931/4136/3639
f 3680/4132/3393 3932/4135/3640 3931/4136/3639 3682/3969/3394
f 3889/4133/3599 3912/4137/3601 3916/4138/3624 3932/4134/3640
f 3886/4128/3392 3889/4133/3599 3932/4134/3640 3680/4131/3393
f 3933/4168/3641 3924/4165/3633 3922/4161/3632 3934/4169/3642
f 3716/4015/3431 3714/4011/3430 3924/4165/3633 3933/4168/3641
f 3719/4018/3433 3716/4015/3431 3933/4168/3641 3902/4170/3613
f 3902/4170/3613 3933/4168/3641 3934/4169/3642 3904/4171/3614
f 3904/4171/3614 3934/4169/3642 3935/4197/3643 3906/4198/3616
f 3934/4169/3642 3922/4161/3632 3920/4164/3631 3935/4197/3643
f 3935/4195/3643 3920/4159/3631 3913/4155/3621 3910/4194/3619
f 3906/4196/3616 3935/4195/3643 3910/4194/3619 3908/4193/3617
f 3871/4050/3454 3868/4088/3580 4127/4089/3644 3739/4051/3455
f 3870/4094/3582 3936/4202/3645 3938/4203/3646 3867/4098/3581
f 3937/4204/3647 3939/4205/3648 3938/4203/3646 3936/4202/3645
f 4122/4206/3649 3940/4207/3650 3938/4203/3646 3939/4205/3648
f 3942/4208/3651 3941/4209/3652 3938/4203/3646 3940/4207/3650
f 3865/4101/3576 3867/4098/3581 3938/4203/3646 3941/4209/3652
f 3942/4208/3651 3944/4210/3653 3943/4211/3654 3941/4209/3652
f 3941/4209/3652 3943/4211/3654 3861/4105/3575 3865/4101/3576
f 3944/4210/3653 3946/4212/3655 3945/4213/3656 3943/4211/3654
f 3943/4211/3654 3945/4213/3656 3859/4107/3570 3861/4105/3575
f 3945/4213/3656 3947/4214/3657 3855/4111/3567 3859/4107/3570
f 3946/4212/3655 3948/4215/3658 3947/4214/3657 3945/4213/3656
f 3948/4215/3658 3951/4216/3659 3949/4217/3660 3947/4214/3657
f 3947/4214/3657 3949/4217/3660 3852/4113/3566 3855/4111/3567
f 3950/4214/3661 3850/4111/3564 3852/4113/3566 3949/4217/3660
f 3952/4215/3662 3950/4214/3661 3949/4217/3660 3951/4216/3659
f 3953/4212/3663 3955/4213/3664 3950/4214/3661 3952/4215/3662
f 3954/4210/3665 3956/4211/3666 3955/4213/3664 3953/4212/3663
f 3955/4213/3664 3848/4107/3562 3850/4111/3564 3950/4214/3661
f 3956/4211/3666 3846/4105/3560 3848/4107/3562 3955/4213/3664
f 3958/4208/3667 3957/4209/3668 3956/4211/3666 3954/4210/3665
f 3957/4209/3668 3844/4101/3558 3846/4105/3560 3956/4211/3666
f 3958/4208/3667 3961/4207/3669 3959/4203/3670 3957/4209/3668
f 3844/4101/3558 3957/4209/3668 3959/4203/3670 3842/4098/3556
f 3970/4206/3671 3960/4205/3672 3959/4203/3670 3961/4207/3669
f 3963/4204/3673 3962/4202/3674 3959/4203/3670 3960/4205/3672
f 3840/4094/3554 3842/4098/3556 3959/4203/3670 3962/4202/3674
f 3963/4204/3673 3960/4205/3672 3966/4218/3675 3964/4219/3676
f 3964/4219/3676 3966/4218/3675 3967/4220/3677 3965/4221/3678
f 3966/4218/3675 3968/4222/3679 3969/4223/3680 3967/4220/3677
f 3960/4205/3672 3970/4206/3671 3968/4222/3679 3966/4218/3675
f 3969/4223/3680 3971/4224/3681 3973/4225/3682 3967/4220/3677
f 3972/4226/3683 3975/4227/3684 3973/4225/3682 3971/4224/3681
f 3984/4228/3685 3974/4229/3686 3973/4225/3682 3975/4227/3684
f 3977/4230/3687 3976/4231/3688 3973/4225/3682 3974/4229/3686
f 3965/4221/3678 3967/4220/3677 3973/4225/3682 3976/4231/3688
f 3978/4232/3689 3977/4230/3687 3974/4229/3686 3980/4233/3690
f 3979/3954/3691 3978/4234/3689 3980/4235/3690 3981/3952/3692
f 3981/3952/3692 3980/4235/3690 3982/4236/3693 3983/3950/3694
f 3980/4233/3690 3974/4229/3686 3984/4228/3685 3982/4237/3693
f 3983/3950/3694 3982/4236/3693 3985/4238/3695 3986/3949/3696
f 3982/4237/3693 3984/4228/3685 3988/4239/3697 3985/4240/3695
f 3986/3949/3696 3985/4238/3695 3987/4241/3698 4039/3948/3699
f 3985/4240/3695 3988/4239/3697 3989/4242/3700 3987/4243/3698
f 3988/4239/3697 3990/4244/3701 3991/4245/3702 3989/4242/3700
f 3984/4228/3685 3975/4227/3684 3990/4244/3701 3988/4239/3697
f 3990/4244/3701 3992/4246/3703 3993/4247/3704 3991/4245/3702
f 3975/4227/3684 3972/4226/3683 3992/4246/3703 3990/4244/3701
f 3991/4245/3702 3993/4247/3704 3994/4248/3705 3996/4249/3706
f 3996/4249/3706 3994/4248/3705 3995/4250/3707 3998/4251/3708
f 3997/4252/3709 3996/4249/3706 3998/4251/3708 4000/4253/3710
f 3989/4242/3700 3991/4245/3702 3996/4249/3706 3997/4252/3709
f 3999/4249/3711 3998/4251/3708 3995/4250/3707 4032/4248/3712
f 4002/4252/3713 4000/4253/3710 3998/4251/3708 3999/4249/3711
f 4121/4254/3714 3997/4252/3709 4000/4253/3710 4001/4259/3715
f 4004/4254/3716 4001/4259/3715 4000/4253/3710 4002/4252/3713
f 4006/4243/3717 4004/4254/3716 4002/4252/3713 4003/4242/3718
f 4003/4242/3718 4002/4252/3713 3999/4249/3711 4030/4245/3719
f 4005/4255/3720 4033/4257/3721 4001/4258/3715 4004/4256/3716
f 4007/3948/2911 4005/4255/3720 4004/4256/3716 4006/4241/3717
f 4008/4240/3722 4006/4243/3717 4003/4242/3718 4009/4239/3723
f 3196/3949/2912 4007/3948/2911 4006/4241/3717 4008/4238/3722
f 3198/3950/2913 3196/3949/2912 4008/4238/3722 4010/4236/3724
f 4010/4237/3724 4008/4240/3722 4009/4239/3723 4011/4228/3725
f 3200/3952/2915 3198/3950/2913 4010/4236/3724 4012/4235/3726
f 4012/4233/3726 4010/4237/3724 4011/4228/3725 4013/4229/3727
f 3203/3954/2917 3200/3952/2915 4012/4235/3726 4014/4234/3728
f 4014/4232/3728 4012/4233/3726 4013/4229/3727 4015/4230/3729
f 4015/4230/3729 4013/4229/3727 4017/4225/3730 4016/4231/3731
f 4018/4221/3732 4016/4231/3731 4017/4225/3730 4020/4220/3733
f 4019/4219/3734 4018/4221/3732 4020/4220/3733 4022/4218/3735
f 4022/4218/3735 4020/4220/3733 4021/4223/3736 4023/4222/3737
f 4021/4223/3736 4020/4220/3733 4017/4225/3730 4025/4224/3738
f 3472/4204/3186 4019/4219/3734 4022/4218/3735 3474/4205/3187
f 3474/4205/3187 4022/4218/3735 4023/4222/3737 4024/4206/3188
f 4026/4226/3739 4025/4224/3738 4017/4225/3730 4028/4227/3740
f 4028/4227/3740 4029/4244/3741 4027/4246/3742 4026/4226/3739
f 4011/4228/3725 4009/4239/3723 4029/4244/3741 4028/4227/3740
f 4011/4228/3725 4028/4227/3740 4017/4225/3730 4013/4229/3727
f 4009/4239/3723 4003/4242/3718 4030/4245/3719 4029/4244/3741
f 4029/4244/3741 4030/4245/3719 4031/4247/3743 4027/4246/3742
f 4030/4245/3719 3999/4249/3711 4032/4248/3712 4031/4247/3743
f 3195/3945/2908 4034/4260/3744 4005/4255/3720 4007/3948/2911
f 4034/4260/3744 4035/4261/3745 4033/4257/3721 4005/4255/3720
f 3168/3929/2882 3166/3933/2877 4035/4261/3745 4034/4260/3744
f 3193/3925/2883 3168/3929/2882 4034/4260/3744 3195/3945/2908
f 4036/4260/3746 4037/4255/3747 4033/4257/3721 4035/4261/3745
f 3162/3929/2874 4036/4260/3746 4035/4261/3745 3166/3933/2877
f 3159/3925/2871 4038/3945/3748 4036/4260/3746 3162/3929/2874
f 4038/3945/3748 4039/3948/3699 4037/4255/3747 4036/4260/3746
f 4040/3946/3749 3986/3949/3696 4039/3948/3699 4038/3945/3748
f 3156/3923/2870 4040/3946/3749 4038/3945/3748 3159/3925/2871
f 3154/3919/2867 4041/3947/3750 4040/3946/3749 3156/3923/2870
f 4041/3947/3750 3983/3950/3694 3986/3949/3696 4040/3946/3749
f 3151/3915/2865 4042/3951/3751 4041/3947/3750 3154/3919/2867
f 4042/3951/3751 3981/3952/3692 3983/3950/3694 4041/3947/3750
f 4044/3918/2866 4043/3953/3752 4042/3951/3751 3151/3915/2865
f 4043/3953/3752 3979/3954/3691 3981/3952/3692 4042/3951/3751
f 4044/3918/2866 4048/3956/3753 4045/3955/3754 4043/3953/3752
f 4043/3953/3752 4045/3955/3754 4046/3957/3755 3979/3954/3691
f 4045/3955/3754 4047/3959/3756 4100/3958/3757 4046/3957/3755
f 4048/3956/3753 4049/3960/3758 4047/3959/3756 4045/3955/3754
f 4044/3918/2866 3152/3917/2863 4050/3961/3759 4048/3956/3753
f 4048/3956/3753 4050/3961/3759 4051/3962/3760 4049/3960/3758
f 4050/3963/3759 3141/3905/2853 4052/3906/2854 4051/3964/3760
f 3152/3913/2863 3144/3907/2855 3141/3905/2853 4050/3963/3759
f 4051/3964/3760 4052/3906/2854 4056/3966/3761 4053/3965/3762
f 4049/3960/3758 4051/3962/3760 4053/4130/3762 4054/4129/3763
f 4054/4129/3763 4053/4130/3762 4055/4131/3764 4105/4128/3765
f 4053/3965/3762 4056/3966/3761 4057/3969/3766 4055/4132/3764
f 4058/3967/3767 4059/3970/3768 4057/3969/3766 4056/3966/3761
f 3142/3889/2851 4058/3967/3767 4056/3966/3761 4052/3906/2854
f 3138/3887/2847 3789/3968/3503 4058/3967/3767 3142/3889/2851
f 3789/3968/3503 3792/3971/3507 4059/3970/3768 4058/3967/3767
f 4062/4136/3769 4057/3969/3766 4059/3970/3768 4060/4142/3770
f 4060/4142/3770 4059/3970/3768 3792/3971/3507 3794/3983/3510
f 4061/4141/3771 4060/4142/3770 3794/3983/3510 4120/3985/3512
f 4063/4140/3772 4062/4136/3769 4060/4142/3770 4061/4141/3771
f 4064/4135/3773 4062/4136/3769 4063/4140/3772 4066/4139/3774
f 4055/4132/3764 4057/3969/3766 4062/4136/3769 4064/4135/3773
f 4065/4133/3775 4064/4134/3773 4066/4138/3774 4067/4137/3776
f 4105/4128/3765 4055/4131/3764 4064/4134/3773 4065/4133/3775
f 4068/4152/3777 4070/4153/3778 4067/4137/3776 4066/4138/3774
f 4069/4143/3779 4068/4151/3777 4066/4139/3774 4063/4140/3772
f 4072/4147/3780 4071/4150/3781 4068/4149/3777 4069/4148/3779
f 4071/4154/3781 4073/4155/3782 4070/4153/3778 4068/4152/3777
f 4072/4146/3780 4076/4158/3783 4074/4157/3784 4071/4156/3781
f 4073/4155/3782 4071/4154/3781 4074/4160/3784 4075/4159/3785
f 4077/4161/3786 4075/4164/3785 4074/4163/3784 4076/4162/3783
f 4077/4161/3786 4076/4162/3783 4078/4166/3787 4079/4165/3788
f 4076/4158/3783 4072/4146/3780 4080/4145/3789 4078/4167/3787
f 4079/4165/3788 4078/4166/3787 3813/4014/3532 3815/4011/3430
f 4078/4167/3787 4080/4145/3789 3811/4006/3529 3813/4009/3532
f 4080/4145/3789 4081/4144/3790 3809/4004/3528 3811/4006/3529
f 4072/4146/3780 4069/4143/3779 4081/4144/3790 4080/4145/3789
f 4081/4144/3790 4061/4141/3771 4120/3985/3512 3809/4004/3528
f 4069/4143/3779 4063/4140/3772 4061/4141/3771 4081/4144/3790
f 4082/4168/3791 4083/4169/3792 4077/4161/3786 4079/4165/3788
f 3817/4015/3534 4082/4168/3791 4079/4165/3788 3815/4011/3430
f 3820/4018/3536 4084/4170/3793 4082/4168/3791 3817/4015/3534
f 4084/4170/3793 4085/4171/3794 4083/4169/3792 4082/4168/3791
f 3822/4022/3538 4086/4172/3795 4084/4170/3793 3820/4018/3536
f 4086/4172/3795 4087/4173/3796 4085/4171/3794 4084/4170/3793
f 3824/4025/3540 4088/4175/3797 4086/4174/3795 3822/4024/3538
f 4088/4175/3797 4089/4177/3798 4087/4176/3796 4086/4174/3795
f 3826/4030/3542 4090/4178/3799 4088/4175/3797 3824/4025/3540
f 4090/4178/3799 4091/4179/3800 4089/4177/3798 4088/4175/3797
f 3829/4032/3544 4092/4180/3801 4090/4178/3799 3826/4030/3542
f 4092/4180/3801 4093/4181/3802 4091/4179/3800 4090/4178/3799
f 3831/4037/3547 4094/4115/3803 4092/4180/3801 3829/4032/3544
f 4094/4115/3803 4095/4117/3804 4093/4181/3802 4092/4180/3801
f 3836/4039/3549 4096/4116/3805 4094/4115/3803 3831/4037/3547
f 4096/4116/3805 4097/4118/3806 4095/4117/3804 4094/4115/3803
f 4097/4118/3806 4098/4120/3807 4099/4119/3808 4095/4117/3804
f 4098/4121/3807 4100/3958/3757 4101/4123/3809 4099/4122/3808
f 4100/3958/3757 4047/3959/3756 4103/4124/3810 4101/4123/3809
f 4099/4122/3808 4101/4123/3809 4102/4126/3811 4112/4125/3812
f 4101/4123/3809 4103/4124/3810 4104/4127/3813 4102/4126/3811
f 4103/4124/3810 4054/4129/3763 4105/4128/3765 4104/4127/3813
f 4047/3959/3756 4049/3960/3758 4054/4129/3763 4103/4124/3810
f 4108/4185/3814 4102/4126/3811 4104/4127/3813 4106/4190/3815
f 4106/4190/3815 4104/4127/3813 4105/4128/3765 4065/4133/3775
f 4107/4189/3816 4106/4190/3815 4065/4133/3775 4067/4137/3776
f 4109/4188/3817 4108/4185/3814 4106/4190/3815 4107/4189/3816
f 4110/4184/3818 4108/4185/3814 4109/4188/3817 4111/4187/3819
f 4112/4125/3812 4102/4126/3811 4108/4185/3814 4110/4184/3818
f 4091/4179/3800 4110/4183/3818 4111/4186/3819 4089/4177/3798
f 4093/4181/3802 4112/4182/3812 4110/4183/3818 4091/4179/3800
f 4095/4117/3804 4099/4119/3808 4112/4182/3812 4093/4181/3802
f 4089/4177/3798 4111/4186/3819 4113/4201/3820 4087/4176/3796
f 4111/4187/3819 4109/4188/3817 4115/4191/3821 4113/4200/3820
f 4087/4173/3796 4113/4199/3820 4114/4198/3822 4085/4171/3794
f 4113/4200/3820 4115/4191/3821 4116/4193/3823 4114/4196/3822
f 4115/4191/3821 4117/4192/3824 4118/4194/3825 4116/4193/3823
f 4109/4188/3817 4107/4189/3816 4117/4192/3824 4115/4191/3821
f 4117/4192/3824 4070/4153/3778 4073/4155/3782 4118/4194/3825
f 4107/4189/3816 4067/4137/3776 4070/4153/3778 4117/4192/3824
f 4119/4195/3826 4118/4194/3825 4073/4155/3782 4075/4159/3785
f 4114/4196/3822 4116/4193/3823 4118/4194/3825 4119/4195/3826
f 4083/4169/3792 4119/4197/3826 4075/4164/3785 4077/4161/3786
f 4085/4171/3794 4114/4198/3822 4119/4197/3826 4083/4169/3792
f 4039/3948/3699 3987/4241/3698 4121/4256/3714 4037/4255/3747
f 4037/4255/3747 4121/4256/3714 4001/4258/3715 4033/4257/3721
f 3987/4243/3698 3989/4242/3700 3997/4252/3709 4121/4254/3714
f 3939/4205/3648 4125/4218/3827 4123/4222/3828 4122/4206/3649
f 4125/4218/3827 3550/4220/3268 4124/4223/3267 4123/4222/3828
f 4126/4219/3829 3552/4221/3269 3550/4220/3268 4125/4218/3827
f 3937/4204/3647 4126/4219/3829 4125/4218/3827 3939/4205/3648
f 3868/4088/3580 3864/4086/3578 4128/4087/3830 4127/4089/3644
f 4127/4089/3644 4128/4087/3830 3747/4065/3462 3745/4060/3460
f 3739/4051/3455 4127/4089/3644 3745/4060/3460 3741/4053/3456
f 3864/4086/3578 3862/4085/3574 4129/4084/3831 4128/4087/3830
f 4128/4087/3830 4129/4084/3831 3750/4067/3464 3747/4065/3462
f 3862/4085/3574 3858/4083/3572 4130/4078/3832 4129/4084/3831
f 4129/4084/3831 4130/4078/3832 3752/4071/3466 3750/4067/3464
f 4130/4078/3832 4131/4079/3833 3754/4074/3468 3752/4071/3466
f 3858/4083/3572 3856/4081/3569 4131/4079/3833 4130/4078/3832
f 3856/4081/3569 3853/4082/3479 3764/4080/3477 4131/4079/3833
f 4131/4079/3833 3764/4080/3477 3756/4077/3470 3754/4074/3468
f 4132/4059/3834 3775/4060/3489 3778/4053/3492 3785/4055/3501
f 3135/4061/2844 4132/4059/3834 3785/4055/3501 3138/4057/2847
f 3132/3890/2841 4133/4063/3835 4132/4062/3834 3135/3888/2844
f 4133/4064/3835 3772/4065/3486 3775/4060/3489 4132/4059/3834
f 4134/4066/3836 3769/4067/3482 3772/4065/3486 4133/4064/3835
f 3129/3893/2840 4134/4068/3836 4133/4063/3835 3132/3890/2841
f 3127/3896/2837 3759/4069/3473 4134/4068/3836 3129/3893/2840
f 3759/4070/3473 3761/4071/3474 3769/4067/3482 4134/4066/3836
f 3399/4088/3116 3395/4086/3114 4136/4087/3837 4135/4089/3183
f 4135/4089/3183 4136/4087/3837 3279/4065/2998 3277/4060/2996
f 3271/4051/2991 4135/4089/3183 3277/4060/2996 3273/4053/2992
f 3395/4086/3114 3393/4085/3110 4137/4084/3838 4136/4087/3837
f 4136/4087/3837 4137/4084/3838 3281/4067/3000 3279/4065/2998
f 3393/4085/3110 3389/4083/3108 4138/4078/3839 4137/4084/3838
f 4137/4084/3838 4138/4078/3839 3284/4071/3002 3281/4067/3000
f 4138/4078/3839 4139/4079/3840 3286/4074/3004 3284/4071/3002
f 3389/4083/3108 3387/4081/3105 4139/4079/3840 4138/4078/3839
f 3387/4081/3105 3384/4082/3015 3295/4080/3013 4139/4079/3840
f 4139/4079/3840 3295/4080/3013 3288/4077/3006 3286/4074/3004
f 4140/4059/3841 3306/4060/3025 3309/4053/3028 3316/4055/3037
f 3047/4061/2748 4140/4059/3841 3316/4055/3037 3050/4057/2751
f 3044/3890/2745 4141/4063/3842 4140/4062/3841 3047/3888/2748
f 4141/4064/3842 3303/4065/3022 3306/4060/3025 4140/4059/3841
f 4142/4066/3843 3300/4067/3018 3303/4065/3022 4141/4064/3842
f 3041/3893/2744 4142/4068/3843 4141/4063/3842 3044/3890/2745
f 3039/3896/2739 3290/4069/3009 4142/4068/3843 3041/3893/2744
f 3290/4070/3009 3292/4071/3010 3300/4067/3018 4142/4066/3843
f 4144/3938/3844 3163/3932/2876 3165/3936/2879 3174/3939/2888
f 4145/3940/3845 4144/3938/3844 3174/3939/2888 4143/3941/2890
f 4147/3942/3846 4146/3937/3847 4144/3938/3844 4145/3940/3845
f 4146/3937/3847 3160/3928/2873 3163/3932/2876 4144/3938/3844
f 4148/3943/3848 3157/3922/2869 3160/3928/2873 4146/3937/3847
f 4149/3944/3849 4148/3943/3848 4146/3937/3847 4147/3942/3846
f 4150/3910/2860 3147/3909/2859 4148/3943/3848 4149/3944/3849
f 3147/3909/2859 3149/3911/2861 3157/3922/2869 4148/3943/3848
f 4152/3938/3850 3075/3932/2780 3077/3936/2783 3086/3939/2792
f 4153/3940/3851 4152/3938/3850 3086/3939/2792 4151/3941/2794
f 4155/3942/3852 4154/3937/3853 4152/3938/3850 4153/3940/3851
f 4154/3937/3853 3072/3928/2777 3075/3932/2780 4152/3938/3850
f 4156/3943/3854 3069/3922/2773 3072/3928/2777 4154/3937/3853
f 4157/3944/3855 4156/3943/3854 4154/3937/3853 4155/3942/3852
f 4158/3910/2764 3059/3909/2763 4156/3943/3854 4157/3944/3855
f 3059/3909/2763 3061/3911/2765 3069/3922/2773 4156/3943/3854
f 4159/3739/3856 4160/3742/3857 4259/3741/3858 4161/3740/3859
f 4162/3743/3860 4159/3739/3856 4161/3740/3859 4164/3744/3861
f 4163/3745/3862 4162/3743/3860 4164/3744/3861 4165/3746/3863
f 4165/3746/3863 4164/3744/3861 4166/3748/3864 4167/3747/3865
f 4164/3744/3861 4161/3740/3859 4168/3749/3866 4166/3748/3864
f 4172/3750/3867 4167/3747/3865 4166/3748/3864 4169/3751/3868
f 4169/3751/3868 4166/3748/3864 4168/3749/3866 4171/3752/3869
f 4170/3753/3870 4169/3751/3868 4171/3752/3869 4263/3754/3871
f 4173/3755/3872 4172/3750/3867 4169/3751/3868 4170/3753/3870
f 4173/3755/3872 4177/3757/3873 4174/3756/3874 4172/3750/3867
f 4172/3750/3867 4174/3756/3874 4175/3758/3875 4167/3747/3865
f 4174/3759/3874 4176/3762/3876 4258/3761/3877 4175/3760/3875
f 4177/3763/3873 4178/3764/3878 4176/3762/3876 4174/3759/3874
f 4179/3765/3879 4181/3766/3880 4178/3764/3878 4177/3763/3873
f 4180/3767/3881 4179/3768/3879 4177/3757/3873 4173/3755/3872
f 4183/3769/3882 4182/3770/3883 4179/3768/3879 4180/3767/3881
f 4182/3771/3883 4184/3772/3884 4181/3766/3880 4179/3765/3879
f 4187/3773/3885 4181/3766/3880 4184/3772/3884 4185/3774/3886
f 4188/3775/3887 4187/3773/3885 4185/3774/3886 4186/3776/3888
f 4190/3777/3889 4189/3778/3890 4187/3773/3885 4188/3775/3887
f 4189/3778/3890 4178/3764/3878 4181/3766/3880 4187/3773/3885
f 4189/3778/3890 4191/3779/3891 4176/3762/3876 4178/3764/3878
f 4190/3777/3889 4193/3780/3892 4191/3779/3891 4189/3778/3890
f 4191/3779/3891 4192/3781/3893 4258/3761/3877 4176/3762/3876
f 4193/3780/3892 4194/3782/3894 4192/3781/3893 4191/3779/3891
f 4190/3777/3889 4198/3784/3895 4195/3783/3896 4193/3780/3892
f 4193/3780/3892 4195/3783/3896 4196/3785/3897 4194/3782/3894
f 4195/3786/3896 4197/3789/3898 4243/3788/3899 4196/3787/3897
f 4198/3790/3895 4199/3791/3900 4197/3789/3898 4195/3786/3896
f 4200/3792/3901 4201/3793/3902 4199/3791/3900 4198/3790/3895
f 4188/3775/3887 4200/3794/3901 4198/3784/3895 4190/3777/3889
f 4186/3776/3888 4202/3795/3903 4200/3794/3901 4188/3775/3887
f 4202/3796/3903 4203/3797/3904 4201/3793/3902 4200/3792/3901
f 4205/3798/3905 4201/3793/3902 4203/3797/3904 4204/3799/3906
f 4208/3800/3907 4205/3798/3905 4204/3799/3906 4206/3801/3908
f 4206/3801/3908 4207/3803/3909 4210/3802/3910 4208/3800/3907
f 4208/3800/3907 4210/3802/3910 4211/3805/3911 4209/3804/3912
f 4209/3804/3912 4241/3806/3913 4205/3798/3905 4208/3800/3907
f 4210/3807/3910 4212/3810/3914 4213/3809/3915 4211/3808/3911
f 4207/3811/3909 4214/3812/3916 4212/3810/3914 4210/3807/3910
f 4218/3813/3917 4213/3809/3915 4212/3810/3914 4215/3814/3918
f 4215/3814/3918 4212/3810/3914 4214/3812/3916 4217/3815/3919
f 4216/3816/3920 4215/3814/3918 4217/3815/3919 4267/3817/3921
f 4219/3818/3922 4218/3813/3917 4215/3814/3918 4216/3816/3920
f 4220/3819/3923 4222/3820/3924 4213/3809/3915 4218/3813/3917
f 4221/3821/3925 4220/3819/3923 4218/3813/3917 4219/3818/3922
f 4224/3822/3926 4223/3823/3927 4220/3819/3923 4221/3821/3925
f 4223/3823/3927 4225/3824/3928 4222/3820/3924 4220/3819/3923
f 4227/3825/3929 4226/3826/3930 4223/3823/3927 4224/3822/3926
f 4226/3826/3930 4228/3827/3931 4225/3824/3928 4223/3823/3927
f 4231/3828/3932 4229/3829/3933 4226/3826/3930 4227/3825/3929
f 4229/3829/3933 4230/3830/3934 4228/3827/3931 4226/3826/3930
f 4160/3831/3857 4231/3828/3932 4227/3825/3929 4259/3832/3858
f 4234/3833/3935 4228/3827/3931 4230/3830/3934 4232/3834/3936
f 4235/3835/3937 4234/3838/3935 4232/3837/3936 4233/3836/3938
f 4237/3839/3939 4236/3840/3940 4234/3838/3935 4235/3835/3937
f 4236/3841/3940 4225/3824/3928 4228/3827/3931 4234/3833/3935
f 4239/3842/3941 4238/3843/3942 4236/3840/3940 4237/3839/3939
f 4238/3844/3942 4222/3820/3924 4225/3824/3928 4236/3841/3940
f 4209/3804/3912 4211/3805/3911 4238/3843/3942 4239/3842/3941
f 4211/3808/3911 4213/3809/3915 4222/3820/3924 4238/3844/3942
f 4209/3804/3912 4239/3842/3941 4240/3845/3943 4241/3806/3913
f 4239/3842/3941 4237/3839/3939 4242/3846/3944 4240/3845/3943
f 4241/3806/3913 4240/3845/3943 4197/3789/3898 4199/3791/3900
f 4240/3845/3943 4242/3846/3944 4243/3788/3899 4197/3789/3898
f 4235/3835/3937 4244/3847/3945 4242/3846/3944 4237/3839/3939
f 4244/3847/3945 4245/3848/3946 4243/3788/3899 4242/3846/3944
f 4233/3836/3938 4246/3849/3947 4244/3847/3945 4235/3835/3937
f 4246/3849/3947 4247/3850/3948 4245/3848/3946 4244/3847/3945
f 4250/3851/3949 4245/3848/3946 4247/3850/3948 4248/3852/3950
f 4251/3853/3951 4250/3856/3949 4248/3855/3950 4249/3854/3952
f 4194/3782/3894 4196/3785/3897 4250/3856/3949 4251/3853/3951
f 4196/3787/3897 4243/3788/3899 4245/3848/3946 4250/3851/3949
f 4251/3853/3951 4252/3857/3953 4192/3781/3893 4194/3782/3894
f 4249/3854/3952 4254/3858/3954 4252/3857/3953 4251/3853/3951
f 4252/3857/3953 4253/3859/3955 4258/3761/3877 4192/3781/3893
f 4254/3858/3954 4255/3860/3956 4253/3859/3955 4252/3857/3953
f 4257/3861/3957 4253/3859/3955 4255/3860/3956 4256/3862/3958
f 4165/3746/3863 4257/3864/3957 4256/3863/3958 4163/3745/3862
f 4167/3747/3865 4175/3758/3875 4257/3864/3957 4165/3746/3863
f 4175/3760/3875 4258/3761/3877 4253/3859/3955 4257/3861/3957
f 4241/3806/3913 4199/3791/3900 4201/3793/3902 4205/3798/3905
f 4259/3832/3858 4227/3825/3929 4224/3822/3926 4260/3865/3959
f 4161/3740/3859 4259/3741/3858 4260/3866/3959 4168/3749/3866
f 4168/3749/3866 4260/3866/3959 4261/3867/3960 4171/3752/3869
f 4260/3865/3959 4224/3822/3926 4221/3821/3925 4261/3868/3960
f 4171/3752/3869 4261/3867/3960 4262/3869/3961 4263/3754/3871
f 4261/3868/3960 4221/3821/3925 4219/3818/3922 4262/3870/3961
f 4263/3754/3871 4262/3869/3961 4264/3872/3962 4265/3871/3963
f 4262/3870/3961 4219/3818/3922 4216/3816/3920 4264/3873/3962
f 4265/3871/3963 4264/3872/3962 4266/3875/3964 4268/3874/3965
f 4264/3873/3962 4216/3816/3920 4267/3817/3921 4266/3876/3964
f 4270/3877/3966 4265/3871/3963 4268/3874/3965 4269/3878/3967
f 4180/3767/3881 4270/3877/3966 4269/3878/3967 4183/3769/3882
f 4173/3755/3872 4170/3753/3870 4270/3877/3966 4180/3767/3881
f 4170/3753/3870 4263/3754/3871 4265/3871/3963 4270/3877/3966
f 4271/3739/3968 4272/3742/3969 4371/3741/3970 4273/3740/3971
f 4274/3743/3972 4271/3739/3968 4273/3740/3971 4276/3744/3973
f 4275/3745/3974 4274/3743/3972 4276/3744/3973 4277/3746/3975
f 4277/3746/3975 4276/3744/3973 4278/3748/3976 4279/3747/3977
f 4276/3744/3973 4273/3740/3971 4280/3749/3978 4278/3748/3976
f 4284/3750/3979 4279/3747/3977 4278/3748/3976 4281/3751/3980
f 4281/3751/3980 4278/3748/3976 4280/3749/3978 4283/3752/3981
f 4282/3753/3982 4281/3751/3980 4283/3752/3981 4375/3754/3983
f 4285/3755/3984 4284/3750/3979 4281/3751/3980 4282/3753/3982
f 4285/3755/3984 4289/3757/3985 4286/3756/3986 4284/3750/3979
f 4284/3750/3979 4286/3756/3986 4287/3758/3987 4279/3747/3977
f 4286/3759/3986 4288/3762/3988 4370/3761/3989 4287/3760/3987
f 4289/3763/3985 4290/3764/3990 4288/3762/3988 4286/3759/3986
f 4291/3765/3991 4293/3766/3992 4290/3764/3990 4289/3763/3985
f 4292/3767/3993 4291/3768/3991 4289/3757/3985 4285/3755/3984
f 4295/3769/3994 4294/3770/3995 4291/3768/3991 4292/3767/3993
f 4294/3771/3995 4296/3772/3996 4293/3766/3992 4291/3765/3991
f 4299/3773/3997 4293/3766/3992 4296/3772/3996 4297/3774/3998
f 4300/3775/3999 4299/3773/3997 4297/3774/3998 4298/3776/4000
f 4302/3777/4001 4301/3778/4002 4299/3773/3997 4300/3775/3999
f 4301/3778/4002 4290/3764/3990 4293/3766/3992 4299/3773/3997
f 4301/3778/4002 4303/3779/4003 4288/3762/3988 4290/3764/3990
f 4302/3777/4001 4305/3780/4004 4303/3779/4003 4301/3778/4002
f 4303/3779/4003 4304/3781/4005 4370/3761/3989 4288/3762/3988
f 4305/3780/4004 4306/3782/4006 4304/3781/4005 4303/3779/4003
f 4302/3777/4001 4310/3784/4007 4307/3783/4008 4305/3780/4004
f 4305/3780/4004 4307/3783/4008 4308/3785/4009 4306/3782/4006
f 4307/3786/4008 4309/3789/4010 4355/3788/4011 4308/3787/4009
f 4310/3790/4007 4311/3791/4012 4309/3789/4010 4307/3786/4008
f 4312/3792/4013 4313/3793/4014 4311/3791/4012 4310/3790/4007
f 4300/3775/3999 4312/3794/4013 4310/3784/4007 4302/3777/4001
f 4298/3776/4000 4314/3795/4015 4312/3794/4013 4300/3775/3999
f 4314/3796/4015 4315/3797/4016 4313/3793/4014 4312/3792/4013
f 4317/3798/4017 4313/3793/4014 4315/3797/4016 4316/3799/4018
f 4320/3800/4019 4317/3798/4017 4316/3799/4018 4318/3801/4020
f 4318/3801/4020 4319/3803/4021 4322/3802/4022 4320/3800/4019
f 4320/3800/4019 4322/3802/4022 4323/3805/4023 4321/3804/4024
f 4321/3804/4024 4353/3806/4025 4317/3798/4017 4320/3800/4019
f 4322/3807/4022 4324/3810/4026 4325/3809/4027 4323/3808/4023
f 4319/3811/4021 4326/3812/4028 4324/3810/4026 4322/3807/4022
f 4330/3813/4029 4325/3809/4027 4324/3810/4026 4327/3814/4030
f 4327/3814/4030 4324/3810/4026 4326/3812/4028 4329/3815/4031
f 4328/3816/4032 4327/3814/4030 4329/3815/4031 4379/3817/4033
f 4331/3818/4034 4330/3813/4029 4327/3814/4030 4328/3816/4032
f 4332/3819/4035 4334/3820/4036 4325/3809/4027 4330/3813/4029
f 4333/3821/4037 4332/3819/4035 4330/3813/4029 4331/3818/4034
f 4336/3822/4038 4335/3823/4039 4332/3819/4035 4333/3821/4037
f 4335/3823/4039 4337/3824/4040 4334/3820/4036 4332/3819/4035
f 4339/3825/4041 4338/3826/4042 4335/3823/4039 4336/3822/4038
f 4338/3826/4042 4340/3827/4043 4337/3824/4040 4335/3823/4039
f 4343/3828/4044 4341/3829/4045 4338/3826/4042 4339/3825/4041
f 4341/3829/4045 4342/3830/4046 4340/3827/4043 4338/3826/4042
f 4272/3831/3969 4343/3828/4044 4339/3825/4041 4371/3832/3970
f 4346/3833/4047 4340/3827/4043 4342/3830/4046 4344/3834/4048
f 4347/3835/4049 4346/3838/4047 4344/3837/4048 4345/3836/4050
f 4349/3839/4051 4348/3840/4052 4346/3838/4047 4347/3835/4049
f 4348/3841/4052 4337/3824/4040 4340/3827/4043 4346/3833/4047
f 4351/3842/4053 4350/3843/4054 4348/3840/4052 4349/3839/4051
f 4350/3844/4054 4334/3820/4036 4337/3824/4040 4348/3841/4052
f 4321/3804/4024 4323/3805/4023 4350/3843/4054 4351/3842/4053
f 4323/3808/4023 4325/3809/4027 4334/3820/4036 4350/3844/4054
f 4321/3804/4024 4351/3842/4053 4352/3845/4055 4353/3806/4025
f 4351/3842/4053 4349/3839/4051 4354/3846/4056 4352/3845/4055
f 4353/3806/4025 4352/3845/4055 4309/3789/4010 4311/3791/4012
f 4352/3845/4055 4354/3846/4056 4355/3788/4011 4309/3789/4010
f 4347/3835/4049 4356/3847/4057 4354/3846/4056 4349/3839/4051
f 4356/3847/4057 4357/3848/4058 4355/3788/4011 4354/3846/4056
f 4345/3836/4050 4358/3849/4059 4356/3847/4057 4347/3835/4049
f 4358/3849/4059 4359/3850/4060 4357/3848/4058 4356/3847/4057
f 4362/3851/4061 4357/3848/4058 4359/3850/4060 4360/3852/4062
f 4363/3853/4063 4362/3856/4061 4360/3855/4062 4361/3854/4064
f 4306/3782/4006 4308/3785/4009 4362/3856/4061 4363/3853/4063
f 4308/3787/4009 4355/3788/4011 4357/3848/4058 4362/3851/4061
f 4363/3853/4063 4364/3857/4065 4304/3781/4005 4306/3782/4006
f 4361/3854/4064 4366/3858/4066 4364/3857/4065 4363/3853/4063
f 4364/3857/4065 4365/3859/4067 4370/3761/3989 4304/3781/4005
f 4366/3858/4066 4367/3860/4068 4365/3859/4067 4364/3857/4065
f 4369/3861/4069 4365/3859/4067 4367/3860/4068 4368/3862/4070
f 4277/3746/3975 4369/3864/4069 4368/3863/4070 4275/3745/3974
f 4279/3747/3977 4287/3758/3987 4369/3864/4069 4277/3746/3975
f 4287/3760/3987 4370/3761/3989 4365/3859/4067 4369/3861/4069
f 4353/3806/4025 4311/3791/4012 4313/3793/4014 4317/3798/4017
f 4371/3832/3970 4339/3825/4041 4336/3822/4038 4372/3865/4071
f 4273/3740/3971 4371/3741/3970 4372/3866/4071 4280/3749/3978
f 4280/3749/3978 4372/3866/4071 4373/3867/4072 4283/3752/3981
f 4372/3865/4071 4336/3822/4038 4333/3821/4037 4373/3868/4072
f 4283/3752/3981 4373/3867/4072 4374/3869/4073 4375/3754/3983
f 4373/3868/4072 4333/3821/4037 4331/3818/4034 4374/3870/4073
f 4375/3754/3983 4374/3869/4073 4376/3872/4074 4377/3871/4075
f 4374/3870/4073 4331/3818/4034 4328/3816/4032 4376/3873/4074
f 4377/3871/4075 4376/3872/4074 4378/3875/4076 4380/3874/4077
f 4376/3873/4074 4328/3816/4032 4379/3817/4033 4378/3876/4076
f 4382/3877/4078 4377/3871/4075 4380/3874/4077 4381/3878/4079
f 4292/3767/3993 4382/3877/4078 4381/3878/4079 4295/3769/3994
f 4285/3755/3984 4282/3753/3982 4382/3877/4078 4292/3767/3993
f 4282/3753/3982 4375/3754/3983 4377/3871/4075 4382/3877/4078
f 4383/3739/4080 4385/3740/4081 4483/3741/4082 4384/3742/4083
f 4386/3743/4084 4388/3744/4085 4385/3740/4081 4383/3739/4080
f 4387/3745/4086 4389/3746/4087 4388/3744/4085 4386/3743/4084
f 4389/3746/4087 4391/3747/4088 4390/3748/4089 4388/3744/4085
f 4388/3744/4085 4390/3748/4089 4392/3749/4090 4385/3740/4081
f 4396/3750/4091 4393/3751/4092 4390/3748/4089 4391/3747/4088
f 4393/3751/4092 4395/3752/4093 4392/3749/4090 4390/3748/4089
f 4394/3753/4094 4487/3754/4095 4395/3752/4093 4393/3751/4092
f 4397/3755/4096 4394/3753/4094 4393/3751/4092 4396/3750/4091
f 4397/3755/4096 4396/3750/4091 4398/3756/4097 4401/3757/4098
f 4396/3750/4091 4391/3747/4088 4399/3758/4099 4398/3756/4097
f 4398/3759/4097 4399/3760/4099 4482/3761/4100 4400/3762/4101
f 4401/3763/4098 4398/3759/4097 4400/3762/4101 4402/3764/4102
f 4403/3765/4103 4401/3763/4098 4402/3764/4102 4405/3766/4104
f 4404/3767/4105 4397/3755/4096 4401/3757/4098 4403/3768/4103
f 4407/3769/4106 4404/3767/4105 4403/3768/4103 4406/3770/4107
f 4406/3771/4107 4403/3765/4103 4405/3766/4104 4408/3772/4108
f 4411/3773/4109 4409/3774/4110 4408/3772/4108 4405/3766/4104
f 4412/3775/4111 4410/3776/4112 4409/3774/4110 4411/3773/4109
f 4414/3777/4113 4412/3775/4111 4411/3773/4109 4413/3778/4114
f 4413/3778/4114 4411/3773/4109 4405/3766/4104 4402/3764/4102
f 4413/3778/4114 4402/3764/4102 4400/3762/4101 4415/3779/4115
f 4414/3777/4113 4413/3778/4114 4415/3779/4115 4417/3780/4116
f 4415/3779/4115 4400/3762/4101 4482/3761/4100 4416/3781/4117
f 4417/3780/4116 4415/3779/4115 4416/3781/4117 4418/3782/4118
f 4414/3777/4113 4417/3780/4116 4419/3783/4119 4422/3784/4120
f 4417/3780/4116 4418/3782/4118 4420/3785/4121 4419/3783/4119
f 4419/3786/4119 4420/3787/4121 4467/3788/4122 4421/3789/4123
f 4422/3790/4120 4419/3786/4119 4421/3789/4123 4423/3791/4124
f 4424/3792/4125 4422/3790/4120 4423/3791/4124 4425/3793/4126
f 4412/3775/4111 4414/3777/4113 4422/3784/4120 4424/3794/4125
f 4410/3776/4112 4412/3775/4111 4424/3794/4125 4426/3795/4127
f 4426/3796/4127 4424/3792/4125 4425/3793/4126 4427/3797/4128
f 4429/3798/4129 4428/3799/4130 4427/3797/4128 4425/3793/4126
f 4432/3800/4131 4430/3801/4132 4428/3799/4130 4429/3798/4129
f 4430/3801/4132 4432/3800/4131 4434/3802/4133 4431/3803/4134
f 4432/3800/4131 4433/3804/4135 4435/3805/4136 4434/3802/4133
f 4433/3804/4135 4432/3800/4131 4429/3798/4129 4465/3806/4137
f 4434/3807/4133 4435/3808/4136 4437/3809/4138 4436/3810/4139
f 4431/3811/4134 4434/3807/4133 4436/3810/4139 4438/3812/4140
f 4442/3813/4141 4439/3814/4142 4436/3810/4139 4437/3809/4138
f 4439/3814/4142 4441/3815/4143 4438/3812/4140 4436/3810/4139
f 4440/3816/4144 4491/3817/4145 4441/3815/4143 4439/3814/4142
f 4443/3818/4146 4440/3816/4144 4439/3814/4142 4442/3813/4141
f 4444/3819/4147 4442/3813/4141 4437/3809/4138 4446/3820/4148
f 4445/3821/4149 4443/3818/4146 4442/3813/4141 4444/3819/4147
f 4448/3822/4150 4445/3821/4149 4444/3819/4147 4447/3823/4151
f 4447/3823/4151 4444/3819/4147 4446/3820/4148 4449/3824/4152
f 4451/3825/4153 4448/3822/4150 4447/3823/4151 4450/3826/4154
f 4450/3826/4154 4447/3823/4151 4449/3824/4152 4452/3827/4155
f 4455/3828/4156 4451/3825/4153 4450/3826/4154 4453/3829/4157
f 4453/3829/4157 4450/3826/4154 4452/3827/4155 4454/3830/4158
f 4384/3831/4083 4483/3832/4082 4451/3825/4153 4455/3828/4156
f 4458/3833/4159 4456/3834/4160 4454/3830/4158 4452/3827/4155
f 4459/3835/4161 4457/3836/4162 4456/3837/4160 4458/3838/4159
f 4461/3839/4163 4459/3835/4161 4458/3838/4159 4460/3840/4164
f 4460/3841/4164 4458/3833/4159 4452/3827/4155 4449/3824/4152
f 4463/3842/4165 4461/3839/4163 4460/3840/4164 4462/3843/4166
f 4462/3844/4166 4460/3841/4164 4449/3824/4152 4446/3820/4148
f 4433/3804/4135 4463/3842/4165 4462/3843/4166 4435/3805/4136
f 4435/3808/4136 4462/3844/4166 4446/3820/4148 4437/3809/4138
f 4433/3804/4135 4465/3806/4137 4464/3845/4167 4463/3842/4165
f 4463/3842/4165 4464/3845/4167 4466/3846/4168 4461/3839/4163
f 4465/3806/4137 4423/3791/4124 4421/3789/4123 4464/3845/4167
f 4464/3845/4167 4421/3789/4123 4467/3788/4122 4466/3846/4168
f 4459/3835/4161 4461/3839/4163 4466/3846/4168 4468/3847/4169
f 4468/3847/4169 4466/3846/4168 4467/3788/4122 4469/3848/4170
f 4457/3836/4162 4459/3835/4161 4468/3847/4169 4470/3849/4171
f 4470/3849/4171 4468/3847/4169 4469/3848/4170 4471/3850/4172
f 4474/3851/4173 4472/3852/4174 4471/3850/4172 4469/3848/4170
f 4475/3853/4175 4473/3854/4176 4472/3855/4174 4474/3856/4173
f 4418/3782/4118 4475/3853/4175 4474/3856/4173 4420/3785/4121
f 4420/3787/4121 4474/3851/4173 4469/3848/4170 4467/3788/4122
f 4475/3853/4175 4418/3782/4118 4416/3781/4117 4476/3857/4177
f 4473/3854/4176 4475/3853/4175 4476/3857/4177 4478/3858/4178
f 4476/3857/4177 4416/3781/4117 4482/3761/4100 4477/3859/4179
f 4478/3858/4178 4476/3857/4177 4477/3859/4179 4479/3860/4180
f 4481/3861/4181 4480/3862/4182 4479/3860/4180 4477/3859/4179
f 4389/3746/4087 4387/3745/4086 4480/3863/4182 4481/3864/4181
f 4391/3747/4088 4389/3746/4087 4481/3864/4181 4399/3758/4099
f 4399/3760/4099 4481/3861/4181 4477/3859/4179 4482/3761/4100
f 4465/3806/4137 4429/3798/4129 4425/3793/4126 4423/3791/4124
f 4483/3832/4082 4484/3865/4183 4448/3822/4150 4451/3825/4153
f 4385/3740/4081 4392/3749/4090 4484/3866/4183 4483/3741/4082
f 4392/3749/4090 4395/3752/4093 4485/3867/4184 4484/3866/4183
f 4484/3865/4183 4485/3868/4184 4445/3821/4149 4448/3822/4150
f 4395/3752/4093 4487/3754/4095 4486/3869/4185 4485/3867/4184
f 4485/3868/4184 4486/3870/4185 4443/3818/4146 4445/3821/4149
f 4487/3754/4095 4489/3871/4186 4488/3872/4187 4486/3869/4185
f 4486/3870/4185 4488/3873/4187 4440/3816/4144 4443/3818/4146
f 4489/3871/4186 4492/3874/4188 4490/3875/4189 4488/3872/4187
f 4488/3873/4187 4490/3876/4189 4491/3817/4145 4440/3816/4144
f 4494/3877/4190 4493/3878/4191 4492/3874/4188 4489/3871/4186
f 4404/3767/4105 4407/3769/4106 4493/3878/4191 4494/3877/4190
f 4397/3755/4096 4404/3767/4105 4494/3877/4190 4394/3753/4094
f 4394/3753/4094 4494/3877/4190 4489/3871/4186 4487/3754/4095
f 4633/4399/4329 4639/4400/4330 4636/4401/4331 4632/4402/4332
f 4632/4402/4332 4634/4403/4333 4709/4404/4334 4633/4399/4329
f 4665/4405/4335 4634/4403/4333 4632/4402/4332 4635/4406/4336
f 4635/4406/4336 4632/4402/4332 4636/4401/4331 4638/4407/4337
f 4639/4400/4330 4641/4408/4338 4637/4409/4339 4636/4401/4331
f 4638/4407/4337 4636/4401/4331 4637/4409/4339 4651/4410/4340
f 4640/4411/4341 4642/4412/4342 4641/4413/4338 4639/4414/4330
f 4711/4415/4343 4640/4411/4341 4639/4414/4330 4633/4416/4329
f 4637/4409/4339 4641/4408/4338 4643/4417/4344 4646/4418/4345
f 4641/4413/4338 4642/4412/4342 4644/4419/4346 4643/4420/4344
f 4643/4421/4344 4644/4422/4346 4768/4423/4347 4645/4424/4348
f 4646/4425/4345 4643/4426/4344 4645/4427/4348 4647/4428/4349
f 4647/4428/4349 4649/4429/4350 4648/4430/4351 4646/4425/4345
f 4646/4418/4345 4648/4431/4351 4651/4410/4340 4637/4409/4339
f 4649/4429/4350 4774/4432/4352 4650/4433/4353 4648/4430/4351
f 4648/4431/4351 4650/4434/4353 4652/4435/4354 4651/4410/4340
f 4654/4436/4355 4638/4407/4337 4651/4410/4340 4652/4435/4354
f 4653/4437/4356 4656/4438/4357 4654/4439/4355 4652/4440/4354
f 4652/4440/4354 4650/4441/4353 4779/4442/4358 4653/4437/4356
f 4656/4438/4357 4658/4443/4359 4655/4444/4360 4654/4439/4355
f 4655/4445/4360 4635/4406/4336 4638/4407/4337 4654/4436/4355
f 4657/4446/4361 4659/4447/4362 4658/4443/4359 4656/4438/4357
f 4781/4448/4363 4657/4446/4361 4656/4438/4357 4653/4437/4356
f 4655/4444/4360 4658/4443/4359 4660/4449/4364 4663/4450/4365
f 4658/4443/4359 4659/4447/4362 4661/4451/4366 4660/4449/4364
f 4660/4449/4364 4661/4451/4366 4849/4452/4367 4662/4453/4368
f 4663/4454/4365 4660/4455/4364 4662/4456/4368 4664/4457/4369
f 4664/4457/4369 4666/4458/4370 4665/4459/4335 4663/4454/4365
f 4663/4460/4365 4665/4405/4335 4635/4406/4336 4655/4445/4360
f 4666/4458/4370 4667/4461/4371 4634/4462/4333 4665/4459/4335
f 4668/4463/4372 4670/4464/4373 4667/4461/4371 4666/4458/4370
f 4671/4465/4374 4668/4463/4372 4666/4458/4370 4664/4457/4369
f 4669/4466/4375 4703/4467/4376 4670/4464/4373 4668/4463/4372
f 4672/4468/4377 4669/4466/4375 4668/4463/4372 4671/4465/4374
f 4672/4468/4377 4671/4465/4374 4673/4469/4378 4675/4470/4379
f 4671/4465/4374 4664/4457/4369 4662/4456/4368 4673/4469/4378
f 4673/4469/4378 4662/4456/4368 4849/4471/4367 4674/4472/4380
f 4675/4470/4379 4673/4469/4378 4674/4472/4380 4676/4473/4381
f 4677/4474/4382 4675/4470/4379 4676/4473/4381 4679/4475/4383
f 4678/4476/4384 4672/4468/4377 4675/4470/4379 4677/4474/4382
f 4681/4477/4385 4678/4476/4384 4677/4474/4382 4680/4478/4386
f 4680/4478/4386 4677/4474/4382 4679/4475/4383 4682/4479/4387
f 4681/4477/4385 4680/4478/4386 4683/4480/4388 4686/4481/4389
f 4680/4478/4386 4682/4479/4387 4684/4482/4390 4683/4480/4388
f 4683/4480/4388 4684/4482/4390 4813/4483/4391 4685/4484/4392
f 4686/4481/4389 4683/4480/4388 4685/4484/4392 4687/4485/4393
f 4688/4486/4394 4686/4481/4389 4687/4485/4393 4690/4487/4395
f 4689/4488/4396 4681/4477/4385 4686/4481/4389 4688/4486/4394
f 4692/4489/4397 4689/4488/4396 4688/4486/4394 4691/4490/4398
f 4691/4490/4398 4688/4486/4394 4690/4487/4395 4693/4491/4399
f 4692/4489/4397 4691/4490/4398 4694/4492/4400 4697/4493/4401
f 4691/4490/4398 4693/4491/4399 4695/4494/4402 4694/4492/4400
f 4694/4492/4400 4695/4494/4402 4832/4495/4403 4696/4496/4404
f 4697/4493/4401 4694/4492/4400 4696/4496/4404 4698/4497/4405
f 4699/4498/4406 4697/4493/4401 4698/4497/4405 4701/4499/4407
f 4700/4500/4408 4692/4489/4397 4697/4493/4401 4699/4498/4406
f 4703/4467/4376 4700/4500/4408 4699/4498/4406 4702/4501/4409
f 4702/4501/4409 4699/4498/4406 4701/4499/4407 4704/4502/4410
f 4703/4467/4376 4702/4501/4409 4705/4503/4411 4670/4464/4373
f 4702/4501/4409 4704/4502/4410 4706/4504/4412 4705/4503/4411
f 4705/4503/4411 4706/4504/4412 4708/4505/4413 4707/4506/4414
f 4670/4464/4373 4705/4503/4411 4707/4506/4414 4667/4461/4371
f 4634/4462/4333 4667/4461/4371 4707/4506/4414 4709/4507/4334
f 4709/4508/4334 4707/4509/4414 4708/4510/4413 4710/4511/4415
f 4633/4416/4329 4709/4508/4334 4710/4511/4415 4711/4415/4343
f 4712/4512/4416 4710/4511/4415 4708/4510/4413 4706/4513/4412
f 4713/4514/4417 4711/4415/4343 4710/4511/4415 4712/4512/4416
f 4715/4515/4418 4713/4514/4417 4712/4512/4416 4714/4516/4419
f 4714/4516/4419 4712/4512/4416 4706/4513/4412 4704/4517/4410
f 4704/4517/4410 4701/4518/4407 4716/4519/4420 4714/4516/4419
f 4714/4516/4419 4716/4519/4420 4718/4520/4421 4715/4515/4418
f 4701/4518/4407 4698/4521/4405 4717/4522/4422 4716/4519/4420
f 4716/4519/4420 4717/4522/4422 4719/4523/4423 4718/4520/4421
f 4720/4524/101 4718/4520/4421 4719/4523/4423 4722/4525/4424
f 4721/4526/4425 4715/4515/4418 4718/4520/4421 4720/4524/101
f 4724/4527/4426 4721/4526/4425 4720/4524/101 4723/4528/4427
f 4723/4528/4427 4720/4524/101 4722/4525/4424 4725/4529/4428
f 4726/4530/4429 4728/4531/4430 4724/4527/4426 4723/4528/4427
f 4729/4532/4431 4726/4530/4429 4723/4528/4427 4725/4529/4428
f 4727/4533/4432 4764/4534/4433 4728/4531/4430 4726/4530/4429
f 4730/4535/4434 4727/4533/4432 4726/4530/4429 4729/4532/4431
f 4729/4532/4431 4731/4536/4435 4734/4537/4436 4730/4535/4434
f 4725/4529/4428 4732/4538/4437 4731/4536/4435 4729/4532/4431
f 4732/4538/4437 4838/4539/4438 4733/4540/4439 4731/4536/4435
f 4731/4536/4435 4733/4540/4439 4735/4541/4440 4734/4537/4436
f 4737/4542/4441 4730/4543/4434 4734/4544/4436 4736/4545/4442
f 4736/4545/4442 4734/4544/4436 4735/4546/4440 4738/4547/4443
f 4741/4548/4444 4737/4542/4441 4736/4545/4442 4739/4549/4445
f 4739/4549/4445 4736/4545/4442 4738/4547/4443 4740/4550/4446
f 4742/4551/4447 4739/4549/4445 4740/4550/4446 4744/4552/4448
f 4743/4553/4449 4741/4548/4444 4739/4549/4445 4742/4551/4447
f 4746/4554/4450 4743/4553/4449 4742/4551/4447 4745/4555/4451
f 4745/4555/4451 4742/4551/4447 4744/4552/4448 4747/4556/4452
f 4746/4554/4450 4745/4555/4451 4748/4557/4453 4751/4558/4454
f 4745/4555/4451 4747/4556/4452 4749/4559/4455 4748/4557/4453
f 4748/4557/4453 4749/4559/4455 4847/4560/4456 4750/4561/4457
f 4751/4558/4454 4748/4557/4453 4750/4561/4457 4752/4562/4458
f 4752/4562/4458 4754/4563/4459 4753/4564/4460 4751/4558/4454
f 4751/4558/4454 4753/4564/4460 4756/4565/4461 4746/4554/4450
f 4754/4563/4459 4785/4566/4462 4755/4567/4463 4753/4564/4460
f 4753/4564/4460 4755/4567/4463 4757/4568/4464 4756/4565/4461
f 4757/4568/4464 4759/4569/4465 4758/4570/28 4756/4565/4461
f 4756/4565/4461 4758/4570/28 4743/4553/4449 4746/4554/4450
f 4759/4569/4465 4761/4571/4466 4760/4572/4467 4758/4570/28
f 4758/4570/28 4760/4572/4467 4741/4548/4444 4743/4553/4449
f 4741/4548/4444 4760/4572/4467 4762/4573/4468 4737/4542/4441
f 4760/4572/4467 4761/4571/4466 4763/4574/4469 4762/4573/4468
f 4762/4573/4468 4763/4574/4469 4764/4575/4433 4727/4576/4432
f 4737/4542/4441 4762/4573/4468 4727/4576/4432 4730/4543/4434
f 4763/4574/4469 4765/4577/4470 4767/4578/4471 4764/4575/4433
f 4761/4571/4466 4766/4579/4472 4765/4577/4470 4763/4574/4469
f 4766/4579/4472 4647/4428/4349 4645/4427/4348 4765/4577/4470
f 4765/4577/4470 4645/4427/4348 4768/4580/4347 4767/4578/4471
f 4728/4531/4430 4764/4534/4433 4767/4581/4471 4769/4582/4473
f 4769/4582/4473 4767/4581/4471 4768/4583/4347 4644/4419/4346
f 4724/4527/4426 4728/4531/4430 4769/4582/4473 4770/4584/4474
f 4770/4584/4474 4769/4582/4473 4644/4419/4346 4642/4412/4342
f 4771/4585/4475 4770/4584/4474 4642/4412/4342 4640/4411/4341
f 4721/4526/4425 4724/4527/4426 4770/4584/4474 4771/4585/4475
f 4715/4515/4418 4721/4526/4425 4771/4585/4475 4713/4514/4417
f 4713/4514/4417 4771/4585/4475 4640/4411/4341 4711/4415/4343
f 4761/4571/4466 4759/4569/4465 4772/4586/4476 4766/4579/4472
f 4766/4579/4472 4772/4586/4476 4649/4429/4350 4647/4428/4349
f 4759/4569/4465 4757/4568/4464 4773/4587/4477 4772/4586/4476
f 4772/4586/4476 4773/4587/4477 4774/4432/4352 4649/4429/4350
f 4773/4587/4477 4775/4588/4478 4777/4589/4479 4774/4432/4352
f 4757/4568/4464 4755/4567/4463 4775/4588/4478 4773/4587/4477
f 4755/4567/4463 4785/4566/4462 4776/4590/4480 4775/4588/4478
f 4775/4588/4478 4776/4590/4480 4778/4591/4481 4777/4589/4479
f 4650/4433/4353 4774/4432/4352 4777/4589/4479 4779/4592/4358
f 4779/4442/4358 4777/4593/4479 4778/4594/4481 4780/4595/4482
f 4653/4437/4356 4779/4442/4358 4780/4595/4482 4781/4448/4363
f 4782/4596/4483 4780/4595/4482 4778/4594/4481 4776/4597/4480
f 4783/4598/4484 4781/4448/4363 4780/4595/4482 4782/4596/4483
f 4786/4599/4485 4783/4598/4484 4782/4596/4483 4784/4600/4486
f 4784/4600/4486 4782/4596/4483 4776/4597/4480 4785/4601/4462
f 4787/4602/4487 4784/4600/4486 4785/4601/4462 4754/4603/4459
f 4788/4604/4488 4786/4599/4485 4784/4600/4486 4787/4602/4487
f 4790/4605/4489 4788/4604/4488 4787/4602/4487 4789/4606/4490
f 4789/4606/4490 4787/4602/4487 4754/4603/4459 4752/4607/4458
f 4790/4605/4489 4789/4606/4490 4791/4608/4491 4793/4609/4492
f 4789/4606/4490 4752/4607/4458 4750/4610/4457 4791/4608/4491
f 4791/4608/4491 4750/4610/4457 4847/4611/4456 4792/4612/4493
f 4793/4609/4492 4791/4608/4491 4792/4612/4493 4794/4613/4494
f 4795/4614/4495 4793/4609/4492 4794/4613/4494 4797/4615/4496
f 4796/4616/4497 4790/4605/4489 4793/4609/4492 4795/4614/4495
f 4799/4617/4498 4796/4616/4497 4795/4614/4495 4798/4618/4499
f 4798/4618/4499 4795/4614/4495 4797/4615/4496 4800/4619/4500
f 4799/4617/4498 4798/4618/4499 4801/4620/4501 4803/4621/4502
f 4798/4618/4499 4800/4619/4500 4802/4622/4503 4801/4620/4501
f 4801/4620/4501 4802/4622/4503 4813/4623/4391 4684/4624/4390
f 4803/4621/4502 4801/4620/4501 4684/4624/4390 4682/4625/4387
f 4682/4625/4387 4679/4626/4383 4804/4627/4504 4803/4621/4502
f 4803/4621/4502 4804/4627/4504 4806/4628/4505 4799/4617/4498
f 4679/4626/4383 4676/4629/4381 4805/4630/4506 4804/4627/4504
f 4804/4627/4504 4805/4630/4506 4807/4631/4507 4806/4628/4505
f 4807/4631/4507 4809/4632/4508 4808/4633/58 4806/4628/4505
f 4806/4628/4505 4808/4633/58 4796/4616/4497 4799/4617/4498
f 4809/4632/4508 4786/4599/4485 4788/4604/4488 4808/4633/58
f 4808/4633/58 4788/4604/4488 4790/4605/4489 4796/4616/4497
f 4786/4599/4485 4809/4632/4508 4810/4634/4509 4783/4598/4484
f 4809/4632/4508 4807/4631/4507 4811/4635/4510 4810/4634/4509
f 4810/4634/4509 4811/4635/4510 4659/4447/4362 4657/4446/4361
f 4783/4598/4484 4810/4634/4509 4657/4446/4361 4781/4448/4363
f 4811/4635/4510 4812/4636/4511 4661/4451/4366 4659/4447/4362
f 4807/4631/4507 4805/4630/4506 4812/4636/4511 4811/4635/4510
f 4805/4630/4506 4676/4629/4381 4674/4637/4380 4812/4636/4511
f 4812/4636/4511 4674/4637/4380 4849/4452/4367 4661/4451/4366
f 4814/4638/4512 4685/4639/4392 4813/4640/4391 4802/4641/4503
f 4816/4642/4513 4814/4638/4512 4802/4641/4503 4800/4643/4500
f 4815/4644/4514 4687/4485/4393 4685/4484/4392 4814/4645/4512
f 4817/4646/4515 4815/4647/4514 4814/4638/4512 4816/4642/4513
f 4800/4619/4500 4797/4615/4496 4818/4648/4516 4816/4649/4513
f 4816/4642/4513 4818/4650/4516 4820/4651/4517 4817/4646/4515
f 4797/4615/4496 4794/4613/4494 4819/4652/4518 4818/4648/4516
f 4818/4650/4516 4819/4653/4518 4821/4654/4519 4820/4651/4517
f 4821/4654/4519 4823/4655/4520 4822/4656/4521 4820/4651/4517
f 4820/4651/4517 4822/4656/4521 4825/4657/4522 4817/4646/4515
f 4823/4655/4520 4841/4658/4523 4824/4659/4524 4822/4656/4521
f 4822/4656/4521 4824/4659/4524 4826/4660/4525 4825/4657/4522
f 4827/4661/4526 4815/4647/4514 4817/4646/4515 4825/4657/4522
f 4828/4662/4527 4827/4661/4526 4825/4657/4522 4826/4660/4525
f 4690/4487/4395 4687/4485/4393 4815/4644/4514 4827/4663/4526
f 4693/4491/4399 4690/4487/4395 4827/4663/4526 4828/4664/4527
f 4828/4664/4527 4829/4665/4528 4695/4494/4402 4693/4491/4399
f 4826/4666/4525 4830/4667/4529 4829/4668/4528 4828/4669/4527
f 4830/4667/4529 4833/4670/4530 4831/4671/4531 4829/4668/4528
f 4829/4668/4528 4831/4671/4531 4832/4672/4403 4695/4673/4402
f 4834/4674/4532 4696/4675/4404 4832/4672/4403 4831/4671/4531
f 4835/4676/4533 4834/4674/4532 4831/4671/4531 4833/4670/4530
f 4717/4522/4422 4698/4521/4405 4696/4675/4404 4834/4674/4532
f 4719/4523/4423 4717/4522/4422 4834/4674/4532 4835/4676/4533
f 4836/4677/4534 4835/4676/4533 4833/4670/4530 4837/4678/4535
f 4722/4525/4424 4719/4523/4423 4835/4676/4533 4836/4677/4534
f 4725/4529/4428 4722/4525/4424 4836/4677/4534 4732/4538/4437
f 4732/4538/4437 4836/4677/4534 4837/4678/4535 4838/4539/4438
f 4837/4678/4535 4833/4670/4530 4830/4667/4529 4839/4679/4536
f 4838/4539/4438 4837/4678/4535 4839/4679/4536 4840/4680/4537
f 4839/4679/4536 4830/4667/4529 4826/4666/4525 4824/4681/4524
f 4840/4680/4537 4839/4679/4536 4824/4681/4524 4841/4682/4523
f 4840/4680/4537 4842/4683/4538 4733/4540/4439 4838/4539/4438
f 4841/4682/4523 4843/4684/4539 4842/4683/4538 4840/4680/4537
f 4843/4685/4539 4740/4550/4446 4738/4547/4443 4842/4686/4538
f 4842/4683/4538 4738/4687/4443 4735/4541/4440 4733/4540/4439
f 4844/4688/4540 4843/4685/4539 4841/4689/4523 4823/4690/4520
f 4744/4552/4448 4740/4550/4446 4843/4685/4539 4844/4688/4540
f 4747/4556/4452 4744/4552/4448 4844/4688/4540 4845/4691/4541
f 4845/4692/4541 4844/4693/4540 4823/4655/4520 4821/4654/4519
f 4845/4691/4541 4846/4694/4542 4749/4559/4455 4747/4556/4452
f 4821/4654/4519 4819/4653/4518 4846/4695/4542 4845/4692/4541
f 4819/4652/4518 4794/4613/4494 4792/4612/4493 4846/4696/4542
f 4846/4696/4542 4792/4612/4493 4847/4611/4456 4749/4697/4455
f 4703/4467/4376 4669/4466/4375 4848/4698/20 4700/4500/4408
f 4700/4500/4408 4848/4698/20 4689/4488/4396 4692/4489/4397
f 4669/4466/4375 4672/4468/4377 4678/4476/4384 4848/4698/20
f 4848/4698/20 4678/4476/4384 4681/4477/4385 4689/4488/4396
f 4853/4699/4340 4850/4700/4339 4851/4701/4345 5067/4702/4351
f 4850/4700/4339 4852/4703/4338 4872/4704/4344 4851/4701/4345
f 4850/4700/4339 4854/4705/4331 4857/4706/4330 4852/4703/4338
f 4853/4699/4340 4856/4707/4337 4854/4705/4331 4850/4700/4339
f 4854/4705/4331 4855/4708/4332 4858/4709/4329 4857/4706/4330
f 4856/4707/4337 4917/4710/4336 4855/4708/4332 4854/4705/4331
f 4857/4711/4330 4858/4712/4329 4860/4713/4343 4859/4714/4341
f 4852/4715/4338 4857/4711/4330 4859/4714/4341 4861/4716/4342
f 4859/4714/4341 4860/4713/4343 4863/4717/4417 4862/4718/4475
f 4861/4716/4342 4859/4714/4341 4862/4718/4475 4865/4719/4474
f 4862/4718/4475 4863/4717/4417 4929/4720/4418 4864/4721/4425
f 4865/4719/4474 4862/4718/4475 4864/4721/4425 4866/4722/4426
f 4865/4719/4474 4867/4723/4473 4870/4724/4346 4861/4716/4342
f 4866/4722/4426 4868/4725/4430 4867/4723/4473 4865/4719/4474
f 4868/4725/4430 4878/4726/4433 4869/4727/4471 4867/4723/4473
f 4867/4723/4473 4869/4727/4471 4871/4728/4347 4870/4724/4346
f 4852/4715/4338 4861/4716/4342 4870/4724/4346 4872/4729/4344
f 4872/4730/4344 4870/4731/4346 4871/4732/4347 4873/4733/4348
f 4851/4734/4345 4872/4735/4344 4873/4736/4348 4874/4737/4349
f 4875/4738/4470 4873/4736/4348 4871/4739/4347 4869/4740/4471
f 4876/4741/4472 4874/4737/4349 4873/4736/4348 4875/4738/4470
f 4879/4742/4466 4876/4741/4472 4875/4738/4470 4877/4743/4469
f 4877/4743/4469 4875/4738/4470 4869/4740/4471 4878/4744/4433
f 4878/4744/4433 4881/4745/4432 4880/4746/4468 4877/4743/4469
f 4877/4743/4469 4880/4746/4468 4883/4747/4467 4879/4742/4466
f 4881/4745/4432 4950/4748/4434 4882/4749/4441 4880/4746/4468
f 4880/4746/4468 4882/4749/4441 4884/4750/4444 4883/4747/4467
f 4883/4747/4467 4884/4750/4444 4886/4751/4449 4885/4752/28
f 4879/4742/4466 4883/4747/4467 4885/4752/28 4888/4753/4465
f 4885/4752/28 4886/4751/4449 4962/4754/4450 4887/4755/4461
f 4888/4753/4465 4885/4752/28 4887/4755/4461 4889/4756/4464
f 4890/4757/4476 4876/4741/4472 4879/4742/4466 4888/4753/4465
f 4892/4758/4477 4890/4757/4476 4888/4753/4465 4889/4756/4464
f 4891/4759/4350 4874/4737/4349 4876/4741/4472 4890/4757/4476
f 4893/4760/4352 4891/4759/4350 4890/4757/4476 4892/4758/4477
f 4892/4758/4477 4894/4761/4478 4897/4762/4479 4893/4760/4352
f 4889/4756/4464 4895/4763/4463 4894/4761/4478 4892/4758/4477
f 4895/4763/4463 4971/4764/4462 4896/4765/4480 4894/4761/4478
f 4894/4761/4478 4896/4765/4480 4898/4766/4481 4897/4762/4479
f 4900/4767/4353 4893/4760/4352 4897/4762/4479 4899/4768/4358
f 4899/4769/4358 4897/4770/4479 4898/4771/4481 4901/4772/4482
f 4904/4773/4354 4900/4774/4353 4899/4769/4358 4902/4775/4356
f 4902/4775/4356 4899/4769/4358 4901/4772/4482 4903/4776/4363
f 4905/4777/4357 4902/4775/4356 4903/4776/4363 4907/4778/4361
f 4906/4779/4355 4904/4773/4354 4902/4775/4356 4905/4777/4357
f 4909/4780/4360 4906/4779/4355 4905/4777/4357 4908/4781/4359
f 4908/4781/4359 4905/4777/4357 4907/4778/4361 4910/4782/4362
f 4909/4780/4360 4908/4781/4359 4911/4783/4364 4914/4784/4365
f 4908/4781/4359 4910/4782/4362 4912/4785/4366 4911/4783/4364
f 4911/4783/4364 4912/4785/4366 4998/4786/4367 4913/4787/4368
f 4914/4788/4365 4911/4789/4364 4913/4790/4368 4915/4791/4369
f 4916/4792/4335 4914/4788/4365 4915/4791/4369 4918/4793/4370
f 4917/4710/4336 4909/4794/4360 4914/4795/4365 4916/4796/4335
f 4855/4708/4332 4917/4710/4336 4916/4796/4335 4919/4797/4333
f 4919/4798/4333 4916/4792/4335 4918/4793/4370 4920/4799/4371
f 4855/4708/4332 4919/4797/4333 4921/4800/4334 4858/4709/4329
f 4919/4798/4333 4920/4799/4371 4922/4801/4414 4921/4802/4334
f 4921/4803/4334 4922/4804/4414 4924/4805/4413 4923/4806/4415
f 4858/4712/4329 4921/4803/4334 4923/4806/4415 4860/4713/4343
f 4925/4807/4416 4923/4806/4415 4924/4805/4413 4926/4808/4412
f 4863/4717/4417 4860/4713/4343 4923/4806/4415 4925/4807/4416
f 4929/4720/4418 4863/4717/4417 4925/4807/4416 4927/4809/4419
f 4927/4809/4419 4925/4807/4416 4926/4808/4412 4928/4810/4543
f 4930/4811/4420 4927/4809/4419 4928/4810/4543 4932/4812/4407
f 4931/4813/4421 4929/4720/4418 4927/4809/4419 4930/4811/4420
f 4934/4814/4423 4931/4813/4421 4930/4811/4420 4933/4815/4422
f 4933/4815/4422 4930/4811/4420 4932/4812/4407 4935/4816/4405
f 4934/4814/4423 4933/4815/4422 4936/4817/4532 4939/4818/4533
f 4933/4815/4422 4935/4816/4405 4937/4819/4404 4936/4817/4532
f 4936/4817/4532 4937/4819/4404 5031/4820/4403 4938/4821/4531
f 4939/4818/4533 4936/4817/4532 4938/4821/4531 4940/4822/4530
f 4940/4822/4530 4942/4823/4535 4941/4824/4534 4939/4818/4533
f 4939/4818/4533 4941/4824/4534 4944/4825/4424 4934/4814/4423
f 4942/4823/4535 5057/4826/4438 4943/4827/4437 4941/4824/4534
f 4941/4824/4534 4943/4827/4437 4945/4828/4428 4944/4825/4424
f 4946/4829/101 4944/4825/4424 4945/4828/4428 4947/4830/4427
f 4931/4813/4421 4934/4814/4423 4944/4825/4424 4946/4829/101
f 4929/4720/4418 4931/4813/4421 4946/4829/101 4864/4721/4425
f 4864/4721/4425 4946/4829/101 4947/4830/4427 4866/4722/4426
f 4866/4722/4426 4947/4830/4427 4948/4831/4429 4868/4725/4430
f 4947/4830/4427 4945/4828/4428 4949/4832/4431 4948/4831/4429
f 4948/4831/4429 4949/4832/4431 4950/4833/4434 4881/4834/4432
f 4868/4725/4430 4948/4831/4429 4881/4834/4432 4878/4726/4433
f 4949/4832/4431 4951/4835/4435 4953/4836/4436 4950/4833/4434
f 4945/4828/4428 4943/4827/4437 4951/4835/4435 4949/4832/4431
f 4943/4827/4437 5057/4826/4438 4952/4837/4439 4951/4835/4435
f 4951/4835/4435 4952/4837/4439 4954/4838/4440 4953/4836/4436
f 4955/4839/4442 4953/4840/4436 4954/4841/4440 4956/4842/4443
f 4882/4749/4441 4950/4748/4434 4953/4840/4436 4955/4839/4442
f 4884/4750/4444 4882/4749/4441 4955/4839/4442 4957/4843/4445
f 4957/4843/4445 4955/4839/4442 4956/4842/4443 4958/4844/4446
f 4958/4844/4446 4960/4845/4448 4959/4846/4544 4957/4843/4445
f 4957/4843/4445 4959/4846/4544 4886/4751/4449 4884/4750/4444
f 4960/4845/4448 4963/4847/4452 4961/4848/4451 4959/4846/4544
f 4959/4846/4544 4961/4848/4451 4962/4754/4450 4886/4751/4449
f 4962/4754/4450 4961/4848/4451 4964/4849/4453 4967/4850/4454
f 4961/4848/4451 4963/4847/4452 4965/4851/4455 4964/4849/4453
f 4964/4849/4453 4965/4851/4455 5066/4852/4456 4966/4853/4457
f 4967/4850/4454 4964/4849/4453 4966/4853/4457 4968/4854/4545
f 4968/4854/4545 4970/4855/4459 4969/4856/4460 4967/4850/4454
f 4967/4850/4454 4969/4856/4460 4887/4755/4461 4962/4754/4450
f 4970/4855/4459 4971/4764/4462 4895/4763/4463 4969/4856/4460
f 4969/4856/4460 4895/4763/4463 4889/4756/4464 4887/4755/4461
f 4972/4857/4487 4974/4858/4486 4971/4859/4462 4970/4860/4459
f 4975/4861/4490 4972/4857/4487 4970/4860/4459 4968/4862/4545
f 4973/4863/4488 4989/4864/4485 4974/4858/4486 4972/4857/4487
f 4976/4865/4489 4973/4863/4488 4972/4857/4487 4975/4861/4490
f 4976/4865/4489 4975/4861/4490 4977/4866/4491 4979/4867/4492
f 4975/4861/4490 4968/4862/4545 4966/4868/4457 4977/4866/4491
f 4977/4866/4491 4966/4868/4457 5066/4869/4456 4978/4870/4493
f 4979/4867/4492 4977/4866/4491 4978/4870/4493 4980/4871/4494
f 4980/4871/4494 4982/4872/4496 4981/4873/4495 4979/4867/4492
f 4979/4867/4492 4981/4873/4495 4984/4874/4497 4976/4865/4489
f 4982/4872/4496 5044/4875/4500 4983/4876/4499 4981/4873/4495
f 4981/4873/4495 4983/4876/4499 4985/4877/4498 4984/4874/4497
f 4986/4878/58 4984/4874/4497 4985/4877/4498 4987/4879/4505
f 4973/4863/4488 4976/4865/4489 4984/4874/4497 4986/4878/58
f 4989/4864/4485 4973/4863/4488 4986/4878/58 4988/4880/4508
f 4988/4880/4508 4986/4878/58 4987/4879/4505 4990/4881/4507
f 4991/4882/4509 4992/4883/4484 4989/4864/4485 4988/4880/4508
f 4993/4884/4510 4991/4882/4509 4988/4880/4508 4990/4881/4507
f 4907/4778/4361 4903/4776/4363 4992/4883/4484 4991/4882/4509
f 4910/4782/4362 4907/4778/4361 4991/4882/4509 4993/4884/4510
f 4993/4884/4510 4994/4885/4511 4912/4785/4366 4910/4782/4362
f 4990/4881/4507 4995/4886/4506 4994/4885/4511 4993/4884/4510
f 4995/4886/4506 4997/4887/4381 4996/4888/4380 4994/4885/4511
f 4994/4885/4511 4996/4888/4380 4998/4786/4367 4912/4785/4366
f 5001/4889/4379 4999/4890/4378 4996/4891/4380 4997/4892/4381
f 4999/4890/4378 4913/4790/4368 4998/4893/4367 4996/4891/4380
f 5000/4894/4374 4915/4791/4369 4913/4790/4368 4999/4890/4378
f 5002/4895/4377 5000/4894/4374 4999/4890/4378 5001/4889/4379
f 5003/4896/4382 5001/4889/4379 4997/4892/4381 5005/4897/4383
f 5004/4898/4384 5002/4895/4377 5001/4889/4379 5003/4896/4382
f 5007/4899/4385 5004/4898/4384 5003/4896/4382 5006/4900/4386
f 5006/4900/4386 5003/4896/4382 5005/4897/4383 5008/4901/4546
f 5007/4899/4385 5006/4900/4386 5009/4902/4388 5012/4903/4389
f 5006/4900/4386 5008/4901/4546 5010/4904/4390 5009/4902/4388
f 5009/4902/4388 5010/4904/4390 5061/4905/4391 5011/4906/4392
f 5012/4903/4389 5009/4902/4388 5011/4906/4392 5013/4907/4547
f 5013/4907/4547 5015/4908/4395 5014/4909/4394 5012/4903/4389
f 5012/4903/4389 5014/4909/4394 5017/4910/4396 5007/4899/4385
f 5015/4908/4395 5032/4911/4399 5016/4912/4398 5014/4909/4394
f 5014/4909/4394 5016/4912/4398 5018/4913/4397 5017/4910/4396
f 5019/4914/20 5017/4910/4396 5018/4913/4397 5020/4915/4408
f 5004/4898/4384 5007/4899/4385 5017/4910/4396 5019/4914/20
f 5002/4895/4377 5004/4898/4384 5019/4914/20 5021/4916/4375
f 5021/4916/4375 5019/4914/20 5020/4915/4408 5022/4917/4376
f 5023/4918/4548 5000/4894/4374 5002/4895/4377 5021/4916/4375
f 5024/4919/4373 5023/4918/4548 5021/4916/4375 5022/4917/4376
f 4918/4793/4370 4915/4791/4369 5000/4894/4374 5023/4918/4548
f 4920/4799/4371 4918/4793/4370 5023/4918/4548 5024/4919/4373
f 5024/4919/4373 5025/4920/4411 4922/4801/4414 4920/4799/4371
f 5022/4917/4376 5026/4921/4409 5025/4920/4411 5024/4919/4373
f 5026/4921/4409 4928/4922/4543 4926/4923/4412 5025/4920/4411
f 5025/4920/4411 4926/4923/4412 4924/4924/4413 4922/4801/4414
f 5027/4925/4406 5026/4921/4409 5022/4917/4376 5020/4915/4408
f 4932/4926/4407 4928/4922/4543 5026/4921/4409 5027/4925/4406
f 4935/4927/4405 4932/4926/4407 5027/4925/4406 5028/4928/4401
f 5028/4928/4401 5027/4925/4406 5020/4915/4408 5018/4913/4397
f 5028/4928/4401 5029/4929/4400 4937/4930/4404 4935/4927/4405
f 5018/4913/4397 5016/4912/4398 5029/4929/4400 5028/4928/4401
f 5016/4912/4398 5032/4911/4399 5030/4931/4402 5029/4929/4400
f 5029/4929/4400 5030/4931/4402 5031/4932/4403 4937/4930/4404
f 5033/4933/4528 4938/4821/4531 5031/4820/4403 5030/4934/4402
f 5035/4935/4527 5033/4936/4528 5030/4931/4402 5032/4911/4399
f 5034/4937/4529 4940/4822/4530 4938/4821/4531 5033/4933/4528
f 5036/4938/4525 5034/4937/4529 5033/4933/4528 5035/4939/4527
f 5037/4940/4526 5035/4935/4527 5032/4911/4399 5015/4908/4395
f 5038/4941/4522 5036/4942/4525 5035/4943/4527 5037/4944/4526
f 5040/4945/4515 5038/4941/4522 5037/4944/4526 5039/4946/4514
f 5039/4947/4514 5037/4940/4526 5015/4908/4395 5013/4907/4547
f 5040/4945/4515 5039/4946/4514 5041/4948/4512 5043/4949/4513
f 5039/4947/4514 5013/4907/4547 5011/4906/4392 5041/4950/4512
f 5041/4948/4512 5011/4951/4392 5061/4952/4391 5042/4953/4549
f 5043/4949/4513 5041/4948/4512 5042/4953/4549 5044/4954/4500
f 5045/4955/4550 5043/4956/4513 5044/4875/4500 4982/4872/4496
f 5046/4957/4517 5040/4945/4515 5043/4949/4513 5045/4958/4550
f 5048/4959/4519 5046/4957/4517 5045/4958/4550 5047/4960/4518
f 5047/4961/4518 5045/4955/4550 4982/4872/4496 4980/4871/4494
f 5048/4959/4519 5047/4960/4518 5049/4962/4542 5050/4963/4541
f 5047/4961/4518 4980/4871/4494 4978/4870/4493 5049/4964/4542
f 5049/4964/4542 4978/4870/4493 5066/4869/4456 4965/4965/4455
f 5050/4966/4541 5049/4967/4542 4965/4851/4455 4963/4847/4452
f 5051/4968/4540 5050/4966/4541 4963/4847/4452 4960/4845/4448
f 5052/4969/4520 5048/4959/4519 5050/4963/4541 5051/4970/4540
f 5054/4971/4523 5052/4972/4520 5051/4968/4540 5053/4973/4539
f 5053/4973/4539 5051/4968/4540 4960/4845/4448 4958/4844/4446
f 5054/4974/4523 5053/4975/4539 5055/4976/4538 5056/4977/4537
f 5053/4973/4539 4958/4844/4446 4956/4842/4443 5055/4978/4538
f 5055/4976/4538 4956/4979/4443 4954/4838/4440 4952/4837/4439
f 5056/4977/4537 5055/4976/4538 4952/4837/4439 5057/4826/4438
f 5058/4980/4536 5056/4977/4537 5057/4826/4438 4942/4823/4535
f 5059/4981/4524 5054/4974/4523 5056/4977/4537 5058/4980/4536
f 5036/4938/4525 5059/4981/4524 5058/4980/4536 5034/4937/4529
f 5034/4937/4529 5058/4980/4536 4942/4823/4535 4940/4822/4530
f 5038/4941/4522 5060/4982/4521 5059/4983/4524 5036/4942/4525
f 5060/4982/4521 5052/4969/4520 5054/4984/4523 5059/4983/4524
f 5046/4957/4517 5048/4959/4519 5052/4969/4520 5060/4982/4521
f 5040/4945/4515 5046/4957/4517 5060/4982/4521 5038/4941/4522
f 4983/4876/4499 5044/4875/4500 5042/4985/4549 5062/4986/4501
f 5062/4986/4501 5042/4985/4549 5061/4987/4391 5010/4988/4390
f 4985/4877/4498 4983/4876/4499 5062/4986/4501 5063/4989/4502
f 5063/4989/4502 5062/4986/4501 5010/4988/4390 5008/4990/4546
f 5008/4990/4546 5005/4991/4383 5064/4992/4504 5063/4989/4502
f 5063/4989/4502 5064/4992/4504 4987/4879/4505 4985/4877/4498
f 5005/4991/4383 4997/4887/4381 4995/4886/4506 5064/4992/4504
f 5064/4992/4504 4995/4886/4506 4990/4881/4507 4987/4879/4505
f 4989/4864/4485 4992/4883/4484 5065/4993/4551 4974/4858/4486
f 4992/4883/4484 4903/4776/4363 4901/4772/4482 5065/4993/4551
f 5065/4993/4551 4901/4772/4482 4898/4771/4481 4896/4994/4480
f 4974/4858/4486 5065/4993/4551 4896/4994/4480 4971/4859/4462
f 4906/4995/4355 4909/4794/4360 4917/4710/4336 4856/4707/4337
f 4904/4996/4354 4906/4995/4355 4856/4707/4337 4853/4699/4340
f 4904/4996/4354 4853/4699/4340 5067/4702/4351 4900/4997/4353
f 4900/4767/4353 5067/4998/4351 4891/4759/4350 4893/4760/4352
f 5067/4998/4351 4851/4734/4345 4874/4737/4349 4891/4759/4350
usemtl Material.002
f 4496/4262/4192 4495/4263/4193 4497/4264/4194 4631/4265/4195
f 4495/4263/4193 4496/4262/4192 4500/4266/4196 4498/4267/4197
f 4498/4267/4197 4500/4266/4196 4502/4268/4198 4499/4269/4199
f 4496/4262/4192 4556/4270/4200 4501/4271/4201 4500/4266/4196
f 4500/4266/4196 4501/4271/4201 4503/4272/4202 4502/4268/4198
f 4499/4269/4199 4502/4268/4198 4504/4273/4203 4507/4274/4204
f 4502/4268/4198 4503/4272/4202 4505/4275/4205 4504/4273/4203
f 4504/4273/4203 4505/4275/4205 4519/4276/4206 4506/4277/4207
f 4507/4274/4204 4504/4273/4203 4506/4277/4207 4508/4278/4208
f 4508/4278/4208 4506/4277/4207 4511/4279/4209 4509/4280/4210
f 4509/4280/4210 4511/4279/4209 4513/4281/4211 4510/4282/4212
f 4506/4277/4207 4519/4276/4206 4512/4283/4213 4511/4279/4209
f 4511/4279/4209 4512/4283/4213 4514/4284/4214 4513/4281/4211
f 4514/4284/4214 4512/4283/4213 4517/4285/4215 4515/4286/4216
f 4516/4287/4217 4515/4286/4216 4517/4285/4215 4518/4288/4218
f 4519/4276/4206 4518/4288/4218 4517/4285/4215 4512/4283/4213
f 4518/4288/4218 4519/4276/4206 4521/4289/4219 4520/4290/4220
f 4516/4287/4217 4518/4288/4218 4520/4290/4220 4523/4291/4221
f 4520/4290/4220 4521/4289/4219 4529/4292/4222 4522/4293/4223
f 4523/4291/4221 4520/4290/4220 4522/4293/4223 4524/4294/4224
f 4524/4294/4224 4522/4293/4223 4527/4295/4225 4525/4296/4226
f 4526/4297/4227 4525/4296/4226 4527/4295/4225 4528/4298/4228
f 4529/4292/4222 4528/4298/4228 4527/4295/4225 4522/4293/4223
f 4529/4292/4222 4532/4299/4229 4530/4300/4230 4528/4298/4228
f 4526/4297/4227 4528/4298/4228 4530/4300/4230 4531/4301/4231
f 4533/4302/4232 4531/4301/4231 4530/4300/4230 4532/4299/4229
f 4532/4299/4229 4534/4303/4233 4537/4304/4234 4533/4302/4232
f 4529/4292/4222 4535/4305/4235 4534/4303/4233 4532/4299/4229
f 4535/4305/4235 4543/4306/4236 4536/4307/4237 4534/4303/4233
f 4534/4303/4233 4536/4307/4237 4538/4308/4238 4537/4304/4234
f 4537/4304/4234 4538/4308/4238 4540/4309/4239 4539/4310/4240
f 4533/4302/4232 4537/4304/4234 4539/4310/4240 4531/4301/4231
f 4539/4310/4240 4540/4309/4239 4542/4311/4241 4541/4312/4242
f 4531/4301/4231 4539/4310/4240 4541/4312/4242 4526/4297/4227
f 4546/4313/4243 4544/4314/4244 4543/4306/4236 4535/4305/4235
f 4547/4315/4245 4545/4316/4246 4544/4314/4244 4546/4313/4243
f 4549/4317/4247 4547/4315/4245 4546/4313/4243 4548/4318/4248
f 4548/4318/4248 4546/4313/4243 4535/4305/4235 4529/4292/4222
f 4551/4319/4249 4549/4317/4247 4548/4318/4248 4550/4320/4250
f 4550/4320/4250 4548/4318/4248 4529/4292/4222 4521/4289/4219
f 4503/4272/4202 4551/4319/4249 4550/4320/4250 4505/4275/4205
f 4505/4275/4205 4550/4320/4250 4521/4289/4219 4519/4276/4206
f 4552/4321/4251 4551/4319/4249 4503/4272/4202 4501/4271/4201
f 4553/4322/4252 4549/4317/4247 4551/4319/4249 4552/4321/4251
f 4555/4323/4253 4553/4322/4252 4552/4321/4251 4554/4324/4254
f 4554/4324/4254 4552/4321/4251 4501/4271/4201 4556/4270/4200
f 4555/4323/4253 4554/4324/4254 4557/4325/4255 4560/4326/4256
f 4554/4324/4254 4556/4270/4200 4558/4327/4257 4557/4325/4255
f 4557/4325/4255 4558/4327/4257 4629/4328/4258 4559/4329/4259
f 4560/4326/4256 4557/4325/4255 4559/4329/4259 4561/4330/4260
f 4563/4331/4261 4555/4323/4253 4560/4326/4256 4562/4332/4262
f 4562/4332/4262 4560/4326/4256 4561/4330/4260 4564/4333/4263
f 4567/4334/4264 4563/4331/4261 4562/4332/4262 4565/4335/4265
f 4565/4335/4265 4562/4332/4262 4564/4333/4263 4566/4336/4266
f 4563/4331/4261 4567/4334/4264 4568/4337/4267 4570/4338/4268
f 4570/4338/4268 4568/4337/4267 4569/4339/4269 4571/4340/4270
f 4555/4323/4253 4563/4331/4261 4570/4338/4268 4572/4341/4271
f 4572/4341/4271 4570/4338/4268 4571/4340/4270 4573/4342/4272
f 4574/4343/4273 4572/4341/4271 4573/4342/4272 4576/4344/4274
f 4575/4345/4275 4555/4323/4253 4572/4341/4271 4574/4343/4273
f 4579/4346/4276 4575/4345/4275 4574/4343/4273 4577/4347/4277
f 4577/4347/4277 4574/4343/4273 4576/4344/4274 4578/4348/4278
f 4580/4349/4279 4577/4347/4277 4578/4348/4278 4582/4350/4280
f 4581/4351/4281 4579/4346/4276 4577/4347/4277 4580/4349/4279
f 4584/4352/4282 4581/4351/4281 4580/4349/4279 4583/4353/4283
f 4583/4353/4283 4580/4349/4279 4582/4350/4280 4585/4354/4284
f 4585/4354/4284 4582/4350/4280 4588/4355/4285 4586/4356/4286
f 4586/4356/4286 4588/4355/4285 4590/4357/4287 4587/4358/4288
f 4582/4350/4280 4578/4348/4278 4589/4359/4289 4588/4355/4285
f 4588/4355/4285 4589/4359/4289 4591/4360/4290 4590/4357/4287
f 4590/4357/4287 4591/4360/4290 4593/4361/4291 4592/4362/4292
f 4587/4358/4288 4590/4357/4287 4592/4362/4292 4595/4363/4293
f 4592/4362/4292 4593/4361/4291 4600/4364/4294 4594/4365/4295
f 4595/4363/4293 4592/4362/4292 4594/4365/4295 4596/4366/4296
f 4598/4367/4297 4597/4368/4298 4596/4366/4296 4594/4365/4295
f 4571/4340/4270 4569/4339/4269 4597/4368/4298 4598/4367/4297
f 4573/4342/4272 4571/4340/4270 4598/4367/4297 4599/4369/4299
f 4599/4369/4299 4598/4367/4297 4594/4365/4295 4600/4364/4294
f 4576/4344/4274 4573/4342/4272 4599/4369/4299 4601/4370/4300
f 4601/4370/4300 4599/4369/4299 4600/4364/4294 4593/4361/4291
f 4578/4348/4278 4576/4344/4274 4601/4370/4300 4589/4359/4289
f 4589/4359/4289 4601/4370/4300 4593/4361/4291 4591/4360/4290
f 4602/4371/4301 4604/4372/4302 4581/4351/4281 4584/4352/4282
f 4603/4373/4303 4605/4374/4304 4604/4372/4302 4602/4371/4301
f 4605/4374/4304 4607/4375/4305 4606/4376/4306 4604/4372/4302
f 4604/4372/4302 4606/4376/4306 4579/4346/4276 4581/4351/4281
f 4606/4376/4306 4607/4375/4305 4609/4377/4307 4608/4378/4308
f 4579/4346/4276 4606/4376/4306 4608/4378/4308 4575/4345/4275
f 4608/4378/4308 4609/4377/4307 4549/4317/4247 4553/4322/4252
f 4575/4345/4275 4608/4378/4308 4553/4322/4252 4555/4323/4253
f 4609/4377/4307 4610/4379/4309 4547/4315/4245 4549/4317/4247
f 4607/4375/4305 4605/4374/4304 4610/4379/4309 4609/4377/4307
f 4605/4374/4304 4603/4373/4303 4611/4380/4310 4610/4379/4309
f 4610/4379/4309 4611/4380/4310 4545/4316/4246 4547/4315/4245
f 4566/4336/4266 4564/4333/4263 4614/4381/4311 4612/4382/4312
f 4612/4382/4312 4614/4381/4311 4616/4383/4313 4613/4384/4314
f 4564/4333/4263 4561/4330/4260 4615/4385/4315 4614/4381/4311
f 4614/4381/4311 4615/4385/4315 4617/4386/4316 4616/4383/4313
f 4616/4383/4313 4617/4386/4316 4619/4387/4317 4618/4388/4318
f 4613/4384/4314 4616/4383/4313 4618/4388/4318 4621/4389/4319
f 4618/4388/4318 4619/4387/4317 4628/4390/4320 4620/4391/4321
f 4621/4389/4319 4618/4388/4318 4620/4391/4321 4622/4392/4322
f 4625/4393/4323 4623/4394/4324 4622/4392/4322 4620/4391/4321
f 4626/4395/4325 4624/4396/4326 4623/4394/4324 4625/4393/4323
f 4629/4328/4258 4626/4395/4325 4625/4393/4323 4627/4397/4327
f 4627/4397/4327 4625/4393/4323 4620/4391/4321 4628/4390/4320
f 4630/4398/4328 4627/4397/4327 4628/4390/4320 4619/4387/4317
f 4559/4329/4259 4629/4328/4258 4627/4397/4327 4630/4398/4328
f 4561/4330/4260 4559/4329/4259 4630/4398/4328 4615/4385/4315
f 4615/4385/4315 4630/4398/4328 4619/4387/4317 4617/4386/4316
f 4558/4327/4257 4631/4265/4195 4626/4395/4325 4629/4328/4258
f 4631/4265/4195 4497/4264/4194 4624/4396/4326 4626/4395/4325
f 4556/4270/4200 4496/4262/4192 4631/4265/4195 4558/4327/4257
